1.0 4952.433379518397 0.3316206506971938 0.021775834760430848 0.6917833386178499
1.0 4896.5516790955735 0.3119575268415532 0.023203218602752138 0.7166759628295978
1.0 4862.072092360611 0.32902696253260244 0.022845559283770807 0.6363541591997091
1.0 4833.295881996067 0.260085678477121 0.02119657251440627 0.6733917607552331
0.9999428395342839 4823.5238512479655 0.25940771434160104 0.023538314630100837 0.6917324421751588
1.0 4782.200198409534 0.31494773324238806 0.022224394116183117 0.6410219393526095
1.0 4746.4047011696475 0.28588355964382484 0.021308085856320012 0.6544641418704865
1.0 4707.851379102821 0.4837645049551224 0.023288721004176668 0.6163198041918933
0.9999999492438305 4691.052646668204 0.29544804404083647 0.02356617128131865 0.6644340067410271
0.9996646211846253 4683.050569960781 0.2924507000088684 0.023372916058709614 0.6651743611677434
0.9999784664095596 4672.3015494241145 0.27555314859284885 0.023524315436837136 0.747392381798522
0.9817193649702974 4668.334294823364 0.46703366500126026 0.022733878421871533 0.6207556986928285
0.9976692142241312 4662.237631205003 0.31323065175115994 0.02393833758632438 0.7201315303139592
1.0 4631.927047722954 0.23078696275337562 0.023659761501240377 0.7904595172280537
0.9999997120849416 4616.863951805335 0.2616155242098619 0.02241077522930918 0.6820360780135871
0.8841884696499629 4614.968762180459 0.4835591776144967 0.021135153086289316 0.6025685173595069
0.9999999998708518 4591.931806796478 0.3025835746980291 0.023161547363493403 0.6567669129533847
1.0 4504.240991866428 0.21454182830115642 0.023308562505618205 0.7340315459440343
1.0 4452.674137886347 0.2174638192591263 0.021172423888416586 0.7804256770651171
0.7859156875344663 4451.688233588494 0.2664313663970633 0.021310352134788345 0.735546344800513
0.9717401348988719 4447.606856193676 0.24944819007850477 0.022255952089940575 0.691883642001013
0.7199792958616684 4447.077794205971 0.3702138278863411 0.0222708525553181 0.6101630847323875
0.999999999992724 4420.612121393792 0.4063158703825168 0.021466918605818168 0.6421370148045962
1.0 4323.018091948661 0.20827345374133677 0.021112013505933065 0.7890002524880717
0.8946574091082014 4321.0013148627295 0.45751121705220427 0.0226710850412946 0.6237009691024455
0.999999999998181 4293.715220624874 0.3511471161116655 0.023993568723217725 0.6334003821941201
1.0 4244.1705361850345 0.4418588277039374 0.021375683912526193 0.6224682897102026
0.9999826775810698 4233.204564914201 0.3311849935473403 0.021197544842069597 0.6846761033919788
0.9917356670148623 4228.422872720185 0.3471612670982188 0.02387227482842221 0.6938948431181975
0.9997978814113678 4219.897474822308 0.45113029059514 0.02225414794087398 0.6237981317925098
1.0 4188.000964754352 0.4979764724566171 0.02273808799386847 0.6048355997432208
1.0 4144.244375800064 0.22032137073075747 0.022695300196265974 0.7244698989086626
0.9999999989513526 4123.565859721657 0.3910410520812082 0.023684702414561998 0.6105789337558643
0.9919703132273454 4118.754922452387 0.2143395117089238 0.022221767108426216 0.7272205879677054
0.9999992605074118 4104.6189558615415 0.41669465678793793 0.023328812651073227 0.647950689120964
0.9999996634379043 4089.7119748751293 0.25852516506531253 0.023518370879500167 0.7600039004844434
1.0 4053.1794234701765 0.2545105333470915 0.02231392040894394 0.7534267892321448
0.9999954322615578 4040.8804434167737 0.2057580221227536 0.023366762359773214 0.7462737664023881
0.9999999327505997 4024.3630767158647 0.28494680851436477 0.02353013993772971 0.6742093426734201
1.0 3991.2256000019197 0.3156764893179006 0.022559959358558875 0.7055738318395726
0.9999976758199134 3978.2509645422915 0.27875497432182933 0.02387768562457815 0.7444723114001142
0.999999993050551 3959.46383179665 0.33139407361808915 0.022560181984457438 0.6358563805414831
1.0 3924.2291178432074 0.26602179660979186 0.02312727226390117 0.6863842199999204
0.9999999999790816 3899.6346754006368 0.3641726839112611 0.021404905661166408 0.6639466622963005
0.9421853608012499 3896.90438118074 0.2679805261662239 0.023220030754337945 0.7483439301519546
0.9999999999222382 3873.504066347462 0.2637782608236969 0.022397057307103896 0.6828877104909824
1.0 3829.182284967834 0.3248226986370751 0.02225752845135075 0.6960473382419392
0.9999370351848809 3819.5069793929056 0.3843068241193581 0.021659818537780477 0.6536505423881208
1.0 3742.257741937905 0.4086762805606492 0.022353825994571783 0.6446134655132838
0.9963437549830031 3736.6512566202678 0.33393207222149424 0.023633515050821594 0.6993580762460853
0.9999996776346571 3721.693850185379 0.3466915072352508 0.02251449932218999 0.6272994732755803
0.9999999999740794 3697.32300258354 0.26855030196580143 0.023879545776891407 0.6909626594703466
0.9999999999931788 3671.619173584421 0.2972406599056381 0.02147317192531785 0.6513549883555197
0.9999950990192746 3659.390611263432 0.2100249868898613 0.021093009776973648 0.7835808078232656
1.0 3618.5768209903017 0.3902861837320437 0.0227812409939971 0.6063427094606975
0.9995553704574731 3610.856943543938 0.2260040939806453 0.021111714544747296 0.7086053929337316
0.9999999640740505 3593.71175144906 0.3064483112534147 0.021951022301199684 0.6487961237155337
0.7048896717364806 3593.3791905764606 0.23304494694305478 0.02330749577314603 0.7187018763672595
0.9744219005014668 3588.857050884236 0.5171280353701468 0.023912611824187063 0.6001471945820709
1.0 3519.4360099523105 0.2789504368759497 0.0239296982567206 0.7426622941282237
0.9999971605056385 3506.66163414112 0.3286227754974911 0.021830642548349113 0.6887092895218739
0.9999999999736247 3482.297904368036 0.3943540020298306 0.022385584059641802 0.6517739149825019
0.9999429447677247 3472.5240306868086 0.46489959103208406 0.022813898040183255 0.6176909705913183
0.7439636281049782 3471.8752057089387 0.2183858538887563 0.02205003678992246 0.7243836249471789
0.9698010149367764 3467.702497524148 0.27262709578575584 0.023224377468375263 0.7424469405310643
0.9999999567371569 3450.6980674452298 0.3772543342816217 0.02146757948127304 0.6548281953176863
0.9995035254128537 3443.088584424148 0.3805352147053056 0.022294005871779304 0.608438092237831
0.993456564745861 3438.068952523028 0.28191388392328404 0.023193971933827537 0.6762352495946082
0.999878519751884 3429.0377877050146 0.29709033036574933 0.02241247078161419 0.6592874920626289
0.9980777374943959 3422.784643980859 0.38040974828025403 0.02127097992618263 0.6513571257405476
0.998214699077994 3416.453697810455 0.2396329226786947 0.0224342724650904 0.7063336350394209
0.9999999996916813 3394.5474223751708 0.3669581393395639 0.023318594685032185 0.6740305891229665
0.999988742857265 3383.150440261693 0.20781878715387214 0.022242393276098147 0.796227296853774
0.8020243662989849 3382.0315856405323 0.26981686949396244 0.02297689563293364 0.6843129985680392
0.9999999999940883 3355.6702712543934 0.2927864159423519 0.02369659793132909 0.7288367036255848
0.9999999999995453 3326.650720747335 0.2665187322151454 0.021586112756313093 0.733100840843765
0.9942736902235779 3321.4970441538176 0.359781148133706 0.02302944959558746 0.6251116447192648
0.9999999999090505 3298.362211328445 0.30532844003443055 0.02138853304494842 0.7006363710212622
0.9987971688357393 3291.639042804301 0.23634277754700028 0.021714841983302653 0.7044915110295453
1.0 3261.095882836427 0.3333629682355371 0.02399734608496693 0.6478015222671675
0.9999999937563189 3242.2016757264428 0.336100129700851 0.021529103759591713 0.6801059989589303
1.0 3210.4533433447123 0.3040581516391811 0.0220809245952188 0.6528662397562182
0.9961561339668548 3204.897277600179 0.26694147419600955 0.022337838516913327 0.6825552614304605
0.9999999999522515 3181.125495831274 0.23862400013324458 0.022012607588637965 0.7614071942139554
0.9974424191009715 3175.159427400598 0.379611019903872 0.022669722852834265 0.6125800738393299
0.9999981166938141 3161.9693307418734 0.28633294743576615 0.022633456689977943 0.6698219599091405
0.8581248715271945 3160.3472539083405 0.4034350678821951 0.021896996610340967 0.6419340743954319
1.0 3127.2668540787786 0.4004953098295431 0.021308588128174863 0.6391037510236753
0.9999999787769414 3109.5961888652455 0.41682427051320575 0.023989965094146457 0.6475863551712937
0.999984646625847 3098.5095473279334 0.3902801962351533 0.023522162455588785 0.613621713045131
0.999872636168808 3089.5388114636307 0.26732858490161937 0.021395659680175493 0.7295372020808037
0.9999999511692307 3072.7011529803367 0.2843942645239763 0.022386329145137076 0.7241004638210706
0.998058792969763 3066.458095793953 0.28418603906782114 0.022329280276778916 0.6695616225206202
0.9651415679497118 3063.167281528841 0.37766017018507625 0.02313815798291888 0.6648258579956796
0.9934841488561523 3058.071882625847 0.44722661668474406 0.021537610223806798 0.6163048821900339
0.9592104721177089 3054.941844808988 0.2881075595371141 0.023367018034718856 0.7287600981247573
0.9357186847692462 3052.241917896514 0.3707335623475756 0.02348325380342615 0.6712452764546194
0.9999999959022716 3032.795147427064 0.26172225061132726 0.021763764582535077 0.7374051651112549
0.998777313381106 3026.0883911557735 0.26266838267697373 0.023288297504813815 0.6941161546897667
0.9910819687249117 3021.3817211771225 0.26899733744465626 0.023153169972116413 0.7428890119748814
1.0 2977.8696671907 0.45888357419903336 0.02399667905218487 0.6249138292841637
0.9204502896980842 2975.508843103778 0.3707529776616295 0.02352142634011956 0.671126230574441
0.995042324025665 2970.035641051844 0.3844459570447465 0.023719435862416063 0.6639863584047585
0.9785518470124828 2966.225452326233 0.20858478423720914 0.021032133183292168 0.7805674265883266
1.0 2873.3985172156245 0.4597306849769845 0.021250526564676697 0.607500657262792
0.9837631480618215 2869.3085193521706 0.40369030276088214 0.022456448990249157 0.6004888079925438
0.6670266198415203 2869.2356699513207 0.23082422822202225 0.02329226919443178 0.7241351635003447
0.9282769591783243 2865.6373456426036 0.36723854217951774 0.022246963280029012 0.6172778117728108
0.9999770708900863 2854.8503622450708 0.3800346511617082 0.023181771058028662 0.6627318737266875
0.9939447545045422 2849.753160278989 0.2723723714553015 0.022867917264445654 0.7368659165601893
0.7547987824427375 2848.9999716245993 0.2828411621569835 0.022705167237984263 0.7268759392540342
0.9923894063779835 2843.4636805090713 0.2287904244431059 0.02104647104312376 0.7089861443365209
0.9989663293948969 2836.5770264478906 0.2772476888337347 0.02264500450867145 0.7309086151458535
0.9692509760314081 2833.153899087269 0.49834468645911983 0.023737725319018233 0.6040453097826038
0.9999998260641556 2817.5235004072947 0.3404780102455589 0.02220016629222131 0.632168307528165
0.999999997519808 2797.7060865111716 0.30477994097095307 0.021106059962357416 0.6470196082960511
0.9999977232458602 2784.710834400795 0.20668369439271142 0.023093868154353672 0.7491384651848101
0.9967762431530149 2778.977585378413 0.2410691988666422 0.02304266062517273 0.712633811540258
0.9999997686045657 2763.689490529762 0.42301215230505357 0.023134529697592564 0.6376643526888438
0.889396303340287 2761.7348477550604 0.3050562014184301 0.022851188322154967 0.6597436310099315
0.6192992684558496 2761.645672982959 0.40976263673680746 0.02360850416921835 0.6477001434928238
0.9952710128706788 2755.1666861228555 0.4587659499799804 0.023480204417191255 0.6211848403663418
0.9623827479945095 2751.955482266983 0.20097892758741284 0.022279929809145466 0.7496462577875247
0.9999997181840115 2736.7931142323514 0.25386464385141827 0.02387792927809504 0.7076596822239347
0.994484468589175 2731.601507982131 0.42627004938883317 0.021800005770466705 0.6271882555962325
0.9999999996180122 2709.9027445221996 0.3060240702603639 0.023108183848939017 0.7111966435924756
1.0 2678.763619038382 0.2553953711260032 0.02107043094397809 0.6851828289523988
1.0 2646.8295642653507 0.4038668544964193 0.023700826093298343 0.6102968588647001
0.9999999639371715 2629.6890702315604 0.36982277659996776 0.02131712923395444 0.6544611668978144
0.9983666143179674 2623.27274099861 0.3740706993905518 0.022410003315258963 0.6158539216316857
0.84226430525025 2621.7978427504063 0.44894741187529047 0.02300925691227963 0.6227923898835641
1.0 2590.514970608724 0.44385222036329747 0.022485623615744917 0.6220559029836793
0.7634498172251721 2589.7105050766854 0.41853290574134355 0.02317717714691994 0.6000048679861295
1.0 2559.855052841522 0.43120445045947625 0.02115172553955536 0.6192632149998889
0.9964365752727216 2554.222666183487 0.3972313890866892 0.02177573223699565 0.641772270517617
0.9999999936117092 2535.3442268174217 0.20770535040573043 0.02199054345851135 0.7406632081566491
0.7869391345997843 2534.3499650791537 0.23486806007526073 0.022504874621385108 0.7660357914458956
0.9999935618791707 2521.8397919113904 0.22220282506942024 0.022099136526519098 0.7255062868036928
0.8092571448228846 2520.6601189552507 0.25359478600069707 0.02377060877325233 0.7588489121341653
0.8659268699557076 2518.4130282172064 0.210247223573224 0.023750968236207967 0.7518107775114838
0.9999999361834873 2501.5988397248584 0.4568666298409251 0.023315704812434147 0.6199383547302063
0.6921275734854068 2501.3727253024053 0.22552960919972792 0.02142025688314133 0.7169630743611001
0.9999999999995453 2471.9466127981023 0.2921567259758368 0.023759387241795174 0.677111687176354
0.9999999988899617 2451.325340115059 0.20895137480683526 0.02205911162091049 0.7876577657478716
0.9997581564320848 2442.9961069786555 0.25823937189639923 0.021892847756261314 0.7385089913253933
0.9999999999995453 2414.206932241513 0.31502121148944073 0.021132607872868494 0.6421021975077885
0.9131534424266433 2411.951349915371 0.2626046563614407 0.02340935449255431 0.7473117334706963
0.9348520893794339 2409.153769661281 0.3797229307465395 0.02345341790438755 0.6214493383221068
0.9999999997939995 2386.7208095035667 0.33938133951289673 0.021327138046704438 0.6723222093820113
0.98892932086654 2382.237219362926 0.21525813129615146 0.02119603518093901 0.7717242466543281
0.9244534546064516 2379.7909773876154 0.20577404980866273 0.02264843125067636 0.796392089344705
0.9990540179692879 2372.665320687193 0.38946596754824014 0.022220674867570227 0.6078182520916116
0.9999999972596925 2352.945905470522 0.43231037087551755 0.022163622860438693 0.6246881285558171
0.9925229621558438 2348.0625380956194 0.2896895656872435 0.022869330453384986 0.7201257686024923
0.9970270187078913 2342.232714797827 0.2690418035004646 0.023492294775913455 0.6936431285660747
0.9999999999990905 2314.3135958554794 0.3712054580175139 0.022882750738677075 0.6634807747489033
0.8983902682197656 2312.2513410444435 0.22863170463293073 0.0232587080443833 0.7774996772664365
0.9999999919168658 2293.388477102838 0.31661520847567315 0.022340749459100695 0.6503554819124344
0.986819851342234 2289.08361693838 0.2280262426223355 0.021946410951359397 0.7195880886480368
0.9999999999677129 2264.8971840836375 0.37672058283881604 0.022282703696618195 0.6557752105466684
0.9997040489215463 2256.7699621490897 0.4459219876053133 0.023634615691943677 0.6258245984707913
0.975209573015426 2253.120347981651 0.2185540093738778 0.021933454218917882 0.7297084619397167
0.9911330712782948 2248.359077365711 0.31371503753024604 0.02338298393400203 0.660243080698738
0.9990136073190172 2241.4196548766527 0.26633029332936364 0.02283662208916071 0.7385232221224954
0.9497091173162209 2238.531030054933 0.2895685948436039 0.02256388921984599 0.7172135654218282
0.9999999500564639 2221.6103991832265 0.29629216315473467 0.022742222731362397 0.7133024479316752
0.9979972481776891 2215.398677607695 0.36620549425878257 0.023593403656833264 0.6305334711426301
0.9999828987563699 2204.415846914857 0.21478634803929994 0.023090396231425146 0.7896200368561023
0.6962130958055399 2204.1553390529266 0.3204672856224811 0.023893147271383943 0.6599073146889355
0.9999954273807768 2190.9239722374764 0.35739727200572435 0.021691261379832693 0.6627718939308808
0.8156959111409772 2189.6893998963346 0.43147820962715666 0.022478770106944785 0.6262848813369727
0.9817309388173329 2185.255493755778 0.2881111789390429 0.022779318751269668 0.7197826182068122
0.9992187420421271 2178.069694075359 0.3771285386637302 0.02185880136223237 0.6520304739791742
0.999999800268617 2162.639366226783 0.30729986027994316 0.021589627782605873 0.6953822094781943
0.8170667948509717 2161.393011142411 0.2363033952924187 0.023968095261092698 0.7747300994429328
0.9545745912212793 2157.9211296855638 0.21255354541291036 0.022053682495315134 0.7818241679319479
0.9976904269408123 2151.775317122291 0.4081129765489259 0.023794756527585205 0.6114335660053123
0.9002708650963296 2149.684674707807 0.22171877148561 0.023224636338303718 0.736981704826698
0.9686333826367943 2146.0566534341497 0.2581135978459562 0.022148788897281477 0.6936047301472367
0.9897306273139809 2141.4376126473326 0.4520289119645118 0.02266181229172737 0.6166910136674519
0.7341694126088093 2140.8360241280325 0.27269644815512567 0.02200242814761654 0.7255357057599401
1.0 2105.749069833157 0.23568149740851527 0.023658174737618883 0.7262969187122763
0.9999331897379357 2096.133052552439 0.37845621533691687 0.02254104710462343 0.616951261304577
0.9979547218776906 2089.9422942624087 0.4395175381224895 0.02233905763526511 0.6207345802889622
0.9999992072278887 2075.887975620714 0.367696020254897 0.021147915052085742 0.6128201495560021
0.9999997456284614 2060.701008089619 0.32815191682008893 0.02368001519485347 0.6541043174674646
0.9999889090510128 2049.2891516550358 0.2931377714357124 0.021504526345620906 0.6616296545134561
0.9430212739473607 2046.5423838448924 0.20348586818848416 0.022128873034375766 0.7498929662949897
0.6825878556378494 2046.182799574664 0.4628397729382664 0.022387124115526975 0.6092179795148857
0.8246427750340598 2043.8100099885396 0.23970314468084908 0.021768333471803247 0.7516150537911754
0.7257604988052873 2042.8868870440563 0.25609793391058594 0.022249395666862928 0.7412504340720389
0.9998726535434007 2033.2609241837386 0.30639571062133875 0.02158592067519221 0.6529739651118085
0.9085437469754084 2031.0680478603667 0.20711393082273374 0.022581985782629425 0.791854544819721
0.9716700051454811 2027.352805243224 0.29264625737937694 0.023141572353857196 0.6742582472443168
0.9999635452428405 2017.0781438783943 0.439472632016656 0.02341385814050934 0.626594963888106
0.9999999038805119 2000.9179017591555 0.3613361960169583 0.023943427466742172 0.636940051326286
0.9139816379597595 1998.6507376044476 0.21064733186350462 0.023503918483208357 0.752564773891109
0.9994125915207934 1991.0209964588669 0.48130740368990205 0.02253948104026307 0.6009819306336537
0.9988784692831795 1984.2266070886867 0.21084590627925723 0.022909237776025923 0.7906157380775587
0.999999999236934 1963.228133336356 0.2956639204531599 0.0227222530969207 0.6692326092557409
0.7689901326848194 1962.3792047459176 0.36241913641407203 0.021369851057944575 0.6177563203642863
0.9999999033145788 1945.6060418089073 0.32563068668900963 0.023705857552156036 0.696986287519386
0.9959858770161136 1940.093658943735 0.37152164330073345 0.023766045742820176 0.6668111115924552
0.9898443294508872 1935.5138001510645 0.21286548143226788 0.023830253319365478 0.7530846155946788
0.9998469210309728 1926.706637678506 0.2585510914848631 0.023187996862424936 0.7023928627161726
0.9999628461320365 1916.5034695954346 0.4428438339052315 0.021286615400551608 0.6110900748573164
0.9999953978887275 1904.211912313634 0.38887475441176367 0.022982339036293327 0.6158973555326753
0.993446092132602 1899.194890314311 0.24588255085818844 0.023636116197403998 0.7612280862149279
0.9999997626437389 1883.9255119929796 0.337399527214161 0.02176712270105628 0.6745070921701151
0.7526604052838911 1883.2073633056189 0.47381723860879627 0.02351308382859915 0.6088659339383757
0.7838772535114089 1881.3849470929058 0.24605954405242553 0.02378197870283065 0.7620853153183754
0.99537915671974 1875.6197023255522 0.4668978049957393 0.02206541163866925 0.6043074831067896
0.7304237376255489 1875.0672761970752 0.24136425040364184 0.02355908720714461 0.7647273131606098
0.9974175343112917 1868.3408165505236 0.35738012688487186 0.02235226766169827 0.6659762578902357
1.0 1836.8270794775772 0.23582077571374024 0.02283526022536383 0.7636925394857828
0.9764355735379694 1833.1247794633625 0.36622231953044315 0.023741628477167643 0.6336583928232628
0.986310169886649 1828.8100323517328 0.4630961842479902 0.02243104747263292 0.6080369289575112
0.995131748020151 1823.465090405303 0.22241201253628642 0.02112146751952087 0.7598566560464891
0.9986708736433386 1816.8323647943448 0.35999447747020796 0.02157677755302264 0.6582485234241238
0.999567329675727 1809.0825511983285 0.4641592923684823 0.02373812845826287 0.6141702921028387
0.999988365317148 1797.717694039202 0.45300728250818484 0.022262709226304335 0.6117861889372675
1.0 1765.7719401126217 0.24980548963399257 0.022285018893051955 0.7453833991857932
0.8299537927815565 1764.4127712446145 0.23145304473433767 0.021506543998392583 0.7548194953620045
0.9994865438145505 1756.4217674477854 0.28935937026064756 0.02232611443911977 0.672021381943827
0.9999986063024315 1742.9348710343909 0.2719294633747076 0.021118242780168 0.7156571958541558
0.999999920689564 1726.5824754273642 0.22435388256720978 0.02343747853930863 0.738581307412261
0.9994864186282608 1719.006902720902 0.34100056769215825 0.023719624543249405 0.6484131558361993
0.9999893754377878 1707.5510585889813 0.21993192438566717 0.022745046171602945 0.7380299026484489
0.9999999992987796 1686.470304747487 0.24122054512024887 0.0229645571251719 0.7586520651958784
0.9999431451295914 1676.692912769046 0.39569603245005874 0.023504274002366415 0.6491119743040948
0.9999999474323444 1659.9291390697479 0.3711145724657712 0.02388450886083987 0.6331636860310579
0.9945932707189211 1654.717389864413 0.2711918945158863 0.023143582807613295 0.6929829842802999
0.8615998411377308 1653.0479624097522 0.33390133646235853 0.021549567125078523 0.6737215447912586
0.9999999948843197 1633.63296687203 0.2628898876613631 0.023080301853064 0.6995639985512971
0.9999915170313316 1621.9530368488795 0.2590593354524534 0.021414023462592077 0.7282821733895193
0.8094988825657691 1620.7713070436455 0.33885421578851305 0.021645906810477688 0.6349064356245261
0.9999413052217053 1610.546864103872 0.20139662101817318 0.02166373799934853 0.7849907194986286
0.9888740340131584 1606.0682724174299 0.2318010751716197 0.021344298199362254 0.7516326500416015
0.9999992511216609 1591.9386139826079 0.3860928993049215 0.021020036439523083 0.6050602856502363
0.9951934356581008 1586.6079904222154 0.21157879431734902 0.022127451001494405 0.743673297549664
0.9938991557022142 1581.5087201012939 0.34555062726581676 0.022778725279915084 0.6394093850877149
0.8772459509469639 1579.6757880380387 0.23622760152137817 0.021825384138875126 0.7149108547921488
0.9999690532001881 1569.0107649573058 0.3442569324757966 0.022206499216256597 0.6715403955361824
0.9999000580601588 1559.7974922889134 0.20137982183452488 0.021555802748759668 0.7833133389428159
0.9998915511045973 1550.6657808825669 0.33743289694361395 0.022630167647631684 0.6790461367246422
0.9999996055156185 1535.9173820922967 0.3649946386826721 0.02380921620659919 0.6686315716456934
0.9999843079996232 1524.852556266832 0.21838907620668954 0.023815363146830255 0.7870783388306362
0.9999999999197371 1501.6050327694145 0.35413361689150014 0.02345911952965221 0.6400985719272639
0.9030868939201082 1499.4837515757415 0.3847312551771265 0.023346717901849518 0.6535028120827944
0.9742935535744862 1495.65258007938 0.415848598892631 0.02110070604190986 0.6209504381090732
0.8318237548558245 1494.2175681031522 0.3860533887230023 0.02290425468378639 0.6499819881416657
0.8066898980206081 1492.5637679699948 0.20784349271034863 0.022799710192794028 0.754042365602085
0.6183350848714692 1492.2283335283942 0.2708017617408737 0.023125097320893333 0.6941740022856582
0.9999999998617568 1468.5031825305205 0.36326902297346986 0.022282223444620625 0.6264762932654895
0.9996089596027179 1460.6547673753466 0.4082784270983365 0.023600483067897082 0.640905950518566
0.9879977748510894 1456.253082871597 0.2926778132978576 0.023854370684714188 0.7196086331410466
0.9995173041484092 1448.591158280424 0.3964703921151206 0.023053367725905768 0.6153972661259786
0.9996195694108636 1440.7142613195936 0.2425789917757687 0.022704098146319115 0.716327750674502
0.9850072650605914 1436.5412090419707 0.3496664284402659 0.02339938266803317 0.6425841471495285
0.8433833158520225 1435.022773325178 0.2158299175513154 0.022166377791660828 0.7402888086080073
0.7600425476103437 1433.7446994410698 0.4334071896588161 0.021481360385889724 0.6141819788303573
0.9994905033048687 1425.6408015598788 0.3298429403993965 0.02144144803039828 0.6741012884376609
0.9810816053257342 1421.7083784090346 0.2113982770536497 0.022022622174041277 0.7444948353660812
0.9999999767808279 1404.0890921891416 0.42976116243616036 0.02398567837312828 0.6302520024350071
0.9999998442306272 1388.4117061173129 0.4676308505634076 0.02238382829350591 0.602423390019391
0.9990083732027998 1381.4950279368543 0.2305114813742948 0.023004200801652313 0.7311516270307545
0.9982727620702118 1375.1327693026715 0.4584103108209132 0.023316876478796076 0.6116949661521167
0.8687860802926268 1373.399230019007 0.47806302667771244 0.02378721269095728 0.6033020315976336
0.9690153419869412 1369.6744401733981 0.24556299646649088 0.021426940689581956 0.7044932434437953
0.684541824997126 1369.412751588067 0.38269828384115445 0.0232466897853285 0.6241234985533382
0.6589404508356305 1368.0246084892542 0.27009614739472987 0.023413626647467496 0.7342955162834901
0.9929043538350214 1362.4448287564046 0.4234074185984865 0.022411923103639184 0.6250232663204899
0.6876850920964336 1362.236543035353 0.3723632552132869 0.02368875973354468 0.6328901454934445
0.9999952943195908 1348.9984707716271 0.2778667899830852 0.02229530686974087 0.718806484875898
0.9566115248102763 1345.9490623240529 0.21857779635498475 0.023119826414612295 0.7794024353537954
0.9999980822811011 1332.691538579238 0.4687193669134607 0.022259230419950395 0.6007306184008019
0.6698086135277844 1332.6584661348586 0.44286108985908584 0.021215131041689168 0.606825571437476
0.9430557386123929 1328.7921245462117 0.35452924073634196 0.02334599919805838 0.6711405301134836
0.6600176827366224 1328.6905596858676 0.4082336057550068 0.021946608664796922 0.6299753615078996
0.7451343510316691 1326.6820045811064 0.4035108584175541 0.023213335803069352 0.640519626219672
0.9877201206494672 1321.8801485597933 0.26221087866542614 0.022378283888098642 0.6968300888035232
0.9824661859319332 1317.8487744021593 0.40976073899278637 0.02275980069878629 0.63427589266812
0.9924190703515138 1312.9438671169744 0.33816082038270817 0.023042410652374366 0.6474009111437976
0.6636786510562286 1312.9357370513364 0.4357161535517612 0.022149600653886537 0.6165403848905465
0.7672348799926368 1310.7477139253597 0.26432982595682725 0.023093473809905556 0.736299004918555
0.6862435253298363 1309.9691507537532 0.44970468869741953 0.0223294606259331 0.6104281051613207
0.7878054951266482 1308.0356824607043 0.20448957612266921 0.02118730290118672 0.7731830074080239
0.6970310717996646 1307.1807889859492 0.2468404442254531 0.02375223236995562 0.721510167436946
0.7186738493744389 1305.7369722892392 0.3533241524740086 0.02253723413429265 0.6663777450828268
0.9999793480023771 1294.404561149057 0.43564927498648864 0.023965116993232758 0.6258965870877079
0.9924152343554427 1289.535684383637 0.28771922068582384 0.023026677837358633 0.7163947917801868
0.9921299528727695 1284.6889544820824 0.3960357926010889 0.023303773117485577 0.6450362773622293
0.9938294513206152 1279.5950706450853 0.2555261918908477 0.02123280219023875 0.7269200309157879
0.9967698268369146 1273.8514826916012 0.291055622836006 0.022062069480211693 0.6717697334616316
0.7562244153491762 1273.09537904685 0.35743891691162544 0.023589567347854327 0.6703440812731423
0.808771041449304 1271.115900178764 0.2410288211777702 0.023695748679550918 0.7616674182447396
0.9950055327332837 1265.4809142927563 0.2931673710605689 0.02355488224323132 0.6816142146737127
0.8832899376623425 1263.585925503252 0.47592343261432635 0.023907948512879952 0.6032470112148288
0.9999949625893809 1251.1206772074038 0.21503636245653365 0.021425693220785788 0.7651409808713552
0.9453150577595544 1248.327676965779 0.34359576789941926 0.02238895993490463 0.6712167079506982
0.9963277282445935 1242.609522276542 0.2608235728313585 0.02176949752991673 0.6940934748248597
0.9880647816044067 1238.1958491432772 0.2210607836870323 0.021586092500605523 0.7318931989985199
0.9530497342883137 1235.2078908870333 0.39387131890496707 0.02374270908595006 0.648298192815596
0.9405633881087688 1232.4054696296353 0.22702711170391687 0.02294579158827233 0.7355643843223749
0.8444684277259252 1230.7687735383804 0.31186868690050884 0.02386269202176645 0.6710915491217522
0.8859299329106997 1228.4647537746118 0.2282327954581895 0.023693079651741174 0.773598951221884
0.999735224181099 1220.0098102179325 0.20955601259773718 0.021087519112191186 0.7660670568648413
0.8904506273374696 1218.0423457606996 0.31184447393776443 0.023490340565447677 0.7008019617287429
0.747730274009247 1217.0114654004442 0.3125625138457603 0.022287868922645573 0.6586388003390442
0.5259452055298017 1216.9935719262362 0.4027602305574022 0.022991881576322516 0.6135694961477395
0.43596989683481646 1216.340976736191 0.3688408530553622 0.02206094551500454 0.6526981211050744
0.5594395846909758 1215.1054039327157 0.2148360076139293 0.021556272743948623 0.7390606169222821
0.9901668047728872 1209.6591207741888 0.3805811580310895 0.022191164187976318 0.618400029636788
0.9942593685756242 1204.493704544843 0.39876187693374743 0.02349798169865123 0.6194701070538287
0.8919783065463593 1202.4958276379173 0.21648944584047353 0.02299055578631106 0.7478787816184724
0.8199136561017736 1200.9249207262076 0.24212816492261108 0.0210008450421164 0.7061777882941415
0.9686727288904077 1197.1257242200538 0.37325002348802805 0.021222239561911126 0.6435685173750278
0.9753721033746858 1193.4144706531954 0.39114738673600546 0.022026184263941095 0.6120935543151561
0.9998745316471732 1184.3796723778041 0.24096598175708378 0.02152041880288 0.7415762553359238
0.9867600006422274 1180.0792177373978 0.24827716069050165 0.02242003579840501 0.710699573457954
0.9999984348013157 1166.682426499593 0.3318482767448075 0.021131060146268688 0.6683516616866211
0.7868686447612765 1165.6887364983895 0.23104783595329142 0.023767625607296606 0.738456715186069
0.9967897582720303 1159.3952359801763 0.23020610295433896 0.02149651492208701 0.722063749569174
0.9500667414252162 1156.4954036944575 0.3115527573631208 0.02361840877348384 0.6698872040081997
0.9862588420322623 1152.1271831029471 0.22390973372449186 0.02347401234925584 0.7753560722104083
0.9996344098359886 1144.1849790425322 0.4185593099363813 0.02219290580364215 0.6010511841287108
0.7279537029894574 1143.6635284336598 0.40159824610999845 0.022931482393442126 0.6141964524938573
0.7787677750024427 1141.7575985068192 0.3702662348473025 0.022420933871489083 0.6258591277915839
0.9654729956949911 1138.0600476573632 0.26785320821707326 0.023310871688127458 0.70053063391464
0.9122749473537654 1135.7509143818731 0.34131986172814566 0.022979378855381656 0.6462300904875377
0.9987744558621957 1128.8597591637956 0.27334724993097564 0.023716638845699627 0.6992755931699179
0.9767671932706851 1125.1402944455654 0.3718513292475062 0.023933009314954092 0.6618872687200691
0.9335900057274295 1122.5172087769158 0.2065965808034007 0.02149702610431938 0.7498414778141658
0.9153788484050671 1120.078443202687 0.2019637640806543 0.022273037556344664 0.7856632838097918
0.9896802045427402 1115.3493381201076 0.30624010222932724 0.023271390201762082 0.7026810519761513
0.9282262278853161 1112.8465980210246 0.2503224040846466 0.023955969691372953 0.753685764182525
0.6669395558462748 1112.554132173312 0.27405070478453847 0.023535564840171816 0.7299277890519796
0.7428024236045404 1110.6698745680733 0.3599065917925489 0.023599929093850475 0.6675613596453773
0.8074517069538114 1108.9615758464913 0.25492409829473966 0.02230510524066958 0.7042876649191168
0.9994924137235018 1100.9937084948251 0.210678452123412 0.022101894461163007 0.7491064818875749
0.9992666601502477 1093.773921520757 0.23008821151036843 0.023605327298562157 0.7387709479053368
0.9980723446655846 1087.5223635832754 0.4637309697839771 0.023282259706898817 0.6056667519524336
0.838875792316366 1086.0779021484213 0.28239173850633414 0.021748682256152983 0.6773929775471097
0.9999995770061545 1071.012027385155 0.338030833961789 0.021417863466737984 0.6372449531322433
0.7004661511228 1070.7161027640186 0.4404573622446296 0.023818185642855 0.6058340750800432
0.8650653975363721 1068.0080271233999 0.4081613973084465 0.02127958049893546 0.6233222949641127
0.8540290551541629 1066.1782996652112 0.20649377235631156 0.02355617461088757 0.7928228291197208
0.8166738666018902 1064.5552993532788 0.43001109032788654 0.023541434688414357 0.624938938881606
0.5766746110639824 1064.5531483294071 0.2517234364231957 0.02300869327978021 0.7129334723202687
0.5899469491144761 1063.1676610447303 0.41442462592910356 0.02113536592550449 0.6188347102677801
0.9803365583747549 1058.5144878730055 0.211248415487138 0.021935626468567473 0.7477226338738386
0.6930049206593402 1058.2289944799904 0.20261220496264346 0.022081781772887027 0.7597677793750366
0.4473445162331636 1058.1791817934522 0.3842229637517153 0.021948602200717707 0.6158971305893798
0.9366250169056304 1054.0260873793327 0.24831674561613418 0.022754277285788608 0.7454134045706432
0.9566451547652318 1050.8910910268878 0.3279861918032961 0.021790133818755265 0.6461709929858241
0.9033917713667418 1048.6691110108306 0.22198037053652497 0.022289527423051167 0.73777827780406
0.9983424840520071 1042.0626772065077 0.2545881962003843 0.02163222846615186 0.7296060112216802
0.9260663898807905 1039.6121195401906 0.35600079587295397 0.022379207838011006 0.6616291652085989
0.7550157658333738 1038.6474198762683 0.3966320964108973 0.02366400086150305 0.6445359072977401
0.9913094659140171 1033.3090274954452 0.23161922801881368 0.022690502718741817 0.7304889099810344
0.6865006775481116 1033.1059584563648 0.4497133580684701 0.022500299283997986 0.6088913039379328
0.9997908090757696 1023.6585799470365 0.4634993908542926 0.023948123057981843 0.6012203409623723
0.7504030115922283 1022.9580385649496 0.34454443007384195 0.022592794519196612 0.6703973955625198
0.7201269600248146 1021.5364904383063 0.21754756915298634 0.02338469871076752 0.7515437298724037
0.7284115671541598 1020.2459344021295 0.32846555612008577 0.021877685130340215 0.675718007417788
0.9906445627776295 1015.0265076684078 0.4014396617578728 0.023451344629309926 0.6194390202105999
0.806142260890474 1013.853729768692 0.32411988612554127 0.022062688154415016 0.6508458708849979
0.9836129378947572 1009.2816307461379 0.24446644767806158 0.02141489299541934 0.708483178038859
0.9999880861203412 997.9145448634833 0.2749080117852867 0.021377378948654262 0.6813829438136665
0.9513850947699739 994.9903511071916 0.21260474697550658 0.021950730937727283 0.746927872000621
0.9890333462698048 990.3938703936354 0.25506580515678456 0.022982207173782014 0.7102867440101137
0.9978174713740275 984.2473619613384 0.39182790616217344 0.02224972304867989 0.6149309619563985
0.9998785037355821 975.2251566664022 0.3519090510854699 0.022946083824691984 0.6676074364666958
0.9943361562651366 970.0601417425693 0.38536964312518196 0.02365595118541739 0.6506561345535977
0.8010543897735658 968.934319502797 0.22954993224399609 0.023405264512926884 0.7674757086935181
0.547596559766742 968.9281504689302 0.2101402704664624 0.022478287280013578 0.7540311526448849
0.8881794048369271 965.5961914904793 0.3514501873432613 0.023331698771197517 0.6702743560449973
0.9958602420585829 959.9606059229669 0.3186153287632445 0.023290526817322244 0.6925168480874367
0.6888520666880126 959.7482245429003 0.20264336792785853 0.022046051020306965 0.780228403690782
0.9431084988479825 955.9955638066172 0.36751473447282046 0.02226744871435898 0.6275460866289551
0.9997543148759596 947.6003203773533 0.41414438845874046 0.022753159823879644 0.6088206645179075
0.8059822368583401 946.4476880519111 0.21811182136491025 0.023387187185002715 0.7517055833328994
0.6829264485194575 945.5214308177218 0.41567643749439376 0.021852526529375933 0.6222565838907858
0.6621288243616111 944.4174875861067 0.20862633920341772 0.021649258082515603 0.7698256222151327
0.9999928729809423 931.8647367239988 0.33555051993616025 0.0222747072566674 0.6733278706956776
0.9933025384949472 926.8696709209144 0.3784875281072152 0.02177856401716867 0.6426529380808614
0.7345928358250308 926.2750525395928 0.29068642351221674 0.02387665037801058 0.6885985548113241
0.799147452041044 924.2700807848897 0.2882013006724674 0.021372752192346564 0.6715446261854413
0.8105410494563622 922.6428928476101 0.34886806283332694 0.022636041114227255 0.6408100683495638
0.7494259617931269 921.4115097392221 0.2713406644622172 0.021338116647884455 0.6846813990476722
0.7043705450562772 920.2744765638487 0.2846655952837453 0.02301673779814888 0.715842040458149
0.9998048345795921 911.101950595516 0.3888852161475935 0.022976381306472574 0.6224587916117438
0.8563304319044729 909.4971023194664 0.338175223472114 0.021535029686525476 0.6656203826555662
0.7286575745548828 908.4763077397182 0.38167945739976833 0.022666953977486484 0.6466654787870092
0.665605876316963 907.4737431449539 0.2310189555530582 0.023661448620453503 0.7675143011573979
0.6393159250044707 906.4994642455727 0.32811783921011395 0.02326474190181589 0.6581981762683524
0.966035754597001 902.3978850139929 0.2473522468345965 0.023762267067767545 0.7244731083267129
0.9720588743053239 898.8227318481786 0.3251619019731319 0.023930787448376727 0.6654905417962884
0.7361806659001611 898.1505674272205 0.22602574882003362 0.021987962705241813 0.7569050602849323
0.5115098413378572 898.0073222160551 0.3176112872748911 0.023575462165058233 0.6945914436845045
0.5090706120874934 896.9800677045731 0.2813987892952719 0.02132048283986769 0.6766573065606392
0.99530181459045 890.642294746797 0.41198641925318163 0.02156514379010884 0.6217896819511589
0.8968867360993994 888.5911921429055 0.206452808282892 0.02260497932740584 0.760711603167055
0.8923009802809624 886.3450055918545 0.29373726794309124 0.021632233870331065 0.6695426455687679
0.9964126859181424 880.5041304569056 0.39466023859429233 0.02231388891536341 0.6149160541384634
0.797943765779392 879.4106008052945 0.3683454703957343 0.022474204534645055 0.6532660869961505
0.881226492980311 876.9731059668203 0.20782082978244232 0.02106119027854074 0.7614715542014021
0.6530786856124806 876.688909176179 0.3444547952287451 0.02397349371607136 0.6778814987826037
0.7356059696782198 874.8193959283526 0.264503819980939 0.022090269442078342 0.6962121386014744
0.9892387174249047 869.8523909488337 0.20224206198572567 0.022400469346376066 0.7830895558143691
0.9442217315808724 867.0627898048981 0.3085337183943527 0.022559440366776276 0.6659437310829096
0.7975014231115256 865.8278096232045 0.38397504019668016 0.02342611167195273 0.628859689464459
0.999871363399321 856.3854362615887 0.3753639036597599 0.021529003147828046 0.6420319477150309
0.742768861701959 855.7460195006954 0.2788966706076479 0.021815138290116633 0.7098705529016079
0.9885484239871435 850.5699785034338 0.21749067079934076 0.023596911803197358 0.7794656241099808
0.9033209170177082 848.4265175678798 0.30222243120719533 0.02228287430567522 0.696082089608919
0.8935123406907117 846.18540035202 0.2664277254145936 0.023506306524811463 0.7056843568257752
0.8701632960631532 844.1949149950174 0.36433634873590104 0.021957648067378436 0.6278767507787345
0.917945449088018 841.58122745641 0.4420509066970364 0.023878986448521135 0.6147964121408118
0.9906471107406547 836.7678232089795 0.41454065180510674 0.023654325484981906 0.617378998639046
0.6728086721683698 836.6744999696665 0.364363216504786 0.023186607274244493 0.659909989951564
0.7621041514037983 834.5800064686243 0.4379547696119378 0.022738184465210847 0.6141401103363807
0.6512085844084918 834.0156087734163 0.2503754620722694 0.022527429456507497 0.7125282658126306
0.4558541029046263 833.992780495199 0.3465010303957712 0.02148220966925617 0.6591892567119976
0.3547111685736903 833.6631500841154 0.2059145601854079 0.021769756078954337 0.7717346470712488
0.35165699722293176 833.1712583604665 0.28599869045356285 0.023561526725534597 0.6903877028244176
0.42495282403446394 832.2979259718195 0.4380972349310617 0.02154910137915265 0.6071279601946581
0.8657793568987109 829.2740386838922 0.28249749395011853 0.02275978763849625 0.6868421004583979
0.721552774867862 828.510235853199 0.43440679814776567 0.021441620300643043 0.608300008090554
0.9921371329041704 822.9651145621979 0.20899147904701976 0.02180391163848415 0.7530952434450509
0.9343089898059695 820.3678111197787 0.44790935107799507 0.02220403472943608 0.6057730520785063
0.9160937539845027 817.9178942810779 0.40227613475214036 0.023126073155735755 0.6362332776193943
0.6509788826740569 817.7213207160707 0.45423064167732197 0.023492435093072625 0.6054085175523618
0.8568141095420955 814.9622080860785 0.2498649053814684 0.02307660136019215 0.7444881070736206
0.8506258260108372 813.1563911038443 0.2975460178303957 0.02394405168750651 0.685076053568124
0.9999607134704162 802.6953958284063 0.3703509149530038 0.023952656820433814 0.6407578546755535
0.9464796099559306 799.8781993047726 0.4462990617603343 0.0231889439207028 0.6018904155906842
0.9423972896550058 797.0237760730797 0.20313248845755427 0.02296883973530273 0.7869507349513327
0.9956631623282608 791.473574602049 0.21405819268902965 0.02160470186949402 0.7458624566967722
0.7330652676704442 790.8993019190111 0.30302348151354863 0.021025054482517676 0.6594836161539485
0.6284582830496392 789.9377416811567 0.37622814960475826 0.02287563116014914 0.6290159365443742
0.4946738458760414 789.7905981072788 0.433122533618044 0.02302302410906232 0.6175406473723692
0.6810022440568594 787.8360379249989 0.3719341708559195 0.02225245005332556 0.648737608365929
0.9051680600922302 785.1252504496732 0.38888601458364325 0.022337930669993674 0.6187041006231156
0.8838154775059474 783.0476729099496 0.229042903343545 0.021250083658137596 0.7446289891562314
0.8500498526544538 781.2174294390538 0.3946426455180334 0.02186007360676155 0.6124946346903642
0.9166938763868073 778.5741927290073 0.20226001862922646 0.021704171561681807 0.77227116727959
0.8795239384929584 776.5524279771636 0.2230575577814247 0.022479799275142622 0.7630559671479948
0.7553650135524365 775.4586597151301 0.3985123522927798 0.0227032054831356 0.6170689067876798
0.5363421725085964 775.4103927540056 0.2281885194126444 0.023049641309091578 0.7635641897912553
0.8172978479880125 772.6806586670189 0.21155836963873453 0.023295643751814366 0.7610419226070616
0.7948806410089424 771.2786295618137 0.4235554147978552 0.023640650656003723 0.6147339526257881
0.9203164053935862 768.4365681189225 0.4369183228051601 0.02358190073166552 0.609788841349729
0.8762977786623305 766.4671600310564 0.3821786104660262 0.023467559033932175 0.6495807828463909
0.9765809409365391 762.490048475902 0.2934418393146597 0.023988525712164487 0.6889218126676033
0.9850895014759858 758.2692001323331 0.3021288517127046 0.0236213963136358 0.7051188881153962
0.9981747686988675 751.9346518066577 0.23050193848135989 0.023994947563823824 0.7688033876959541
0.8965593765649411 749.8907881074681 0.3884418751029398 0.02285494261238082 0.6422310178797667
0.6418461889758852 749.6569728194665 0.3862729933405955 0.02333341796631632 0.6281618414644834
0.9999529256679517 738.6642928559372 0.4044506927609218 0.02378306009844289 0.6241313316862716
0.9083979269336856 736.4735100104318 0.24101825810369704 0.02214365996478905 0.7198074424264163
0.8771133128147158 734.4248056230671 0.23100518400526285 0.023507427778600928 0.7643031485339169
0.9028456677675178 732.027777126007 0.4068783189145069 0.022442415901180884 0.6117351389159398
0.948794297917465 728.9622255110999 0.4559095520392989 0.022905097057396493 0.601880801463182
0.9600583433213055 725.720363783988 0.26330206838744785 0.022890409974385312 0.7046394244081042
0.9986752720688964 719.0147600561461 0.3748193895273523 0.023831180740667222 0.63837181371674
0.7723620839936306 718.135089924222 0.2039410431748933 0.02156217179180841 0.7637633793441899
0.6263240653760739 717.4035796643831 0.30074663330996876 0.02291564665176866 0.6753792252912963
0.6501344542695604 716.1781866113847 0.21731750712256914 0.02109025053568605 0.74084507651346
0.5045855451657509 716.1469698685116 0.33402403009682 0.021601247829220217 0.6671974951542621
0.33997660786275 716.1317681578163 0.3505814264143683 0.023481227490884642 0.6694233808656558
0.28579063011504086 715.837557179861 0.3592686020601362 0.023846043908502906 0.6656115053812502
0.6078943760338773 713.6986157994099 0.42009227873880844 0.022852457955406923 0.6231930997214543
0.5322458555303521 713.6055586857474 0.2002828217380237 0.023504737196526605 0.7789598759812357
0.3851769948223503 713.3783047397363 0.39998591776632697 0.02213806106702914 0.6306444952366679
0.4010847824226911 712.621402720429 0.21099653663672657 0.022810024940382662 0.7590002819003436
0.4239327379166998 712.08944098576 0.35746442909498605 0.021699263462995846 0.6529064631228179
0.35497620362192545 712.0256122113107 0.2654533883084631 0.023677698026368377 0.7091879289102037
0.9945324561930293 705.1232304716168 0.2468463631528403 0.021442527090344415 0.730657671291127
0.765587725968663 704.2922958727933 0.3698460152116163 0.023161456532902074 0.6549720391732357
0.9515934911789474 700.7100039255488 0.26883324967802114 0.022736991059098 0.724375905746144
0.7032584823851522 700.2613790977231 0.3288041757682908 0.022142270956035832 0.6509845647179305
0.4727491801744986 700.171299634343 0.41124766407951024 0.022926370489681276 0.6285328024904021
0.36221427752302515 699.9051645982155 0.3133080133423555 0.021374345275325255 0.6555897264637388
0.36060324226876944 699.3415044753176 0.4416829477758689 0.021217652059602268 0.6013082999275882
0.6281137289400635 697.4902455587842 0.3533706169038714 0.02120011914994865 0.6512904607692382
0.7694181165503206 695.8488946493627 0.42895867693751 0.022925501453725582 0.607167200794154
0.7428242797159323 694.5983010724366 0.307789719658842 0.02367351841361738 0.6766962238498101
0.5437264407449006 694.5318138101254 0.3878598681793757 0.0212118104652345 0.6307584498699791
0.7324684362687859 692.3603342412407 0.45093487065374743 0.02289587561856606 0.6040145729654696
0.6474434069065778 691.7725510438729 0.2909242246887195 0.021910741670869045 0.699946430684037
0.4824222954262838 691.5533984992522 0.23200154220076843 0.022930222289389426 0.7355412783348567
0.702155366759015 689.4949596455782 0.3897696368017355 0.023475665459079934 0.6284334986364235
0.6696632327753288 688.6779059238712 0.41660959823428756 0.02372189685906367 0.6197185960264253
0.5114441744588779 688.4472575380255 0.3987712714706965 0.023993337676270744 0.6294161786638741
0.4810975402494085 687.6317502560478 0.39271773222430106 0.021459636847678792 0.61147935818285
0.8563698721635093 684.8032069457208 0.42398375541345784 0.023617407760118708 0.6162123618669036
0.6740065798807486 684.3563499290965 0.20579848491505826 0.02259897597983593 0.7784195859932073
0.9894744809411857 678.9258638858996 0.40303305857428506 0.022190196641785405 0.6120978378274361
0.74686287413971 678.2315356108777 0.24799118571239534 0.023325288831102783 0.7466799068211123
0.9600365238498261 674.3739878950043 0.44294114899277065 0.02317828761091199 0.6066733453017958
0.7775921557565175 673.3704218020309 0.4259083168875648 0.02309647377364637 0.6201567814180114
0.5594936938093448 673.1571438356947 0.36195383760433053 0.022874143907101116 0.6579320535576936
0.4750457444891839 672.4988635790457 0.3470897145844032 0.02114658394447705 0.6545248359605478
0.6649196121873043 670.8206930233353 0.3076324670256799 0.023237343483412456 0.6975672872620591
0.8821005644634489 668.3040831331978 0.20746591696485547 0.022388407101557803 0.7618162785249656
0.9706241871143134 664.6256793950547 0.27402920248696266 0.02252536216089085 0.7180350620696785
0.8091248269837021 663.3761082302999 0.3543487275374877 0.022989098738722867 0.6634510690515338
0.5647217003604011 663.3101480732186 0.2053489955743334 0.023892264977031948 0.7907490387786122
0.37125363076399737 663.2810787148978 0.23850805536167552 0.023449314609808567 0.7560164560260121
0.3230324647040421 662.8492134290634 0.21082488483295414 0.022601886659035574 0.7736345588325187
0.9457270328984483 658.3697126057043 0.20359357044752624 0.023655650075647496 0.7902356732801665
0.6717233013291768 658.1927036036723 0.4244257065227512 0.022966451143915486 0.6098516799418107
0.4219949412772029 658.1902585321 0.20705521794641246 0.022398370747282556 0.7744499897231701
0.48665949973902317 656.9378399435536 0.22529397349077077 0.02282189193913997 0.7425919486525379
0.5353416293725063 656.2191975993311 0.43654309583920137 0.023234076563523744 0.6090694862548515
0.5019755883668833 655.6272625848997 0.2380532621336437 0.021910696330473916 0.7423388803063292
0.4430868941384046 655.243357597704 0.4101961974634567 0.023908721221731977 0.6316930576104106
0.3467648407362458 655.2243394537937 0.44580654660313124 0.021493250915232485 0.6002565231189408
0.9161574353575774 651.1039105500398 0.3778813050345451 0.02395266426313358 0.6388701272824965
0.7420679519249943 650.3157951657288 0.29488982075088516 0.021024992985758564 0.6884266350852566
0.6586859832365038 649.288816858235 0.419233644145474 0.02342532147421082 0.6248226877576308
0.5761505502362059 648.6956626664416 0.38956867879320684 0.023298154692588568 0.642744641569161
0.483763656975619 648.2693786247225 0.21631503614660735 0.02114402722680007 0.7494652879826639
0.7598699827004606 645.9830005738695 0.317685401434208 0.021667305102201946 0.65520948360704
0.6448651667313293 645.4888451529204 0.2379985906716527 0.02103797519889131 0.7324523865636277
0.5378603902669425 644.8401009036471 0.2561844776152015 0.022163463703761162 0.7292661557207107
0.8531440367754387 642.1000538567607 0.4321086086717357 0.023346255425812912 0.615562300704817
0.8881518719777629 639.9102677046822 0.21560832457245246 0.021398944248123563 0.7464957318380601
0.9318275155653104 637.1280027659255 0.23616432181519115 0.022477852546693218 0.7493268116069162
0.9936765928687744 631.9432725071988 0.2281083680883898 0.02231594778805548 0.754801092016941
0.7024359403270054 631.61043366354 0.20082844113183537 0.022406575391782653 0.7767124161332273
0.501464758603027 631.228785030213 0.3725685646480146 0.021416420777145406 0.6406719402357279
0.37330892770083096 631.2248995591674 0.37399139415301064 0.022040478394321134 0.6444640765172367
0.4150308731803277 630.1941335796489 0.219406551240201 0.021064970086025515 0.7456816019421797
0.4670340149985734 629.5672564026008 0.20422823661619816 0.022923553909788997 0.7818731601902407
0.9376497602545693 625.685148639301 0.32726438180798445 0.021059331486134886 0.6660967690183098
0.7013366197188219 625.2389253972908 0.2690730710417781 0.022859401409067847 0.700445767136714
0.8970437278074346 622.2723371999683 0.24813621047981554 0.023844560658437482 0.7498232608392338
0.9030269186316993 619.9755081341079 0.39637602454188325 0.023901425163430527 0.6307065502419225
0.6802106220181906 619.5062145962133 0.3643074607088117 0.02301322443344433 0.6379630433633205
0.8898201600694626 616.5967498670441 0.368074128055638 0.021923458721230672 0.6277197523389916
0.9094492499606528 614.2050457633129 0.21383897549968536 0.02211269298273505 0.7526383289578267
0.6455347794463456 614.0301558349304 0.2881915863231702 0.022211447920634245 0.7038000804836982
0.5232265357739335 613.2716339514097 0.38398567649209436 0.021471739875453394 0.6165270977624125
0.823485104064709 610.7763602563573 0.22063911111668605 0.02226205692713669 0.7604302957411071
0.8802869836164036 608.6141739994237 0.37993406114828476 0.022712883525252508 0.6449879760630343
0.7133244143487493 607.8441573971422 0.40086144889618686 0.023671402392534818 0.6364707207045016
0.5755756414845128 607.2628710441602 0.3815267791495138 0.023970188421930497 0.6380136687842488
0.5380298158051012 606.4914723904961 0.3530629803254145 0.02376207326276136 0.6680457715617819
0.42520248225297 606.4759441310422 0.32578975663168264 0.021608823438771962 0.6716891146740174
0.6055081057867426 604.654312363038 0.311298616476701 0.021050567959706105 0.6765905018428342
0.534184610488432 604.4671992901168 0.28080006888774717 0.02119364783061172 0.6791275388835598
0.4954259156875447 603.6039371442985 0.24406943750780288 0.022630974649423083 0.7218804251252013
0.43694616174194967 603.3947849338972 0.4465523001307653 0.022560239287419532 0.6031946370438348
0.4537126831347951 602.4981108233301 0.2056586600347788 0.023325632919267314 0.7840425535958656
0.4631378727995892 601.9771307522471 0.31690615210466383 0.02187950070466272 0.6576441992024494
0.36902537517751494 601.9594335811042 0.3901366084590661 0.022720425717118766 0.6387333498350386
0.3605734138799324 601.2479881364758 0.21299362481591255 0.022236132490137273 0.7663238718560711
0.9621135637153037 596.6010344921148 0.4217816147685281 0.023486664972330283 0.6182190361307098
0.867805238044763 594.8251064636381 0.4072330887834083 0.021073468209523497 0.617569061956863
0.7103673010655259 593.9865223494267 0.4418577686936084 0.022337750910774355 0.6057771963013857
0.8356950312264669 591.7585430798576 0.21847489537130724 0.021535886625790427 0.7527734416506847
0.6303157872618435 591.5229111467945 0.3770538580113666 0.023776696246777772 0.6384599150325179
0.99997024060634 580.0542989030091 0.2982362160050727 0.021770292235706364 0.670018274954796
0.9973553049367148 574.1218589931398 0.2252916156214869 0.022790697519915266 0.7610277862222459
0.6856077402028248 573.9413707508058 0.4370871652650088 0.02230621545650974 0.6081132957596236
0.7984347915583193 571.6767345550977 0.24621841453701362 0.02211531343535333 0.7164265145820286
0.6509194859066201 571.21651399677 0.31038058372139343 0.02204570697147024 0.6856322505884902
0.8932597798541555 568.2196214560464 0.29851499222014455 0.021696977776149692 0.6911769173396773
0.7306192005198383 567.4330188118356 0.4407500081302274 0.022208889886997967 0.6052125134061155
0.7576804426937344 565.7759145313375 0.4104157725779949 0.02292315646543648 0.626953828660784
0.5624190777655499 565.7513411917591 0.2392537396648547 0.02165361392323773 0.7205732038307179
0.5155254437042036 564.7406856826037 0.3167284756539481 0.023321318084715156 0.6903569251433523
0.47052880842523903 564.4353026077513 0.3594636356567835 0.021562674703314213 0.6302908970115133
0.44314150798281016 563.7701433978349 0.22866050742715227 0.02321759069609128 0.7616873538851383
0.8927750364875128 560.4551840705149 0.21520212455134652 0.022855079805957062 0.7567288007757855
0.8872330060966717 558.3564492637233 0.3995069559456454 0.02175046209118148 0.6118542299250865
0.879517825109652 556.245058176246 0.33842772821383493 0.022973618476402537 0.6528094010875074
0.6547943487996378 555.8917190589575 0.4341926248904814 0.022081486306340277 0.6083970108869742
0.4528754775598955 555.745596806363 0.4048537446028433 0.022155957779278947 0.6260102000635418
0.4510058664762682 554.8743739747729 0.3477936211176128 0.02347284419157846 0.6694437784443271
0.6587580468474438 553.2477594491943 0.20647025253799015 0.022453298578518095 0.7681533222819408
0.6502991491617992 552.3780273598616 0.24152954014913358 0.02359036987986687 0.7326338429631403
0.7523143343097506 550.6473205964155 0.21052401434164275 0.022707771730921845 0.7722983354875649
0.7943938019680901 549.0258238160704 0.28275745728958407 0.0237014111414859 0.7185963467104048
0.8494566657620028 547.0072105584704 0.34960099838119096 0.02381008000676181 0.6535093304877927
0.730072246419279 546.045559563858 0.2567230385653614 0.022442652253249228 0.7301586939212203
0.6519957414580361 545.1070932032247 0.2655162330052015 0.023453849612745003 0.7090923022083053
0.5514800392310082 544.6184016922971 0.3549033852814047 0.021072240547800172 0.6476397727603418
0.4318570603076556 544.4118807496278 0.4288735515765827 0.022841580207892745 0.6099816412540998
0.35056643872228166 544.1710128538532 0.40647910172386387 0.021620601945403457 0.6213743682439783
0.3060228565720621 543.9461772088326 0.26075644049499364 0.023266589298851687 0.7335747963816737
0.29724228026850386 543.545930916239 0.3436835988031246 0.022181978240866974 0.6636612506380959
0.35168919362931184 542.8253294964699 0.28587980704253274 0.021064522816257435 0.6750037527082369
0.4309702386971714 542.0327191622323 0.3803635617484078 0.023038064464057387 0.6309945169891373
0.37880854413335513 541.9738746671657 0.29786877538207557 0.02118468683740812 0.6667284792725847
0.6442991773260949 539.8560083361662 0.2139671610187019 0.021807870451556004 0.7547992214932874
0.9477494771316242 536.4344321303013 0.2163900819951363 0.023476348941571128 0.7745140352708118
0.9930111928025915 531.3961632811747 0.2142681539833048 0.022428737915450213 0.7656800166222643
0.7525955646476934 530.6585457165496 0.3231137132031727 0.02342115791876829 0.666139190327108
0.569901736333709 530.1828230698105 0.22731472754569085 0.02389847949349721 0.7678563017200725
0.7505661584979366 528.1569698023877 0.26928658076883083 0.02117864958838227 0.6895236452066736
0.6606092161616464 527.4929089442445 0.4084190337574271 0.021652663701230253 0.6202413076067603
0.9301829036851915 524.1042591221967 0.28763845300723706 0.021600173757057393 0.6978201613037868
0.644656335015955 524.0832638002794 0.22696637068871567 0.022218128511479116 0.7385711791998194
0.5046256617873373 523.3246306164035 0.375089287568124 0.022680158780405673 0.6467436178666314
0.4527483654897832 522.9787419232657 0.2640858078416676 0.021172376287136765 0.7114623941154894
0.6338477528763868 521.2657773314788 0.38728605230838864 0.023331070493645776 0.6306665590233619
0.9105553140256252 518.3751595951712 0.3729723536166945 0.021352716084128455 0.6386462968424564
0.6723302526942225 518.0498106069672 0.4352886198251482 0.022471615068328572 0.6056440399701144
0.4545247302450327 517.9188992015522 0.42020841322186414 0.022778573018551986 0.612526578281284
0.3793820426527332 517.4929027572355 0.2265481102339305 0.02113835907317428 0.7358003276234178
0.6847524723580588 515.3542007518838 0.20912716857472444 0.02263402638913524 0.7708640940753428
0.5713597491015401 515.1875038259558 0.3588404849320955 0.022726095868993202 0.6572347458957798
0.4471701714557068 514.7047284118067 0.3766951506102663 0.021189995722827103 0.6350609062644013
0.5425865765893355 513.510711050214 0.4304788072310035 0.02262253538325648 0.6113400248582688
0.5219163116303505 513.0232403968041 0.3479758886452876 0.02259903370624207 0.6634517285979933
0.6545193684497734 511.43932609728324 0.34344801313049667 0.0238282129174143 0.6737165904546455
0.5728513781404597 511.05028913502076 0.21716494708561063 0.02196390242341548 0.7504681485409648
0.4911883176387963 510.4436110826447 0.4139815081215501 0.022857326364191626 0.6156041664336003
0.4005912246754225 510.3414171838212 0.39892501544687026 0.023718113950144545 0.6352219155072824
0.41891133039549794 509.4523102450976 0.2527461606702597 0.02240816657158824 0.7326918679869415
0.7590725844847955 507.18651184271636 0.2952955770460025 0.021448146655712406 0.6707525524523549
0.6856412987966793 506.4074723402558 0.23693831554274067 0.021646159491562407 0.7379979380680255
0.6850395074562674 505.1156689587383 0.21088941511498338 0.02235964889560155 0.7652016210899533
0.5947589518756704 504.56294717188416 0.3622930853037143 0.021127793730055796 0.6430955607016147
0.48580872016164367 504.1516182829461 0.2558235374978165 0.021276705522491127 0.7187514938157803
0.9273422037526016 500.3952341317188 0.21966811809091336 0.02271813265207598 0.763751216344069
0.9873717950997449 495.9467195868863 0.40418064561192435 0.023573382110623542 0.6304909026840475
0.8106251492363609 494.7238418885644 0.41240091321241357 0.022988650554058118 0.6179095525432602
0.5929662573220419 494.43716947327624 0.43660117849453517 0.021294981076352464 0.6006392974647693
0.5069644048855579 493.72248379587563 0.4000866574580034 0.02324579049789183 0.6332701691035572
0.5982425470917171 492.50299195109244 0.4232550179586291 0.022797900624819144 0.6160352347172767
0.9353201189291482 489.08886860218985 0.2737311380105752 0.022544920782798905 0.7164655997794086
0.6577859507729464 488.96842366251707 0.291526403243756 0.023302849829309726 0.7082604102429813
0.7874132308198049 486.70151802502335 0.34601030680757405 0.021394111243763246 0.6553039047638939
0.6956982508069793 485.9074637130355 0.2156653226741171 0.022044166992140096 0.7570607112501377
0.6420134259687938 484.89498772359866 0.3131965188106415 0.022580191158654127 0.6868588417660733
0.5244328811059901 484.5966964818998 0.4306364310696347 0.021846560240720507 0.6075062501720786
0.5092508269154801 483.69828466786817 0.38623013204418055 0.02230345744986112 0.6370213102320473
0.44253368730226106 483.5167298805012 0.41309589588876305 0.022289441464811342 0.6113893733467997
0.9849294053705333 477.91637514182923 0.2225082600526963 0.022195167341505957 0.7450179251766826
0.6987847767343015 477.60156487205285 0.23894137298840923 0.02109864172158126 0.7199370867024525
0.5400977347228736 476.95206786442276 0.38887080859091305 0.022305006544463258 0.6353272866793347
0.7549742147861891 474.91002610143164 0.22657700429282215 0.022349300601148876 0.7408850071890439
0.6457321866335382 474.3593700443653 0.3346741459521686 0.02140554370407381 0.662594997153698
0.9030840653262886 471.27711391942023 0.42168274234309383 0.022649298001417743 0.6123281794602088
0.9453696681270097 468.32791087077817 0.39510304668564633 0.023742635093280753 0.6341547306264133
0.6448306451578746 468.3021220151247 0.21444784465955524 0.02359017277420187 0.7655892316066089
0.39986553850462103 468.25775850549144 0.22800673846948205 0.02294860681619657 0.7434768886044548
0.36020457940294315 467.6914596784123 0.2288339061946681 0.02160932084124564 0.7427301601976352
0.3193649560513816 467.64538791181235 0.3830088837295912 0.021129803748944756 0.6302025176382671
0.41927743963391956 466.41262825454584 0.41642591697635944 0.021035352732354542 0.6012325623265777
0.4710474037834833 465.8530554740928 0.40892891138378246 0.021384089616750823 0.6170339364890697
0.5575214021919876 464.6855514418841 0.23652877894644497 0.02312919618398635 0.7354075418290612
0.48969119435607456 464.45256731821905 0.24195750445632122 0.021480914117388315 0.7185076405089977
0.6992751972644043 462.4334891665578 0.32321737315270155 0.023612859699105725 0.6684959135181388
0.769426204983012 460.9475224741625 0.2109171138046507 0.02327894441868078 0.7747916619099782
0.7150790557581279 459.8456020309078 0.22001738651487202 0.02189529334481336 0.7514217350768089
0.579908090765519 459.3892848240501 0.39505013968112335 0.0236500518115223 0.636125917122535
0.4358378150506894 459.2223296798774 0.2666248308648336 0.021017871050809815 0.6919307045659494
0.3734557488698186 458.79624750741084 0.3674539858580116 0.0226361301952101 0.6504346178085385
0.3345398061087315 458.58858466572354 0.43310245080654647 0.02143144747257461 0.6025208686906003
0.8681155995159272 455.0403621943626 0.31828510773135854 0.02124326995414218 0.6539522233914771
0.8195169014464272 453.5600148912074 0.2291720128891766 0.02352656386905493 0.7618911737620535
0.6961558181598184 452.6678032385581 0.3999316126519514 0.0233718626226534 0.627756465386016
0.5123954841293809 452.54264690363107 0.36893399494435813 0.021102022497678515 0.6381680608512642
0.9819675819783878 447.2465773320054 0.29976051578281737 0.021832714305183458 0.6708054801558726
0.7791954020568984 446.2831235276985 0.3507709403723135 0.023883161125083575 0.655009062271979
0.9008457611424094 443.56517606341515 0.42593175109611897 0.022138793417410717 0.6104925532121722
0.6457583287156052 443.41456245060687 0.2878424399752963 0.022830065562537017 0.6870730580624393
0.4148430731625174 443.36834999271326 0.33343342161411005 0.02281965330462596 0.6558582316599241
0.4229505342842087 442.46717839270025 0.24619370772659374 0.023997091947839676 0.7500730251579799
0.40662811367846946 442.2172662952844 0.2524905183014876 0.02133191108979697 0.7208864220865858
0.46441361569491657 441.1866382026893 0.2801186477897484 0.022012922160703805 0.6871291020607772
0.46371171301775693 440.75977561295093 0.33390420754635664 0.023145049387635876 0.6756098085662705
0.38520953361420235 440.5458556139539 0.42098116102158367 0.022391570323732346 0.6108970481305264
0.6816830695043894 438.3405304395224 0.36092733691706635 0.022680357815482544 0.6392301410405419
0.5524270066386567 438.3254369709125 0.38777007045733264 0.023827263982694698 0.6401603527196588
0.5053045605400668 437.33980410151287 0.41391398626081266 0.022864369610941224 0.6185176976848231
0.6171295901684587 436.11859865922554 0.3788849875002395 0.02318693224492252 0.6346149516333391
0.5044507028046089 435.98647373055724 0.3933561116379204 0.02141699342302199 0.6139925295271863
0.6228587672991358 434.34593043364936 0.22228426991100472 0.021858495538353423 0.747599267813767
0.6125566298353483 433.6339485132386 0.2262630024189178 0.022345038190319466 0.7422411613913574
0.58666857418452 432.7326921397329 0.24161377940241724 0.023228050394329493 0.7313474337710099
0.47939725224621055 432.5400037601061 0.22028559929679992 0.022523911373965984 0.7512183277959894
0.9286825562768062 428.65454864444143 0.3279649549857794 0.02287006518371803 0.6778120282590461
0.8579545403906659 426.9221837550348 0.4218954629719629 0.02240349804685675 0.6128651802736989
0.6697716345940459 426.3404879953507 0.3402586228752546 0.021529164602927763 0.659405207395511
0.6644594219403126 425.0538048054348 0.2192225610993493 0.022175323516381164 0.7531742867579088
0.9134020011703641 422.0932450616097 0.34322222724123475 0.022730943503634776 0.649624069010916
0.6447952946792651 422.0020037420055 0.4044182202558292 0.02247459148276787 0.6257090553634876
0.46017451260039194 421.5733870114013 0.31495068455880715 0.02239420784367717 0.6834576641820985
0.4643173810776732 420.8227524465716 0.21606817565309003 0.02325866623861393 0.7695593564515568
0.511656970353885 419.9768622752064 0.24392661214637235 0.021438232409356942 0.728215989106791
0.4243530419766003 419.91459304507674 0.4107757987769395 0.02229645828167303 0.6207107328629963
0.3053984551028446 419.90001544576546 0.2646657284596985 0.023198124056502345 0.7281571216540847
0.2359607961878223 419.8872180685843 0.3503199439497391 0.021299850388589982 0.6509282474637249
0.239635418246247 419.3798397250947 0.2862320105846258 0.021124711763683145 0.6767187869424133
0.2619944052905691 419.0582693775824 0.23299299236616622 0.023508353341064134 0.7431276169776537
0.24910651590060617 418.88454268960703 0.22332096661071404 0.02376487739556716 0.7567157649513343
0.37670112577279696 417.63850663623384 0.2914955293345527 0.022387452498316068 0.7005117974090289
0.373377940877932 417.59749967977245 0.2270478189436024 0.02276850740067342 0.7443938929853627
0.28192551219815465 417.533644289667 0.25557688278064866 0.021723932214851704 0.7069839052592537
0.5946099518300356 415.32441664746665 0.3740022332466948 0.02245073445316523 0.6445170782287208
0.5918161256453663 414.786271169599 0.4098706820082863 0.022837749434561468 0.6199994115797518
0.7890863065646131 412.5848877730899 0.3565477039425655 0.02253323544953486 0.6561589964784132
0.7277707298960838 411.565239830923 0.3147268691795127 0.021879497686411977 0.6611454869876837
0.5882063687165238 411.0480095090514 0.2371310016794662 0.021142853841760522 0.7263310071790199
0.746708482725815 409.09927331414787 0.28508700748970367 0.02311225446454125 0.7109270031513735
0.8768923297869871 406.80418675948476 0.4018238292841094 0.023098859627807826 0.6288185297056998
0.6439388873226465 406.56055634319523 0.21900291931013174 0.022657067322154226 0.7548883410450302
0.43384230664899653 406.4400962317984 0.2462406724749134 0.021647322171942898 0.7286342508827592
0.32451851291086453 406.34998447233477 0.42612660640401084 0.021296816613298464 0.6039314025108328
0.5225054047294279 404.6507982036437 0.39999551701887237 0.02209132198260595 0.6259983923904153
0.5024401536411558 404.394847203946 0.23245940695693965 0.02145251675918218 0.7322277913726578
0.4344208731212415 403.8530833520454 0.30415420016266276 0.023429342116219765 0.69839490889236
0.4441769004805942 403.20236883063643 0.3033086579628229 0.02253341918869371 0.6738759958543494
0.4262457821549012 402.7631907481898 0.3721846042861454 0.022594308906288534 0.6332837944767029
0.41721123396713594 402.19278550122243 0.4157840106029596 0.02251278276018115 0.6159719048885046
0.383015277808112 401.90393576203405 0.3680529103330682 0.023941254598851287 0.6548120393667913
0.35825108541578443 401.46200421564976 0.3273586603355054 0.021313741922676207 0.6657114153979503
0.48007284566968644 400.2849887947308 0.218986676587836 0.023200897207045657 0.7661730071212018
0.8715345961095688 397.420896245315 0.41493640553957584 0.022246995024638755 0.6127300271796431
0.6722882197896469 397.01922368122905 0.3636700749161186 0.023569259008182332 0.6462065119593282
0.4824848093530987 396.7411477551126 0.32100249728121444 0.02233589468647871 0.6784457591643838
0.36362495738358375 396.65839050870636 0.21554678275909667 0.022970831614261583 0.7632987533855375
0.5006311132482963 395.1978392420572 0.3090423011847016 0.02294398971156732 0.6914112059799729
0.49089320243950174 394.87648420498016 0.28449353041894465 0.022417595878776155 0.6871469442693308
0.5148677564872796 393.8688652927887 0.36941212612161023 0.021058881090576836 0.6366553674294657
0.6612613486362316 392.4364779510167 0.3103671803914705 0.023781582354827937 0.6956797024915389
0.6535059893275973 391.50353932731315 0.3827040326302503 0.021413559112675805 0.6315090117458624
0.6959499294120493 390.14445467887964 0.414134433649919 0.022110085180275848 0.6166302805553497
0.8926215096367065 387.5017848728956 0.3203638582217385 0.022391798101075278 0.661441937966477
0.6480960966521422 387.3065479039922 0.400914333399236 0.022954816312381776 0.6286144692370326
0.4276905064105121 387.20498223560355 0.3780296056298501 0.021912448480302764 0.6380000895536622
0.35171900312142584 386.85390552664614 0.355648097529645 0.023149557126106425 0.6466474132509892
0.29477644618180787 386.82430058938223 0.2629064739304961 0.02155872524613374 0.6996227762692061
0.24571671145415608 386.65587729531893 0.37337537811220267 0.02329984962274799 0.6489213181920843
0.40183120299988656 385.25551363654904 0.33279334029137025 0.021122969649311818 0.6601627028706115
0.5159590279125337 384.41615304597474 0.34472806641637344 0.023254110557246254 0.6680150659035101
0.4481277593723982 384.1856072365172 0.3457632335356175 0.02231183736397091 0.6454180280712575
0.486618133682158 383.15444640759927 0.2387047109634624 0.02154834266682188 0.7246071634313145
0.5768620955963184 382.1212285510637 0.26203514284240054 0.023124491904354085 0.7116066946114826
0.6531966001165151 380.88633715526 0.38420911150851195 0.022639029707719333 0.638567003877885
0.7454537382638441 379.317310236411 0.3299317551248839 0.023662474283828436 0.6659037712920044
0.5840007593620994 379.06960664989776 0.40821070139811516 0.022190199508059543 0.6148801303488133
0.45178742037387165 378.6515842747501 0.27068611777036167 0.022760167428432426 0.7192179967424583
0.4077211787327114 378.22425242368513 0.27538594513803316 0.02186119985150638 0.6908052148591743
0.3516490446272715 378.03909293287126 0.41606363160709225 0.021066665351322397 0.6079757926368804
0.4923491959070547 376.6372952481316 0.31458304830211625 0.023898289682650776 0.692912875393754
0.5931898330060525 375.6440969245415 0.21646976968584153 0.02397672584988583 0.7720975160636357
0.47870669485922834 375.5247342101039 0.41081967506148176 0.02196526740082145 0.6121824921029171
0.36234224475386767 375.30471213874614 0.3712290133218131 0.023883938493943886 0.6513240089590254
0.33888314601705416 374.8623976502722 0.30186982383948857 0.02201348107763442 0.6891798086855878
0.30053451389474145 374.77827778419964 0.24246942021183265 0.021098914409705002 0.7213415517142673
0.275805222377496 374.414825244043 0.3404342841265726 0.022800690494983445 0.6524166709529584
0.2657389667120856 374.20772294159616 0.2536583420689331 0.023159650765616643 0.7363633029430239
0.2923018871645982 373.60622544397336 0.23182517777665074 0.02233101237424831 0.7369157725468652
0.689395638335334 371.22818887612976 0.41956367082718665 0.0217295006220486 0.6090554809102346
0.5874330308349802 370.9950742816613 0.2297779946207901 0.021969282709665593 0.7434176940777557
0.5548966923270892 369.96093588607914 0.31791721877436724 0.022699589503340535 0.6656047795946891
0.4496387723723539 369.96016176082543 0.27679768864115845 0.02331817181927129 0.7006674719659364
0.33162221742093584 369.7682300924579 0.3141216730047269 0.021234554069143197 0.6577689411358537
0.31135884251814794 369.366150969964 0.26625690862792695 0.023358671811060806 0.7273070878044481
0.2750222633335318 369.32840435677684 0.38800649541047905 0.021603223365996998 0.6188145323387466
0.2643934952541516 368.8762005702903 0.2902523600851942 0.023366060667870794 0.6904684374920741
0.25645476271775913 368.7453188141096 0.275136935958442 0.02229969635102992 0.6942043039792584
0.31668996185248405 367.86936130957395 0.38516764756377053 0.021471376315412502 0.6300626014374754
0.3314545864706922 367.6680168099281 0.38106342203297705 0.02303134482589069 0.6335494047810493
0.26982244600936234 367.6370083345159 0.39041387762558627 0.023294768139363143 0.6359342168924267
0.38410219318765526 366.36627937585627 0.3626540752818959 0.023684843722725068 0.6485343489598121
0.561238802173063 365.1798304657272 0.2694490574150123 0.021961102905288927 0.6967270455922876
0.49634410889259745 364.91922140675837 0.3565986162868936 0.02373404046749015 0.6520232038041341
0.35975160071698536 364.9098404776807 0.2748531341932724 0.023345962367425473 0.7201366917656975
0.3156642612914395 364.465927100582 0.3735741910139715 0.023670278592664806 0.6491776733628855
0.5060907631709949 362.9976407961928 0.22820796592743325 0.023096599710383515 0.7569640802168348
0.45730645371859746 362.94537937637836 0.22175772862985443 0.023348146615010834 0.7641185007727642
0.6184668295905948 361.1660070496265 0.3890361279125154 0.021163706162393308 0.6155760706035266
0.513790224009129 361.1640759791005 0.2982375626236512 0.02191990449674579 0.6908277200868768
0.38075065813243386 360.82968374624664 0.27988333538363125 0.023416213707619263 0.6990991937694746
0.3560771186206777 360.4254710101274 0.3010969571956551 0.022604815557356602 0.6943216370457955
0.36224559718410987 359.914690985784 0.3688537884928155 0.02183230169081258 0.6297916128495876
0.38623465560929066 359.3344379616184 0.2437801773402185 0.021172455678144436 0.7189702134648054
0.5502416176643453 357.9599751567903 0.4051349306300659 0.021651621071160084 0.6122472024420426
0.6900815231330344 356.55312499721504 0.2560954276848677 0.02297379211903658 0.7325369539349368
0.6197649946607652 355.8864241423571 0.24630884021391294 0.023270499421261224 0.7431408952331681
0.6047849205311997 354.8762454832442 0.32557228384215864 0.02294390881983746 0.6790028931620459
0.8901244082866862 352.02445466219245 0.2630200525773343 0.021659322253788284 0.7007324329429567
0.9331308397998325 349.2756609679691 0.3119264522930446 0.023252020660242283 0.6743000166297141
0.690017602323705 348.84093722180904 0.222092434504873 0.022770248204629247 0.7538546918848958
0.45715923046212753 348.82534145865554 0.3794032325087858 0.022289153786752263 0.6389942607744765
0.3453818444599366 348.566005481704 0.30695822578842447 0.023690122432849632 0.697073916603016
0.30277394112536177 348.3565643367265 0.33780087601785563 0.021070545718968093 0.6420126609621388
0.7805123625299771 345.3447755371934 0.2783744981506968 0.02260553787551495 0.694111740544784
0.620358025210593 345.1607244707408 0.26819695912450037 0.023911233275277832 0.7133700350524841
0.45612704677449956 344.7668355282657 0.41500413375832673 0.02139113181127434 0.6089519460208616
0.44071749812099487 344.1249944873547 0.2539321946746339 0.023103463107641352 0.7195482367969455
0.40923862457201315 343.7848789458072 0.23090536226339506 0.023584060722365956 0.7583535181198755
0.3372418203263791 343.6594557511995 0.24036032242163263 0.02313523973006429 0.7468154164502823
0.32207558602613134 343.1537970670653 0.25468463470747565 0.02152269096522653 0.7081045311864651
0.43535577416660354 342.10741726361704 0.3134090554470321 0.02382320830697272 0.6784018914741424
0.40815378924118995 341.97136746524285 0.29392374103768815 0.023099937400019758 0.6858958622107572
0.35274935289220327 341.5612804282641 0.3642220822859724 0.0226870448283773 0.6510448299725551
0.2987016463912645 341.54764994264235 0.37819394126604444 0.02140047118382492 0.6225015287444932
0.4193205356068981 340.2088824962018 0.2535788411764011 0.02108278288199668 0.7142721818276931
0.39979122873663137 340.19897574539306 0.37173722289032873 0.02367656667655707 0.6495947152629876
0.3878303832240263 339.42813259659 0.2604255937107676 0.02168186008389368 0.7035113228527403
0.4612105053084101 338.62328921394413 0.2325637204811266 0.022941408403713594 0.7409700614300931
0.5352994729928068 337.6587910045263 0.3776977895824998 0.023595242309345357 0.643888345503823
0.4420123760960979 337.61093569809543 0.4116252450824977 0.021599337280322706 0.6132098539094941
0.3804842723662781 337.068145066479 0.34243423077303115 0.023242909205205393 0.6687852104905702
0.3362838647630147 336.9631072544515 0.2744231110673547 0.021333928606512603 0.7023652976958905
0.26515189614822554 336.91998189390523 0.23897550340767656 0.022388981940422017 0.7298752277857483
0.22484601021735628 336.78274070235454 0.2402217000199252 0.021426203994679625 0.7267526723478989
0.29827990867377313 335.84766980471414 0.27894191148815717 0.02303095872422163 0.6970749533610165
0.3566037374246504 335.3813817525888 0.23107928435788797 0.021980389922463647 0.7385990029185697
0.336830902798462 335.1010285442618 0.23558943378281827 0.02172510585991077 0.7314760018073942
0.36931929261524354 334.3784988025702 0.2487350045359525 0.021274643309256748 0.72004026554758
0.4891200743718372 333.3274566880274 0.2824362419880002 0.021246438850123117 0.6954776576798177
0.47751758385963 332.9034742181665 0.39637594861295156 0.021780728003070404 0.6172517716547037
0.5615502363775451 331.6655348816708 0.38624581698951455 0.023137023656765406 0.6338510719320267
0.5446864432945401 331.10308946602345 0.2312303314571559 0.023890513940274447 0.7505536942131823
0.4950064323263007 330.49761805676053 0.2730340324257004 0.022907415643439913 0.7178051011451683
0.4853488058922939 329.82856765625684 0.3839812672704096 0.02309145189672938 0.6392986565397148
0.42966945321147487 329.5261469859131 0.2477388777281893 0.023964999824649176 0.7464308605000572
0.6068199015782727 327.8656043448439 0.3065709423858703 0.022260384282844013 0.6705150414489794
0.5189766366461334 327.7512717984183 0.3414239507675253 0.023493806293277308 0.6706277017225688
0.7994002384051682 325.1438476030321 0.4072853641646128 0.021578986883597034 0.6121957343510233
0.7240622906869303 324.214333760625 0.36723805607082227 0.022116171179023404 0.6332622425311656
0.5640435198787362 323.8098938556749 0.39850967130840165 0.021487001239956213 0.614556348231603
0.48128091493978575 323.25052272662373 0.22281727720980485 0.023137843221104525 0.7591711588209096
0.49982638370075483 322.43018015176034 0.31555352637895784 0.023900391412470367 0.6780419122485223
0.5348325078993371 321.5880109061594 0.22889264934343465 0.022251254591849685 0.7444338041405497
0.6121582066649256 320.41460419060917 0.40731006737626607 0.02154441649221826 0.6152071462278542
0.7003255852135338 319.0255935744781 0.3154340160542766 0.021671607121769413 0.6604462352485813
0.5596555406824927 318.7842683904208 0.2585626965261104 0.02330716741543915 0.717250361149322
0.39883307152187675 318.66917701517355 0.3376354803972007 0.021518831215744758 0.6454158441488722
0.36035864132445694 318.1514349219228 0.35730753020074457 0.022964274997878082 0.6453091301021945
0.41496722023758703 317.3864108199008 0.29845601255157467 0.02241590767923166 0.6775921871891468
0.4122057053830408 316.99266844841105 0.27512339696346005 0.021890239206789255 0.7071437312889302
0.35307498739212506 316.7916282367005 0.3602280133728207 0.02345343226932576 0.6570091296904947
0.3396566820058441 316.2878701466835 0.2859245946672073 0.023406139429809562 0.7110085454064822
0.35776266140775576 315.7946076328517 0.2284401018898231 0.023096164313791863 0.7479440819937675
0.33921092286133736 315.51938753701245 0.34785877125229475 0.022667644579128256 0.6613262538731972
0.283346806546141 315.4650493736129 0.3901572160791926 0.0228626962502033 0.6335163992176156
0.4667878594929909 313.8494661092049 0.33216639048905555 0.02340126707789569 0.6632505880732168
0.44049152155301746 313.8229172079085 0.39284799228522127 0.02283795149944158 0.6308923684431255
0.3419922528205082 313.5341935703013 0.35739386076609114 0.02115488977081457 0.6436054529420592
0.3300998847389881 313.11110790387147 0.36560439177568693 0.023767335017431557 0.650326568537516
0.8376672164842764 309.8947829044784 0.22660412794337534 0.02263928397363185 0.7488532223275177
0.661679126067027 309.5339754445939 0.2391905148856861 0.021793781270390677 0.7324920585450503
0.48720537913626993 309.167278814509 0.35373563024897714 0.02338914857489372 0.6611471408854136
0.42959675300617867 308.6825743558224 0.3346403171451414 0.023867701323408028 0.676761093643101
0.3768497986773801 308.4354149743058 0.22396969127119992 0.02328667181316845 0.7564108286376657
0.311563598253551 308.30070255015426 0.34962193667775837 0.022077907918816028 0.6425717635959857
0.5155261526396548 306.6113022825226 0.32710385110905527 0.022276867870826715 0.6725475839717384
0.6488714514100447 305.4304796196252 0.2735246576325978 0.021324791095244683 0.6902811139529493
0.5331551059085867 305.1633820507548 0.27381258351960613 0.021381943451291963 0.6903503287034938
0.4525068009605725 304.60725505925177 0.38511528696806924 0.02189215441713145 0.6318832606360328
0.3755255950190463 304.5154156211121 0.40178070528086884 0.022097265573274558 0.6191420068620639
0.44160687522658426 303.40446313779245 0.25700197864177265 0.022760810373740215 0.7290820947799314
0.45294643647155036 303.00003192518636 0.2627758287395601 0.021497404800774295 0.7010050165668501
0.551279170255196 301.73766127600277 0.2359584969616933 0.02323897425276971 0.7402364853427652
0.4923703187134499 301.5041970415682 0.37746154603605125 0.022545958829775347 0.6407681471959568
0.5069843025247348 300.49202743762936 0.3778076870130931 0.023344652672778757 0.6411885481349103
0.44996857996696954 300.30508995269514 0.3608044251254232 0.022095075871407754 0.6368033538180196
0.4196386530768295 299.6386941809594 0.38690884991423746 0.02237446838341931 0.6267534857000889
0.4174964689205001 299.1739779004505 0.36337607312318143 0.02132561208320567 0.630144699110207
0.4377876057060046 298.45876763715347 0.3186827053808725 0.02343356220321953 0.6721539097084523
0.44307014735569855 297.9206532522068 0.23982437372256435 0.022908056146607406 0.7442109297309861
0.5229090575743679 296.84639870730064 0.25770590802129684 0.021025105955029624 0.7049420688250254
0.5036105041067441 296.3705471432283 0.3404448535850424 0.0232838093533773 0.6576797568197866
0.4018555722376585 296.21494415445255 0.2263433416388558 0.023428900160412387 0.7543716484442741
0.30332481758699287 296.1992728345322 0.2450616920699482 0.02187342083355697 0.7293214495708724
0.24550488190681313 296.0734086965412 0.3860315330978856 0.022893650156055424 0.6325569283117312
0.20796833348904023 296.05595163124343 0.24871346059822885 0.023544719119385004 0.7291878431701777
0.2030279301999618 295.6949560650379 0.23404783338104268 0.022903639566155265 0.7485904307642123
0.26857215797544387 294.9641411674606 0.2425043671883539 0.02282534993289143 0.7299682474219145
0.2832397231087285 294.7941493546627 0.34583617092036634 0.022359637986192643 0.6602905444149952
0.3822686294349186 293.68289944279604 0.3604739437455743 0.02123524292259444 0.6311862155339757
0.40803342857095776 293.3445484200255 0.32370634989908353 0.022519843992151196 0.6765020369428403
0.6973597202413556 291.18150665076007 0.40224639673230156 0.021920751123552542 0.6188762526928081
0.6812676857264409 290.2952728120972 0.3620904095447066 0.021353601715878787 0.6311515844541145
0.5793353433454025 289.67366131701795 0.3955937267185387 0.02197106273110052 0.6250066362640514
0.5338128028347062 288.95794922165396 0.2352462688816165 0.022944725242728427 0.739241416104816
0.4285956521157795 288.86514844648536 0.39373623159007387 0.022558041378819962 0.6273254621100878
0.3450190383937312 288.56132295857884 0.3663338121968408 0.021403792366004062 0.6396816246240185
0.3675729161517892 287.90116868267125 0.398370082309368 0.021066615800507855 0.6158850077133629
0.41445284353858597 287.2446741508686 0.33623275186616697 0.02338928983990084 0.661213887186417
0.36532163983640925 287.1363310239552 0.37418945593605324 0.02323512752075429 0.6410028372405465
0.30962354979613704 286.8473569645912 0.39646510751211905 0.02169677158251388 0.6225561172180448
0.31304341481413717 286.3895424840439 0.2582980744885998 0.021012579027184463 0.70506960174571
0.4558600565369331 285.17159614614866 0.38913459883566504 0.021624505211560383 0.6269079173525655
0.4333856390401004 285.00636378891556 0.36648866267505736 0.023625495384730775 0.6504933353393514
0.3258548955883036 284.94253481174337 0.3111264524362208 0.02399014146390429 0.6943577214939474
0.32436917503686824 284.32048915830933 0.3568478854752478 0.02389642441843294 0.6574613895496394
0.4224020712468637 283.414829091719 0.39477556224575455 0.02117963726146605 0.6154554938625189
0.4576641944625477 282.8201340674819 0.232326031937034 0.022463190154806616 0.7406901266984531
0.3714192282052429 282.81173748448475 0.2452981695032621 0.021518418823638603 0.7215104714867546
0.2920005923309428 282.61528293689196 0.30268029382988615 0.02230108120931786 0.674196733657114
0.28814365339859627 282.1890290001742 0.23895320536380982 0.02308359143555429 0.7460407478811382
0.3902756340902405 281.2028162382761 0.23877363331883777 0.021927392276929778 0.7303227359530442
0.4715657216306074 280.4386308181013 0.28226003360865526 0.02344628024127372 0.7135841021496078
0.4289380552376423 280.14561287970395 0.3105594121296644 0.023951813332939675 0.6825941898863401
0.4127349171267979 279.5207653781006 0.2702340416263304 0.022234218940128805 0.7134765246263558
0.4374025704949966 278.87924823339745 0.23482603577691918 0.022274180457258572 0.7400450077310581
0.48709206786615783 278.0365891055643 0.2592726354174894 0.02332545237495453 0.7174703801267024
0.4744914345496811 277.5307030170146 0.3461400404464048 0.022225933062369065 0.6461048097906538
0.4524221847213797 276.943913342138 0.33254646699105334 0.02105032582121333 0.6462315488049903
0.36827644233543055 276.9338186169853 0.3786331562952797 0.021784259983990372 0.6346211516120357
0.46754348967790893 275.6103184085107 0.27795242274196447 0.02168982634261022 0.7023213824715765
0.5060162294777569 275.0330854921811 0.24320168944116763 0.021676852185800153 0.7248228406677669
0.4937346177195637 274.33151557348793 0.36325680843540187 0.02342094555448536 0.6479736025999498
0.49564534987862324 273.64604611833397 0.2368039832983879 0.022811074346006117 0.7449012368102506
0.5735755613218285 272.51743568551973 0.3115067283441876 0.02265182645757214 0.6858100300497352
0.4784826757408964 272.4020440754797 0.22796969686917176 0.02371292514551414 0.756592807739152
0.48291363425200984 271.40873460368897 0.356405726753821 0.02279022506317407 0.6555321069605415
0.5953844381931495 270.2499630229479 0.24114973890004487 0.021837805608214456 0.7278344987279421
0.6033960293489504 269.38885700715 0.3268533837002266 0.0229786919398274 0.663575953283687
0.4650317882703293 269.3356016566359 0.23705456467356467 0.022376891138664232 0.7397910020644425
0.35562913039099664 269.0596100319018 0.28732268416073325 0.022991758487911924 0.7062766651757536
0.2965302525765055 268.97349605189174 0.24299830776763345 0.022507884182193683 0.737100745183576
0.2511592129067545 268.8128726062222 0.32780441795872944 0.022859201138690215 0.6620141112666685
0.25320745006922996 268.4034888418102 0.36723438615410153 0.02349025923883955 0.649338392936246
0.4186629661612165 267.0831341807492 0.27911273065901065 0.023468258853993458 0.7159973350123656
0.4099908207167723 266.9803361540026 0.2604589003058394 0.023426186532104043 0.7174244021317079
0.3853724610654497 266.3298424302019 0.33242394438935385 0.022608711229921977 0.6706435474332503
0.35962069124319995 266.1284275759004 0.28493525162288724 0.02397356814034874 0.7143612498528993
0.5273437523463554 264.5909125103284 0.3549845685139002 0.023689222461787448 0.6552399725010338
0.4694816849983713 264.54797173025713 0.336879118283844 0.022472963052149603 0.6666210311358604
0.4196532681805321 263.8432654042528 0.389602780935308 0.022054939180310887 0.6241811043487463
0.5373358996757078 262.6972280675425 0.3947682283988888 0.021296469966277126 0.6192782392075038
0.5258553186595762 262.15088135669936 0.37810658568751687 0.02304079784904317 0.640246440809419
0.4632026002028743 261.6823584663282 0.3221654941956319 0.021670548077607443 0.6703181524316145
0.7244940115665853 259.5716903013423 0.3072234311662057 0.021873557354726743 0.6683155329516397
0.6108397115065058 259.21046375886647 0.3032072160516732 0.02194953391477877 0.6859739798318544
0.5880997848293781 258.11986578320773 0.3813622518198625 0.022775192477460137 0.634455970164155
0.46912646276069475 258.1074074544056 0.35071782299945964 0.022102700793271257 0.6429737874553061
0.4276098547949308 257.3312548263232 0.3073354562277444 0.02243699406478368 0.686972938100592
0.409462272562807 257.01382090954166 0.36857793042118003 0.022504968757115447 0.6454038155409276
0.35592695202176344 256.7226482209323 0.3496623235004137 0.023277935345997078 0.6534069597211788
0.3099271552830362 256.5316707305439 0.2557231585365157 0.021254184921939177 0.7112685702606578
0.2919478857685257 256.1701049383812 0.23381793625589128 0.022570956412528972 0.7428613896330144
0.31210450380538857 255.67345140153094 0.38285565895024576 0.02251663753690872 0.6311629891774295
0.3033878641841058 255.45011188025487 0.2636824396170189 0.021934286945596522 0.703689473262379
0.265674545010521 255.30887061605517 0.3224634655309878 0.02234787179842607 0.6615882322287305
0.23644555127471686 255.140758591382 0.2690012328520075 0.02288862875614145 0.7196101586012847
0.2601121962436312 254.58087957083183 0.2896800177965785 0.021117344824013663 0.6768228018231933
0.2893004940772521 254.1989352942908 0.2883004886241054 0.023940783408027955 0.6988699741939358
0.3815743273761341 253.2444188459243 0.24754821679632633 0.021675281758539142 0.7197796247571687
0.3892956723854491 252.9671308958596 0.23763503190734125 0.02258179763808749 0.7353542754892937
0.35068116541986777 252.59918210533434 0.2770987163772547 0.022019550146706528 0.6924483887845463
0.3065897775407351 252.4691692879636 0.2819741511383149 0.02290210169150194 0.6948896490937204
0.49182503191782595 250.87110440459395 0.36421885020868994 0.02261215735742634 0.6401516820434049
0.4632884440389515 250.76189071681398 0.2399640621246448 0.02319626381597876 0.7367991200002706
0.4186872063637121 250.0910934374839 0.3096395192235746 0.022930564872346775 0.6887728383331185
0.382606809231746 249.87395133153774 0.358170076615107 0.023532656571845934 0.6525135792435618
0.32500486218727126 249.62947592228142 0.25764612760235733 0.02353376039269335 0.7213355945222143
0.27147673785727544 249.58109366143114 0.37023748388863864 0.022931685525829134 0.6460488535111663
0.26306506441478444 249.1273672001183 0.3444116080639452 0.023883245638466905 0.6631379330192128
0.6151193487131209 246.93464546857905 0.26080351531865603 0.0220037436666731 0.7178201298448026
0.5603370232939179 246.6654472673873 0.2620337201234898 0.023907629831419416 0.7206906938385955
0.4530760435382099 246.18646992708403 0.3326513806278329 0.023426627383284597 0.6644437292781897
0.5854118618444557 244.78538459336943 0.38726098691586897 0.02103280596220131 0.6210402395562533
0.5020811892285841 244.64376082415026 0.2521807758272679 0.022994278769231154 0.7337411697049017
0.3715133509382652 244.4575133099457 0.2767178511178043 0.021855622832116624 0.7042897907770018
0.29017420817221523 244.43892915282083 0.26948039725371187 0.022017424847352828 0.6991666386687663
0.24565139914802195 244.23241136094484 0.3710357202525209 0.02197459357805499 0.6319201783882652
0.22573512992315273 244.08606144801865 0.3319191576314639 0.02126050452056154 0.6597337164165764
0.2012188043254581 244.00433937267206 0.23803275523763703 0.023972100106831967 0.7463757563288149
0.19823510708254063 243.69172950948945 0.2721288589781242 0.023385984538452857 0.7071537855316455
0.5033864746211976 241.62790712860777 0.2514889228984371 0.023485847945857438 0.7380441819060821
0.472649871826704 241.6164051295778 0.37107462235375455 0.023058961440847365 0.6452846566058397
0.5387869803095315 240.2484792061604 0.2606290034002505 0.021223717700434113 0.7075604540889677
0.4638980205335279 240.22863887387913 0.25631634562074224 0.021649844430978064 0.7168075752212731
0.40049944724287595 239.6085890776456 0.275207398022556 0.023290871521175937 0.7173985135984842
0.4254136189965539 238.99330857776351 0.3253455760122197 0.021793057822888096 0.6688194465398464
0.5632249623634928 237.6900740155965 0.32202777010118666 0.021267747984265586 0.6548456827065531
0.7327897904101576 236.0400282057125 0.31614613439687633 0.023513864773697983 0.6872865475419784
0.6195971465006868 235.53549841215397 0.38418615165234205 0.02242673892282429 0.63112629820381
0.4451523929811361 235.45679097939023 0.31563085038703725 0.022172628009397462 0.6650709536525333
0.34658384884351034 235.19548046546646 0.30202173688011763 0.02328322054441989 0.6831686140018857
0.3357527967307832 234.73306060605628 0.34491793750703714 0.023369932740105445 0.6655816508357204
0.3251965023808705 234.43661229908827 0.2535529798453854 0.02341708530654129 0.7246406187344573
0.32026898176500934 234.00979806118758 0.3889739553924781 0.021460125399836626 0.6216804589407074
0.2834726485688085 233.96434730784165 0.26349356193876394 0.02339561358666073 0.715041552553075
0.4177710965652218 232.5875011399802 0.3651675021934174 0.021319768935038494 0.6305996733674742
0.410586631942705 232.4981544775624 0.25234639863434577 0.02176083368363895 0.7205491471164802
0.3003752154722869 232.49121123968618 0.3816842049168524 0.022003746832222303 0.6327664858276723
0.5760871355865085 230.40681233292477 0.3445775825681213 0.023660840749082673 0.6665725060125718
0.5314875552305209 230.20825885566552 0.3443917403880271 0.023353819800619093 0.6575700005817111
0.44715893494325354 229.63359016094716 0.258929132222212 0.023211672228010714 0.7296937518534162
0.3689743006727834 229.58594010998118 0.2593489937172792 0.022941026723355705 0.7272200299346809
0.28288906392459295 229.49633051580196 0.31056945232771066 0.022720036260974588 0.6727022766123917
0.2373829868082768 229.3904996545686 0.3782398478047886 0.02267548332933592 0.6358855522582678
0.21334185674797787 229.22870982105033 0.3019098090234458 0.02105427885415014 0.6677230974206662
0.3573758412496725 227.88425817627814 0.31155647107053713 0.023683593055600208 0.6914213225296965
0.38325060031160935 227.70397911497514 0.31879303760205585 0.023220787505084918 0.6835406440936532
0.39050652408506864 226.9738114869633 0.29933838848986594 0.021826246590625552 0.6870989396866874
0.3529145554016187 226.90174068605995 0.28413482717187 0.02366688740736407 0.7124991760971847
0.36855380993322817 226.11297746995345 0.23466852234879632 0.02344381800497804 0.7468714267599108
0.3590096965907188 225.9176027481974 0.30965505286407613 0.021084792328778905 0.6725438890295743
0.28661107109747525 225.8739224413833 0.37661635810413563 0.02121683163988094 0.6249375788849375
0.26735542118878874 225.4696258931234 0.2464013629536817 0.022333768868693347 0.7245133236168367
0.2874705968821433 225.04924671851444 0.3696212305616795 0.02122603184002904 0.6281196006799917
0.2630032905327405 224.98923848357586 0.31218144350540505 0.023578329594083465 0.6790291052977144
0.5456581056799443 222.92376144751597 0.3126577535932087 0.022810724344107157 0.6852869767140629
0.4947908174500229 222.89670602636824 0.3150195801621905 0.02164639385720554 0.6620823425473327
0.37040038475408715 222.59501237719397 0.23559301780919623 0.023692829516700518 0.7502774005081776
0.3359779981395882 222.2713214173296 0.2879763964360915 0.0227242890285904 0.6892750920844747
0.286723382954164 222.20627920670074 0.3866069278136749 0.02174216019170605 0.6266443753593026
0.35909997266528987 221.17853948881216 0.2523441548029119 0.021654889299945603 0.7180287137825662
0.41242824174687953 220.6712961407703 0.2523662089893637 0.02398328836669225 0.7314242485591147
0.3509228124931359 220.57099823760285 0.23543252177662116 0.02300327534186524 0.743235398446367
0.2748203578155507 220.51091639656912 0.3777086664294608 0.021460779829580664 0.6310698979616561
0.2799789298100602 219.948905376687 0.3312593198465323 0.0237660914992113 0.6766969781504498
0.6045554894277205 217.92146622343375 0.26708567385547044 0.021735797185015844 0.7002843717412123
0.6186748165918043 217.2062448555506 0.24069034942907314 0.023557485763090132 0.7462177934169416
0.4883998474226991 216.9412011417724 0.3827161638478085 0.021333376125859362 0.6260290682928316
0.3708785423268288 216.8115944651209 0.23914692984703326 0.022535602088100844 0.7357759777948696
0.40952234446323116 215.8867512888254 0.383847951347293 0.021405570354232264 0.6256796843205993
0.3873626997805972 215.73688496261227 0.25803006706855436 0.023509735799265803 0.7322500013242474
0.36831024093895576 215.14471908984697 0.30243998866707605 0.023159214245775144 0.6950162080451033
0.3378949989293691 214.9985341720046 0.35391806605899145 0.023533048574567783 0.657729363608588
0.26577516160138026 214.99667747607174 0.2944945948672443 0.021354573139420723 0.6751712888010722
0.2442530286237577 214.63488141368316 0.34518270447738997 0.022288373169922618 0.658791059649643
0.23351680771510083 214.5204260275466 0.3244021061015462 0.022121021608020926 0.6717203338007255
0.26673273046535584 213.8503495810948 0.38185483387567654 0.02224095910018694 0.6311913617385236
0.2796192789620832 213.66361155104056 0.3599972714497387 0.022780820590931495 0.6446551900216834
0.26912211734534064 213.31618592432727 0.24129825532798396 0.02263449861452429 0.7373874605916926
0.41975290637730994 212.03564826488582 0.24114804436172388 0.023366585180438666 0.7442732640784722
0.42734424897163614 211.79070520027463 0.25040056692348056 0.023254204962042113 0.7270549426811423
0.35967149309639695 211.49127383003955 0.2437293753693077 0.023249844829428844 0.7414772681599927
0.32339494668297875 211.21385697953053 0.2824750716300888 0.02314662157513689 0.6971894124392863
0.5105524182794916 209.66974500720238 0.3229140947405813 0.021115387361401096 0.6635709100431493
0.5250616219424403 209.17855975690122 0.3691409999777112 0.022951600069435307 0.6436247007470327
0.4657319489066777 208.6580973035183 0.37643461794876143 0.02105032657841628 0.6254003884464259
0.5327694607894322 207.5889081030499 0.31367472659481876 0.02340541094044798 0.6768009859022118
0.5172287167629123 207.05356190931485 0.32822929309849547 0.02268759577479361 0.6614317240723289
0.4159950284955475 206.88051425257146 0.27849972889501456 0.023369311015262545 0.7023828701910234
0.42106857309669843 206.07985961910157 0.27412507603897684 0.021522566575064676 0.6930909620058665
0.43752059737834054 205.55898215383436 0.29691166682501735 0.022312135858734188 0.6797128098526602
0.5106604043316385 204.52526446330086 0.2661786651888551 0.022311696963437357 0.7049345061804018
0.5038866582970983 203.99281461581344 0.3617513528417251 0.02121446642759742 0.6389150540373916
0.48490578507719373 203.31343525887235 0.36201024955154804 0.022909727573651457 0.6453999892534599
0.45059931990394786 202.87184255666892 0.24216778789201235 0.02244410274728817 0.732083357948111
0.38917972576506743 202.58740882573727 0.29391664995335404 0.0233994461839276 0.702765461095534
0.4127871798640029 201.81117241315286 0.2483242645953061 0.0222883128135559 0.7284749874623704
0.3721685388319914 201.7139801832161 0.363842115269295 0.02309555382623548 0.6475857298309325
0.28084117586726953 201.7075971134918 0.33661679392238775 0.021533912880948764 0.6582824528097833
0.26834987756343875 201.23126146281035 0.29879746899189435 0.022533084977870068 0.6930022287001151
0.2670454628386378 201.04360118625164 0.2416911830534935 0.022726682058885898 0.7374384990011278
0.22640632572709402 201.03425656321832 0.29166682101624597 0.023037353895710645 0.7020763433134076
0.19681247468926932 200.88590808510716 0.23774653397885143 0.02348150869349923 0.7455245264187556
0.2874834484498076 199.8466878641137 0.34797838981738616 0.02324056895448594 0.655458138316149
0.3142971004436612 199.69503591824883 0.352644198742769 0.021894994594198525 0.6415872541361806
0.2796896131473646 199.43055695155155 0.3259814270655503 0.022980693319673694 0.6653918962016876
0.24451233251968757 199.3812589114024 0.2501270304808267 0.02231878876534997 0.7212227365094264
0.20828497583729896 199.28107343109514 0.3631372129013697 0.022992218732727745 0.6461599380120624
0.19987770206483235 199.02635526717768 0.30804888801483005 0.021152077898472676 0.6737435688192572
0.249055785489819 198.35706898911198 0.27971809316745044 0.022714358732665235 0.6962361077398276
0.26319411436626505 198.19654857994357 0.30309658908120996 0.02240722994495866 0.6888070308622889
0.23393274079939513 198.0534977389274 0.3328945340329944 0.021512889613188722 0.660499630683888
0.22428602466767436 197.7812026471129 0.3753387042266329 0.02249705713849147 0.6375518328254728
0.3473124321916179 196.6211886788069 0.35313109330921955 0.022862031687081803 0.6563773523238653
0.3919605402184955 196.25378140629869 0.25684085849387506 0.022610320598584026 0.7254957694421134
0.32593185576096373 196.1647160653746 0.274747731792591 0.022345717769414068 0.6977591614308121
0.3155848212394216 195.6249224167227 0.33062977787009273 0.022432926619831157 0.6581775400884142
0.3469071929064592 195.11158249686721 0.24470867614625247 0.02239134213307936 0.7312668297037239
0.343932624193428 194.75978214389085 0.29388606497381636 0.02180175321541475 0.6787084382561166
0.30125562233415626 194.62816633356553 0.3256589724233146 0.02339981353222682 0.6787721802626194
0.26839520686254514 194.37269999342487 0.37240617047634494 0.021180319519329718 0.6308384602933784
0.26523652707185874 194.041468875007 0.24508052503547959 0.022873760322272018 0.730599892298938
0.24290032547583784 193.96142443424023 0.2888191994100809 0.02177672465898972 0.6935739920510815
0.2153002451694914 193.79788005717515 0.3122428453376622 0.02257756921202989 0.6710799774778903
0.18878814502981492 193.79411905877785 0.3152104755455071 0.02301146438816093 0.6726104044907585
0.21934186723960167 193.1118259080565 0.2754610565544813 0.02110186979893843 0.6912803462460761
0.26155352008142807 192.74920155435723 0.34211106930129187 0.022882957367923215 0.655289717446445
0.24817894027493578 192.61321974835772 0.36287726342350657 0.022177446655186114 0.6455530730776274
0.22112944220290506 192.47532153842258 0.285454234768608 0.022830065343167914 0.6926200985108424
0.2631702474204293 191.7673472880633 0.32185513550140893 0.0229390143156647 0.6677613499245499
0.2929215154306647 191.46316271136251 0.3192464153685195 0.023489492048776994 0.6838822021816008
0.2588268303426668 191.3891290224241 0.2801074000116836 0.023065476158752 0.7109896549419361
0.214964340325339 191.34461620005817 0.34660112162711454 0.023593834455984918 0.6618015096926986
0.21157967731886004 190.9740654591979 0.2624343580134658 0.023673310865221397 0.7291123065730997
0.20566723895976335 190.90293341029454 0.25186604816514874 0.021935972252257577 0.7208049387345097
0.17794177086725899 190.86586865853297 0.28514491318840907 0.023407333447990508 0.6976925215374029
0.17014654574394913 190.62825806433545 0.3457048756683701 0.02147668700949261 0.642796366568245
0.19615792391011336 190.1762232190235 0.3662834896531787 0.022887671229353722 0.6454793677375026
0.19768646812480506 190.11743729844036 0.3672422327769903 0.022441347142679487 0.6439271845411944
0.16976189981579473 190.1029037696741 0.37738029258150535 0.02177970545799834 0.6298413169768357
0.22447084481047788 189.23000451271585 0.30698015278789903 0.023341727338705844 0.6922188191496879
0.26036367372635594 189.02391764334712 0.3345245565226377 0.021584712610025862 0.6598588420262546
0.23713008598123161 188.8662272121902 0.33979555103239467 0.023489937303324236 0.668365284614694
0.20468889819297567 188.84897951909224 0.29882872371847435 0.022357246772541015 0.69134782504832
0.1764172763833922 188.7717457714296 0.36177584593933854 0.02288515117312581 0.6458982815998432
0.16267280595933903 188.6531507000778 0.27164638864093554 0.022141679988943563 0.6992619702108501
0.16067314018249293 188.44815290359708 0.3562494823315251 0.02212441101809295 0.6416640224408856
0.15067656037313534 188.43953056865223 0.2516142762548341 0.0238737333429798 0.7387548028857805
0.20337474053760404 187.57136212557356 0.3701819038458656 0.022665730890683352 0.6413031069073445
0.22748666897965547 187.5123205955881 0.2983353464174248 0.02206943230762193 0.6772846122449352
0.20912760534703365 187.27822301643826 0.24404358287677136 0.023458167642345453 0.7367618127985922
0.20246100776887582 187.11283371404093 0.30173834370456076 0.02305980841946074 0.6943522430043557
0.22295020597940907 186.62742958672447 0.3607471387223812 0.022706896983627278 0.6445109897723582
0.2554567406755093 186.22712366806724 0.31850116349266655 0.02371493404561955 0.6772461447038955
0.25834366763872785 185.97791195010808 0.27364486216751893 0.02354242049610941 0.7191892014905699
0.24533786403418928 185.75894472133518 0.3572049563415974 0.021314059096187984 0.6422946004842979
0.24993504102639488 185.38364306442676 0.2730465240358309 0.021275505185079254 0.698425961383296
0.23916963734254493 185.26389202019436 0.35998917695316013 0.022994567606732536 0.6481028336565273
0.2621263293785677 184.6705470849353 0.32983935239028406 0.02349526996713695 0.6758106322510063
0.2656471229182424 184.5326777753765 0.2412473030777183 0.023380251802603634 0.740021742806308
0.2885894189329898 183.90963659763102 0.24739103432944595 0.022276525389615824 0.725602532608854
0.3201279521870564 183.4955917967305 0.37207917319213146 0.021510671478741826 0.6337907032618366
0.2800357227548454 183.4727178630369 0.27691033033671686 0.021062004687142956 0.6914919319710366
0.23226239905979704 183.34032996514674 0.2905753295558203 0.021790054725662145 0.6922022404260488
0.19838887329563015 183.33636356038312 0.2670150258507686 0.02143328311403947 0.7043520375901178
0.19182542115737877 183.00413304284064 0.25814318181718654 0.02372679121842778 0.7243199610470448
0.19291886926023627 182.86846892152076 0.3531700975973793 0.023297217338463242 0.6549551049196733
0.20909494927301184 182.41526451094293 0.3172498132417877 0.023821893387098905 0.6864786640389176
0.20751550322253817 182.3632368933119 0.24413440647698445 0.023891461909005433 0.7430418019177611
0.24712748860983386 181.62554778545416 0.3555229839089284 0.022755818522248773 0.6536733313132945
0.25553867030920346 181.56885012247162 0.36086681402380194 0.022416812501921658 0.6419675463034541
0.23215702889806852 181.30118753328628 0.2524960069556743 0.023563562104876812 0.7359934930365677
0.21152624417237276 181.25729781292551 0.28394841312750585 0.021030220367920984 0.6837008095482391
0.17759382856128245 181.254372605296 0.3216870927330508 0.0227848807953626 0.6778209462359299
0.1545117182141406 181.1959319612756 0.3722289320363481 0.02139777604861496 0.6298172094977571
0.14598982311600303 181.05157226477928 0.2527593397253464 0.02315593488026752 0.7247433613935079
0.15241843543751626 180.78634594859196 0.2685889947606661 0.021814997375221128 0.708277998023275
0.14959733197521233 180.742791877657 0.25191277932043715 0.023538433106552036 0.7289283377523572
0.13908804396054686 180.63019966727643 0.28577130403603546 0.02120258170777876 0.6823972353589387
0.17631104070550677 179.9771856322689 0.2421147423868841 0.02355505570132287 0.7426925607076805
0.2155909318384926 179.65790345677155 0.3290668184505441 0.021097892284831696 0.6507350214405941
0.27532279317655767 178.93985442473524 0.25139855771174324 0.02230274950435329 0.7206286589027366
0.2778257347391438 178.8592357003762 0.33007576822106444 0.023430249004841974 0.6676048522567667
0.3327320705280032 177.95937614067302 0.2844275160790879 0.02201994231762813 0.6878902616427387
0.3248153754800111 177.9212737648974 0.3322587886785686 0.02152499695488767 0.6511994896965474
0.37132550462372 176.97435131599002 0.34686622031949554 0.023475833058247086 0.660619959579093
0.4387051110142269 176.31748817514278 0.3113456880374069 0.02217279104773525 0.6805721054455165
0.3716834245889192 176.26618117281387 0.2885718694671093 0.02148057231462118 0.681418316898403
0.2772082105770919 176.24918761218845 0.30536786890662176 0.021276505316603214 0.6675794406528324
0.2300777232188688 176.11536125288276 0.29042448789244313 0.021021326929889984 0.683246392682624
0.20643371835779126 175.99762257967615 0.37222061090249003 0.02190110013096119 0.6332485555379447
0.20054379963479965 175.7344194579011 0.36966271168891335 0.022441941137348518 0.641128003946392
0.19181606794758047 175.64061871637423 0.2688745976874815 0.023330266259923665 0.7213351540906779
0.17812967784151482 175.4886963512025 0.35224707041078074 0.023209493615375335 0.6543327186916453
0.1692463722514846 175.36514298863233 0.3495688048265809 0.022214248630178526 0.6461504640349895
0.1564958633758793 175.29730963178508 0.2459126237960542 0.023721776857480663 0.7378527000952
0.14614369605283742 175.18314920771917 0.3500825652816063 0.02168322853763753 0.6420983965526904
0.14641174089310627 174.97916622406672 0.37258036266534533 0.022234893508552494 0.6363175928789945
0.14595440723687292 174.86192139380947 0.25259741246408807 0.023635062347939675 0.7293392117685435
0.13571422984974493 174.82486326418268 0.30945971077857526 0.02169207711328451 0.6670985543755675
0.1332569240940139 174.61780313956785 0.27881795131379467 0.022565851004765842 0.707737057392011
0.17078620746124218 174.02495765105596 0.3580406756816081 0.021367116527972373 0.6361075675984684
0.1952061278194621 173.8337054955059 0.3276821500867528 0.022802679353152364 0.6734975242785498
0.21705327795449303 173.36394698205743 0.2926726333740667 0.021207385461467648 0.6841666418155694
0.21761272904974086 173.27985167782603 0.32926648882053233 0.021862956473720746 0.6553128341128274
0.23053625096824884 172.77960153105067 0.3459815162459104 0.023393265823770163 0.662419862737698
0.23565391201265615 172.63665934280388 0.3551094120560407 0.022260839499363375 0.6508541892179355
0.2058181049730986 172.58015936009826 0.2755141201956879 0.021600914714080308 0.6932143565524637
0.18016137202982327 172.50140206263956 0.2820748268768565 0.02329428940043282 0.710635402905063
0.17069585215472816 172.31581617269975 0.36851083724754 0.021839175523646975 0.6343617254856394
0.250371908993738 171.36382536230974 0.36923665426963026 0.021254430368111896 0.6312775220665646
0.3339922985525445 170.7855381268895 0.3114005846567632 0.02122149495291468 0.663177240474804
0.358191145210072 170.30639400746097 0.3442747787439302 0.02333397910577188 0.6594734073866559
0.3243822521693904 170.1442856293149 0.31469218613149247 0.022154934871979927 0.6779321048570598
0.271402254959296 170.021950894131 0.25023883236302563 0.023355094621990292 0.7358289736595045
0.2578405761657723 169.6721303807788 0.3450815681423951 0.023334069581666766 0.6591607388933622
0.2452149540258359 169.5293766191493 0.25526568031537045 0.023109333050402955 0.7221657786096249
0.27142499976397455 168.91772296336836 0.2954253083853258 0.022491247709058047 0.6945394529007639
0.27184464102787564 168.79826916697107 0.31870653922170644 0.02358631854632618 0.6762613900000064
0.23159539844043778 168.7049407651014 0.24905726401660147 0.02294945176998837 0.7333455027267557
0.2086077879228594 168.53911421752898 0.33470110476701187 0.02333072047282341 0.6710327272606479
0.2153394435404773 168.17713299821736 0.27962068618718744 0.021554738127843684 0.6895044039906607
0.26207181189844303 167.58680272642167 0.32107425592157346 0.023681029481510775 0.6825940810910139
0.25668602263282536 167.5351758165914 0.3397632387270452 0.021316743856443127 0.6458084175167866
0.29323812898060375 166.76538278545345 0.24740068223006872 0.02340468692020088 0.7379910199698625
0.3215075406118807 166.45041914055275 0.24682123171369652 0.022941759161302124 0.7304035170994742
0.27795248947229434 166.3768558468991 0.30815492690637614 0.023245440518833524 0.6799232790000372
0.31031493152786277 165.62049376011305 0.3041843930126332 0.0219579317624958 0.6836189939445145
0.3805656740720489 164.97004398327599 0.2917696749478851 0.021661703185359513 0.680151876554766
0.3380476373975415 164.9238952863473 0.2711769432381595 0.02137201711210733 0.6974226700781216
0.27351384602585616 164.75614232303369 0.3586129469130719 0.022466537376475786 0.6440378749881934
0.34494003157891384 163.81534614376096 0.2503790462601424 0.022328871955155573 0.723155540297968
0.3356454037649148 163.77474745912048 0.35084505199932503 0.022796104051326895 0.6566484344061995
0.2839497559166718 163.49583209573353 0.3692083814921162 0.02229724024249164 0.639894621414046
0.2449461919472709 163.48398800283186 0.3703046479797111 0.021481518415960778 0.6330590638960972
0.19773213984434035 163.47843604961065 0.2910727737436639 0.021511416821853025 0.6799194985695655
0.1706661627922441 163.40064192743978 0.2545773787829257 0.022105694355230132 0.7171219968425766
0.16438187340667545 163.1980411726904 0.32951566770682894 0.02243672994399669 0.6595436070450088
0.18514993476754815 162.78110241882706 0.24505805465496977 0.022847141288545696 0.7335095295496588
0.30857228320897023 161.6795028446311 0.28762399868025074 0.023746589478911746 0.7086615578376116
0.37635042328973206 161.20194948155063 0.2765687514627413 0.023175181739187815 0.7138578502482177
0.6503894902448032 159.25186620450336 0.2937266371155505 0.021104177446313148 0.6815782744655967
0.5608561556105469 159.02980527317496 0.36721819895635066 0.022268431089350976 0.6413468186546533
0.4314873070815089 158.66300763721918 0.3682548131128075 0.022214353623373363 0.6384795653336705
0.34527119477329316 158.59139266275412 0.318256488416596 0.022069184452970594 0.6744830476063088
0.2761485432183871 158.46139801765673 0.2603213752623227 0.023625896046176383 0.7294922536337655
0.249709092386298 158.22304307644765 0.3464899825459113 0.022498032141182234 0.6505029860573842
0.2204932851483603 158.19312897230577 0.293196039809939 0.023344887185813 0.6916695344348467
0.1825614889927436 158.1922270231329 0.2729746699229421 0.022984098235979314 0.7048986092695244
0.21601937704794835 157.48675570630098 0.3420979570561203 0.021168121359636163 0.6440431277618399
0.22399283589532482 157.48562982631162 0.3125920211196854 0.02394909383614501 0.689467944436179
0.24831313096557342 156.81509668761078 0.2614803836965669 0.023299945812153864 0.7264157336955333
0.24742865277382403 156.8089043681546 0.26573179905284794 0.02334504753261961 0.714415341098506
0.3452896512006789 155.62703701947493 0.26691418210530526 0.0222637067227869 0.7052270368412259
0.3554691845223972 155.53869479042626 0.2964389792478599 0.02351745357359489 0.7004466466163826
0.2994942158417199 155.26900298796232 0.25629586139041616 0.022283509982263822 0.7210661826508192
0.2540300994635498 155.25874339886195 0.3334344952255428 0.023370925192862376 0.6658893513063029
0.2074791194677712 155.2044899427985 0.3263580536971725 0.023763535321198275 0.6746438709688155
0.27871029372115436 154.23542373247557 0.36007103695771475 0.022504487241262066 0.6479623881384711
0.3036470824382155 154.08392202971237 0.3409243296592147 0.022825072998097145 0.6564391035167664
0.26321416414431387 153.90736079123553 0.2731332569770688 0.02361803798344898 0.7192062811280076
0.23292752083551646 153.7887909338931 0.281660517211577 0.02116691386365452 0.6893191170771397
0.199882264876017 153.759079913013 0.3125142521775321 0.021013253282818077 0.6677492362026277
0.19811881887052843 153.39302384904875 0.35711661439442 0.022851868604645734 0.6494711294174673
0.2064389805846488 153.18667305662967 0.29149041335549075 0.02324956709477906 0.692226527557469
0.1913578540418877 153.1059538504343 0.35589789237845093 0.0212510343417691 0.6412482527807117
0.16744261454853288 153.0807129829545 0.31863801184106594 0.0220346024549366 0.6738096212348457
0.16804314626744443 152.7525018854181 0.2510367018096721 0.023657990587379482 0.7324239014713017
0.1678690138259009 152.6846036453232 0.2913861927676822 0.022029007864528185 0.6829965145709045
0.16630768023854794 152.41886542544142 0.26296911668414574 0.02291080835966983 0.7221704468599554
0.18639290615109153 152.05443725789286 0.2500622118377763 0.02360175591436081 0.7330418699072189
0.25427961546716976 151.30878210202337 0.25404860476034413 0.02282399470485405 0.7279771268807798
0.2755878978428844 151.1169962107477 0.304202493758661 0.023853323971271507 0.6957470834798424
0.2536427471905684 150.8884902885698 0.28672539327792784 0.022902201311359918 0.7038318570432192
0.28825399556821335 150.26018745118168 0.3160184354735515 0.021976458101137478 0.6650307208420319
0.30175687007371726 149.99410077275869 0.287814836847628 0.021442669325674058 0.682637850886598
0.30286736915726997 149.55620024062983 0.26746174224994823 0.02352114653010135 0.7229739034497329
0.2722499406567681 149.51943750175377 0.3646282598629898 0.021985704480905494 0.6412533068408737
0.28326577780017687 148.89989873798552 0.31298851685894274 0.02107564667136981 0.6680480324353897
0.28062253668393805 148.78338705442482 0.2717255380635534 0.021636528769632356 0.6978502884839335
0.29074517473476974 148.2136379612736 0.2721688909977268 0.021501401072569943 0.700306780575634
0.2854075886905221 148.06854456110892 0.31512129176301384 0.02317413705157172 0.6842426305457598
0.26731168706492175 147.73930075275237 0.27866682893568556 0.022003950592440754 0.7020695466453832
0.26077373892835626 147.49649635153526 0.30712818079273063 0.023365394896088312 0.6821677933290351
0.2366835894044625 147.37687250817706 0.28415272663873586 0.021237205726158268 0.6889864235310696
0.20386780768452367 147.33097850466828 0.34263776834813886 0.022963483667966404 0.6628744990018536
0.179127649474992 147.23750657082178 0.30014622373729877 0.02368538132375207 0.6901509780574205
0.1582502270574063 147.2271256107953 0.24887622098505988 0.022898555656989967 0.7315919867855956
0.14003194233309377 147.17603224557138 0.33665526833080966 0.021028156696574846 0.6469958338755325
0.13437118268275824 147.02138337931743 0.26699373747970717 0.023118915699628307 0.711614388900581
0.1918104057078876 146.19386807877837 0.2909376642331617 0.021975408434247678 0.6928540274134585
0.21802479549893788 146.10382581422414 0.247599284875877 0.022970467358464502 0.7323533392698316
0.2099281739629641 145.81242577980612 0.2493278901343509 0.02364311176023251 0.7358261096764527
0.20111649403088377 145.71665247486126 0.34259218983219974 0.023154292926144727 0.6592443663838221
0.17459522879133027 145.70424348877026 0.3008579117143452 0.02343235677657513 0.6871940270000554
0.14953590196081348 145.6975528597249 0.35892907408556163 0.02170858220060066 0.6431750368746797
0.14280766456331923 145.49351777736968 0.25686542449747884 0.023126587641809443 0.72152179335219
0.137754676053295 145.45810085329776 0.32113744011384515 0.02361369778358345 0.6758894432696227
0.1343677708250543 145.25927449979008 0.3520044408848674 0.021448923384201422 0.6456570674571146
0.1297050392629247 145.23616301287188 0.35318852460384104 0.021079114200362806 0.6403285304609206
0.1283386955472017 145.01303909155817 0.35273717042567265 0.022943650230510558 0.6545082993601856
0.12592301454324265 144.98773948779893 0.2592394473301169 0.02386921684063489 0.7309310898529198
0.1609591223859661 144.2864470467236 0.29431956317743596 0.021133485478299203 0.6809054269660315
0.18737576992390736 144.14810918794637 0.31777709369944435 0.02209679675172349 0.6747264051882692
0.17052737531717208 144.0919706373318 0.31749423406572463 0.023743815823446535 0.6846398484681488
0.16380689012036223 143.8765324912957 0.32128869586983466 0.02365760149742003 0.6814404006041591
0.15978405271832435 143.77929597635423 0.3518892955368286 0.022105356618898963 0.6511245561193653
0.15160436082480436 143.64965620253707 0.2640888450992277 0.02282593466334198 0.7121101360746224
0.1508556745065341 143.4617654106576 0.3272417299519649 0.022666590324935357 0.6722308493608712
0.1425910509810324 143.44096292914082 0.24795476760568086 0.02299294582501868 0.7317527318057464
0.1412652641983995 143.18685513439897 0.356156516082827 0.022564257076672298 0.6506942981951495
0.14217609080509266 143.10209836950315 0.32506114905429795 0.023523689046846482 0.6726893453727065
0.16202856605510702 142.62215332082783 0.28106726421909833 0.021795882029982012 0.6980307026090014
0.17674495048837371 142.4821124115643 0.3017221996241791 0.021984553121609605 0.6751796873550988
0.16485368937680273 142.39323684269544 0.3303201620422749 0.02129123379475268 0.6586608442369484
0.17301293929636394 142.03118839414634 0.33413103623440316 0.022147490355800513 0.6550987014476348
0.173736048874627 141.96666768087832 0.33441321109485556 0.022328773160871063 0.6562936923200884
0.1668334371716685 141.7526249634349 0.35640997541254216 0.02239326242663803 0.6496028710047929
0.15792727931188655 141.71651287199754 0.333090889793344 0.023585281679134314 0.6702676440936594
0.1443922134324245 141.6170916612508 0.34814547364533066 0.02115679861651925 0.641476640325148
0.1326338492510316 141.59447072970102 0.34946080234096033 0.02252522438209393 0.6554599907908939
0.12870537723380757 141.4054697080382 0.28934787465248957 0.02248684792462105 0.688014109695306
0.14865051326123085 141.0094959190339 0.33050628095679024 0.021909232501533014 0.6556062112413458
0.1514947566183809 140.99511820799137 0.32388873972740495 0.02289156512485671 0.6759908902501052
0.1491195099580824 140.73053892985496 0.3273811251858343 0.02325274759718665 0.6753059138633287
0.1449700203417263 140.71593274795063 0.2875463341554151 0.022205408913721462 0.6973106626584394
0.1711600255989543 140.10869383495697 0.2941150561518587 0.021042819989764188 0.677342067321662
0.18862910062847102 140.01013665997817 0.35184737730813576 0.02226118603232572 0.6520806817640074
0.171950643849678 139.91148980750154 0.29290887591234444 0.022467152546620323 0.6955782010755748
0.16992007705442155 139.66870334878817 0.2839852359847066 0.023014396884441398 0.7064682918020394
0.16815172413851315 139.5481400308126 0.3265134544833321 0.021300025649448422 0.6612283778796774
0.1526698773900547 139.52209520795518 0.32646987075821154 0.02372571559434475 0.6762259552326502
0.14430676483441193 139.3512512384174 0.287336517052474 0.023279994374895713 0.7056677848086721
0.1382791620827281 139.29820259588857 0.3427957159385757 0.02100196093703205 0.6441013945348376
0.1485283366262245 138.9170711061277 0.2530539311149072 0.02266534986132738 0.7227856461619601
0.17298839908424968 138.59772797061595 0.36123963050329755 0.02166379740470546 0.6406345182533904
0.16742247544759264 138.58567661662408 0.25380912682739926 0.022858831918341132 0.723096178498827
0.14444556183800517 138.5759458824969 0.3174319320796245 0.0236119765591171 0.6783247702046122
0.12978549724685673 138.51752062594107 0.3364216465510615 0.02296108110008342 0.6606320401494337
0.1300131862611959 138.29985957133027 0.3504275828619041 0.02266840008324799 0.6553417984907769
0.13769066568608596 138.0996776934931 0.3421614329426258 0.0211127038285492 0.644625845857023
0.15907059810476876 137.69113245687083 0.29370003472776457 0.022392607422870952 0.6943307458732431
0.16112305683877481 137.67627573956116 0.32892192520891606 0.021920380572137597 0.6653614549726765
0.14075850629746936 137.6530532100046 0.2512086523731835 0.022637615778750234 0.7263665578417431
0.13521831382198662 137.46932786734598 0.3153328999342253 0.02290547214673851 0.6822195945402165
0.17969925838910206 136.78841437753962 0.2989311204354376 0.021275734461716912 0.6795090555073386
0.2098820558502448 136.57978890438727 0.2800055649125389 0.022011721118528848 0.7008582805317441
0.1948967601841287 136.48919235684355 0.34729025872198227 0.02310642908722961 0.6579417780049001
0.1825508552994228 136.3086325336443 0.313357010542366 0.023593782742631634 0.6872061401378414
0.1860495161128655 136.04385534927252 0.3418604654794075 0.021336658236847134 0.6511134826029688
0.18937141481320474 135.84113404751963 0.3441018975351677 0.02184258576078474 0.6542467822468133
0.1766414002005757 135.77998986688456 0.35949377413789496 0.022325839337140604 0.6438748969756897
0.1581223852029791 135.71357189591714 0.27474224981176276 0.023450011882656763 0.7164108068866343
0.15867100619982916 135.44006481326554 0.28740424119921826 0.021297198027247506 0.6831817170467163
0.21942254365226738 134.68531421708306 0.3566877174316647 0.022375177666010895 0.6454308140045629
0.265746996681 134.3269566915201 0.34976517310355004 0.02157963781874811 0.6429100454563716
0.27325779996949984 133.98360573065665 0.25925871220745716 0.023977236361149908 0.729930051997252
0.24901053599951856 133.90720656989723 0.2914935609550889 0.02142576966709892 0.6801233392306419
0.21684180868247116 133.76969017117102 0.351651135854791 0.021222693713455365 0.6405663687894433
0.19692540940160094 133.65485461429807 0.3181983098775617 0.023851441843480082 0.6820428440994974
0.17766860768349477 133.57748390794973 0.34984180236158346 0.021352077920333785 0.6456351952919346
0.16279431416474993 133.47070767992534 0.3348450848708152 0.021761087172884438 0.6522453939709233
0.14686354474737304 133.45797745568453 0.30104318046572426 0.021818515619541744 0.6748385828594704
0.17315346012086633 132.8477401087614 0.32435787737553234 0.023520067147920723 0.6782166271058968
0.1853888912833435 132.81492133642456 0.31384139457491295 0.023754218842081464 0.6870691304946832
0.17371307491184315 132.6022394251926 0.3340361974562643 0.021140767835199758 0.6495170242867254
0.19325811664310405 132.19672564916985 0.32604896235298386 0.022004830638933427 0.6592064150103945
0.21419174810463124 131.8917952369282 0.3478631896810084 0.02138847482254406 0.6429870622111059
0.23943962842382235 131.44730777751442 0.3285334184295092 0.023438711825323918 0.6703128997050039
0.23018980372375786 131.39409010414914 0.28207994104531137 0.02275454621911193 0.6960749873628843
0.20440351575277607 131.22872470894123 0.25683902328752944 0.022633406042275733 0.7186322399295239
0.1866069996204131 131.15280888485705 0.2530367710397106 0.023537527966581574 0.7326790253292714
0.21605898196483228 130.53599764934765 0.34592812492601943 0.022775533058643237 0.6542565767472454
0.2453291081145714 130.25658148559117 0.3385614996010272 0.022249280781821028 0.6536257516197967
0.25669547592462677 129.86563833683118 0.351326090457841 0.022786756064365647 0.654465566779777
0.258653774183109 129.61545220260703 0.25614569506954066 0.022623042812004432 0.7194632927620832
0.2376841473586191 129.47618843591798 0.25230667386370254 0.02351626131875919 0.7315458425835604
0.21703590500829112 129.30532624707612 0.34085095465039716 0.02325780473146592 0.6631874814585261
0.2009183732213008 129.17396003845963 0.2976522714000551 0.0210807715059463 0.67683944872136
0.17999210271210744 129.119842284885 0.27302523468852496 0.02307624843887893 0.7063719541459133
0.18205850008990365 128.77334177179597 0.33274087031745664 0.023081012319550447 0.6641616183328704
0.1803027272022043 128.7077969224033 0.3464950140718053 0.02301194287859206 0.6588069209556737
0.1771203974467442 128.43196000109288 0.32945515110401635 0.023154203322892992 0.6728964800477616
0.16756681508590549 128.42793615968736 0.3521754246948347 0.02250339586016242 0.6527362560693013
0.14999549699773074 128.32608120500285 0.29466694778399893 0.021401744964502905 0.683619245221329
0.14149078831448728 128.2340903269697 0.27649855766325415 0.02229751057900006 0.7059421213205719
0.1532627780337963 127.86100278747982 0.2760222666823213 0.022575101188919273 0.699921247958919
0.15630251982446117 127.81580719215455 0.34174470361976306 0.022955472164174887 0.6626987848793439
0.15393082054697654 127.56718399466916 0.297576001240832 0.021171670155729284 0.6748671713869344
0.1531550054771325 127.4751469755605 0.2946636247678313 0.022879056100891946 0.6873079180251608
0.15998977041503207 127.15033302178223 0.3265998410000689 0.021984365239435828 0.6588531973278098
0.16837585024682575 126.98019350227726 0.3015934247235116 0.021973400525702944 0.6755729247891993
0.15695510366399396 126.93757284366782 0.3236440938411917 0.02361275868606393 0.6754884594035044
0.14175757081376442 126.87371063205867 0.25655047330513475 0.022854491513458895 0.7206232617734002
0.12867591484474325 126.84986206258793 0.3303923772279289 0.02257796632566937 0.6689700419690827
0.11522651668921778 126.84452866988636 0.27565675119327787 0.021994068517883224 0.7034612610503544
0.17629786050331375 125.84597811053813 0.32829701768303177 0.02350244418422267 0.6745017035327815
0.20547459755014158 125.83369743680234 0.29318279634919475 0.023757907028748918 0.7032059399475643
0.1789852997486581 125.72548181607372 0.2874470492256669 0.02132279253909687 0.6837642756764979
0.15931823087889205 125.71154190392035 0.33534721416118196 0.022702427744766943 0.6592630758494691
0.14931803846275324 125.5344831006183 0.30589694286118213 0.021290963380127613 0.6745806213900737
0.15153936415049107 125.3491030860626 0.3543338454433796 0.022187973581359467 0.6491433129645434
0.14778495813946138 125.25353426146 0.30324905696915744 0.023983368705730288 0.6952558976681067
0.15171806963148268 124.97899493356182 0.3116790661809993 0.02388425968554204 0.6880734721291986
0.16691594037976487 124.69384184843534 0.2530016054777534 0.02347338115948458 0.7313924034835457
0.16246442455108717 124.65362540602696 0.35403795455635056 0.022318800521601265 0.6501136867990254
0.14635415035215746 124.5821039575955 0.28658034108487995 0.02126144230876542 0.6853408088839074
0.13409107594416286 124.53497743861396 0.2627129522130725 0.02396294383273808 0.7268131538724653
0.13469282968572027 124.29287598312703 0.34019617183716055 0.02273638295726469 0.6627476826126424
0.1353387767008113 124.21642345831475 0.25504315349792517 0.023316796983412234 0.7262174987141639
0.12942685438252932 124.10182608648446 0.31007352107097796 0.02363560393149416 0.6837215133981104
0.1352474693594558 123.84587689883466 0.309593203039434 0.021168088648031772 0.6658463633232162
0.14239998568011253 123.67729368847628 0.31574202049924394 0.021349833690903024 0.6685371351368703
0.15149089625461962 123.40055197001476 0.3139393941230012 0.023269178044068934 0.6849473609490317
0.14796311234259804 123.38019199747583 0.29748833574321715 0.02166273223027413 0.6844705394422682
0.13988705389970418 123.2132833296641 0.35678694110831033 0.021829698636981927 0.6445161127293542
0.13922167684805367 123.08223147241621 0.34280888346945815 0.021438743040201737 0.6509870617195282
0.13761900527162724 122.93635489063897 0.32673730676312107 0.023589939017869804 0.6749793975477687
0.13182268862536506 122.8761717436077 0.2789572406720367 0.02309702351493375 0.7104630622385133
0.1352266653169036 122.60695569237275 0.3094637958368945 0.02370369509023325 0.6849917449481888
0.13769331125358858 122.52245614817421 0.2749133253849946 0.02290090311835407 0.7034948418809852
0.13401802576772717 122.3721469867179 0.33536410200029854 0.021232696272319312 0.6538034464093034
0.140594602465943 122.12785996408472 0.26012991301068505 0.02221942248416166 0.7156923959678033
0.1486495131235165 121.92886996928681 0.310189473748397 0.02116894762654847 0.6699744303823426
0.17560032108857865 121.4502710348895 0.3451047283855262 0.02131585925749483 0.6446495264611499
0.21903265693448085 120.98444966376302 0.3411840544447955 0.02109487661646898 0.6470396256508589
0.2136524246434773 120.96068248629211 0.284936601535755 0.023480702528614526 0.7081934106562743
0.19368042017180295 120.75554814697377 0.3004562623449007 0.023880021494445056 0.6974725972734983
0.186096858323386 120.61797176270188 0.25328964270323717 0.023382571595054677 0.7301771319048342
0.16756779895805962 120.58898779235385 0.30922027821093767 0.021026417808966177 0.6665210776165221
0.14909805057998743 120.52445981066077 0.3592452024690055 0.021912502153844708 0.6424324650756238
0.18199370945345145 119.88345627821832 0.33011732103344493 0.022467401584228875 0.6682302496683812
0.2154022450072825 119.61427802928127 0.29872754735851687 0.021254535333241537 0.6785696647120402
0.19938110956990032 119.57071477820432 0.30351399933786266 0.021731822520851846 0.6808488597357576
0.18086840147157887 119.4110519397984 0.357529428472398 0.02170538741068315 0.6422439855823239
0.1654561073866213 119.37604864396931 0.30045515511695486 0.022346028193891778 0.6885659072871461
0.15326401727064826 119.23133777183102 0.35509617460732235 0.021625334349435435 0.643636924727238
0.16175816054762546 118.92796695476554 0.2621467490358645 0.0238102626759584 0.7243013172359304
0.17419602836989612 118.68695629218566 0.2600970545254479 0.022966034197849657 0.7180547432114749
0.17204010980881657 118.55984911468639 0.3356538550933198 0.021332307396183577 0.6499213541234016
0.1941604935312575 118.06489876410393 0.27418508528744623 0.02178758631407128 0.6974489775152
0.21870725633959312 117.78240277098794 0.29755788154349383 0.021223752921312584 0.6755143350917596
0.21907045138764183 117.55505482163028 0.2683061539288185 0.02374382779106641 0.7222284576564455
0.236243240313463 117.12124859678376 0.2894684687659616 0.022939316643046236 0.6920200167360536
0.2513593453363588 116.82256361674146 0.29834355332604345 0.021179584355242864 0.6773386948127224
0.2319920829848815 116.72868665832092 0.3329959192939982 0.022148158283291117 0.6637931314845409
0.20758440176369597 116.57802846629984 0.2985370271413559 0.02299408921642987 0.6947158177103328
0.18433414269949155 116.54831925955031 0.2649505195458455 0.022766817673731937 0.7182537655314581
0.1837573566372096 116.20270887983588 0.31031894654206527 0.021218201181553088 0.6658128587308856
0.17745859074565534 116.19268131266332 0.2908971471555767 0.023644012587960242 0.6974573661628783
0.15460088203320177 116.13831679483735 0.3228645736243959 0.023436404420818457 0.6784239209204326
0.15905598987804798 115.8104277600448 0.28627202618390557 0.023353911669709314 0.6981743260321029
0.1608339945309613 115.73505819073274 0.2979602721987338 0.02396357089906078 0.6990904336541499
0.14969171593780603 115.62624953067234 0.28618163949900177 0.023871675058588535 0.7037015895425183
0.15068441242590364 115.40000696673528 0.27035442756599093 0.02386769938626275 0.7209281685582617
0.17772156264284197 114.9396044154722 0.3246435256562184 0.021197499135163635 0.656217718273134
0.18871282035275322 114.80849354338068 0.2935099041742727 0.023893374011548996 0.7027921538693847
0.19374060317627065 114.47474747162642 0.25625001406485765 0.02261049616323527 0.721620685340983
0.1882301552030937 114.4172407074192 0.2581090046415886 0.02297522111881593 0.7204920730300025
0.16990420085106012 114.30453413344105 0.26284522591494675 0.0221327734507212 0.7122279107476929
0.15556856680796274 114.24798514801637 0.25442123972901187 0.022921271065465723 0.7258303579178399
0.14314617587413558 114.15821946523727 0.27451651982541525 0.022218956271145483 0.6993087188414961
0.15386490672537723 113.79517813509139 0.2679486682134526 0.023882490275762964 0.7197476304482071
0.16418830378909724 113.63804024555327 0.2868474761137035 0.023621989715670727 0.707166686327954
0.15803543300660639 113.51986183648572 0.3423994674587153 0.021218213018467668 0.6478082540655755
0.1436551786378924 113.51022276281878 0.2725580287222109 0.022305762473504378 0.7083895238651592
0.12778240735347557 113.47588088880272 0.25572631916666605 0.023031076138943642 0.7238215145119681
0.12075972529420552 113.36373467527824 0.3553983653050432 0.022251858204699167 0.6465136602153436
0.13234902767252857 113.02849876922879 0.3390275322966938 0.023058902074360427 0.6642677835750751
0.1364498183584984 112.97700338625206 0.32087648383717904 0.02363256740507258 0.6785602363525951
0.14021707298602934 112.68715214123682 0.29820276819150315 0.02119174175108804 0.6755561626334646
0.13963297558828308 112.65883606336 0.32409816944238246 0.021040157218746365 0.6571801397745759
0.13363180930209126 112.49004002785244 0.32987528917972164 0.02340628595154689 0.6719591441295031
0.1561061760240899 112.04539894903235 0.30490765192427227 0.023805645308296583 0.6932548406297897
0.19738023102313873 111.58061009940317 0.3086299769727924 0.02200533812019961 0.6795937720780881
0.21076670846941314 111.39120592916068 0.29347992662116035 0.0215327731013043 0.6798147906028783
0.19226315965771307 111.32450885028979 0.2884365387591152 0.023008164078137668 0.693552233056298
0.17063613129466348 111.25092433342314 0.26431493016635377 0.02375494554021545 0.7246983489940574
0.16223804832789657 111.07296365084929 0.2784626820617796 0.02339167032256837 0.7123812954006445
0.16955925891884177 110.79711379211098 0.3007646530966219 0.022903645241844767 0.6834578647304007
0.16618882185042114 110.72689801614878 0.31420274865579656 0.023534891740918495 0.6805526656592648
0.17749037704309711 110.31137236450797 0.26796818585613125 0.02270680616164581 0.7153018099328244
0.17680750543448476 110.29767196400783 0.3488169762451059 0.022478335741140942 0.6542013139968268
0.155759813061335 110.2225968116164 0.32983368371357014 0.021434118379606203 0.6541244856095129
0.1497299791901911 110.05301131453979 0.3155062229922732 0.021784557619575675 0.672708913817997
0.14480737588153517 109.96630202105439 0.32694813891756713 0.02298755541491668 0.6671778886736357
0.13133508650123454 109.95985813684176 0.2562433492509537 0.023381129983632357 0.7269980541528362
0.12378103706371958 109.82035620394495 0.3013860909980523 0.022719264156357437 0.6905204821786256
0.11863005095583436 109.7828085894177 0.27811769736240666 0.02286376618583606 0.7008239422343694
0.11500736251893723 109.63792845609747 0.3309555648779716 0.022470328270404887 0.6603163937251295
0.11012324012330872 109.62605458963739 0.3479445878126815 0.021519020087673937 0.6473707092593523
0.10399095565931189 109.53017938472725 0.29599784828688847 0.021914188054095982 0.6876490213740294
0.09993733263751187 109.48814484218201 0.32072660879387604 0.02176401310346811 0.6688733507251624
0.0954133717384605 109.41806619101052 0.34872144628306373 0.02149469440249477 0.6444497126104928
0.09116245535764458 109.38221818223562 0.26583065311820564 0.02386138636806403 0.7233056016362526
0.08898868099838092 109.27736639371169 0.2799240644702842 0.02236739274261981 0.7035005698880274
0.09420041618605614 109.07317720412924 0.2577945083393207 0.022707970943014025 0.7195525786557935
0.0994975536322147 108.94692776083372 0.26989629170606333 0.022640839927134754 0.7132709648885676
0.1040404968565472 108.76357932678923 0.3233928518472733 0.023077477162794718 0.6764084544752744
0.10437096596607331 108.70752637806238 0.2658835453602264 0.02310758256123715 0.7199725264544277
0.0974304450777265 108.69047937674404 0.34600689131039386 0.02280669975010447 0.6572243081558654
0.09361359415287229 108.58841047895619 0.34739370843404754 0.021699281846189068 0.6459726231387287
0.0944910883836146 108.46925357010483 0.31758938899853706 0.02299487426571742 0.6802998837385017
0.09085892788865232 108.46775471504705 0.3125091440464457 0.02347266152396106 0.6863707843706527
0.09280811283245237 108.23995041772568 0.2983623216582302 0.02339164366846673 0.6969468758339233
0.10566862520651185 107.98332823231081 0.26246533633402025 0.022730478851438703 0.7144170384914114
0.1077919123166412 107.95089978456234 0.3510636589007291 0.022148019383376964 0.6503805286780753
0.09857445095611986 107.94929761498881 0.3231842986566542 0.022134539627257883 0.6703184107489648
0.09690885294719868 107.78302773580013 0.34963937555603564 0.02257473277964583 0.6535106191035905
0.10043658832985754 107.65809693152863 0.2990476018976093 0.023127256673775184 0.6949279885561
0.09929067528258886 107.5891279615544 0.3130211647831097 0.023655008811197777 0.686211411312887
0.11610947470833989 107.14173475537275 0.2643923118374362 0.02224224655865781 0.7098642447029619
0.13386580637263187 106.96984385785072 0.31581939974524315 0.021480160213672467 0.6693222394614962
0.1333403593337178 106.85434452367426 0.33613970142312055 0.022919221031987753 0.6616289521924873
0.1496977404529466 106.44696866826024 0.3402246143292843 0.02206616056366539 0.6577310955299184
0.1548117428078493 106.40501081506787 0.3354400063375293 0.022714189588745114 0.6654646634991848
0.13757479136635778 106.38174071869364 0.33632766769288647 0.021678254451812432 0.6571603010189584
0.12574476839632825 106.31215320970882 0.2694526111085596 0.02190528499145855 0.7045354442103344
0.11567685575568308 106.29663855672834 0.34260874750570613 0.02154986120655085 0.65145586574491
0.10711323085376957 106.23527755118613 0.33982392558913954 0.02143045336028818 0.6521416686557647
0.10813223441279292 106.05133860558732 0.33584101257989163 0.02301824109909107 0.6664173601264513
0.10972561776254133 105.9621195275765 0.3497201360581954 0.022328923412939194 0.6496122749520062
0.10332068886291422 105.94659224077094 0.34741215325756547 0.02191261110218148 0.6474083028254667
0.10298383333710825 105.75536226972612 0.30048050261227777 0.022920944925713234 0.69248276204645
0.10809423889908167 105.61195475615303 0.3343057522229092 0.021228271647820676 0.6533853291364075
0.10391468225947449 105.60467189949975 0.2774935008428561 0.023337387956172344 0.7126130173294
0.10431192858337286 105.39044227495879 0.2788048735752787 0.023955643898778245 0.7116492871467394
0.10706699660378051 105.31117143192415 0.3240827887469258 0.02280220822907384 0.6742947415378753
0.10573118625346356 105.18920655080024 0.26676836160998313 0.022208019346438568 0.7072165026494615
0.1049583728593443 105.09746648031474 0.3126213213195057 0.02310387430150571 0.6845050419169363
0.09920840662713722 105.08586255751862 0.33112846070007634 0.021594984144820542 0.659915088269832
0.09390222049796254 105.00672564595924 0.28933383621086217 0.02210327928753199 0.6863371521178067
0.10543611768385337 104.65545384818398 0.31074286083887454 0.02221014096757144 0.6796584727298165
0.1320077910576721 104.27445701317772 0.3310718937721363 0.02289538429248175 0.6641722561711608
0.15273819965378507 104.00876442289098 0.279448733531543 0.022987534311899496 0.7087453382229665
0.15258465321290948 103.92452333078569 0.3494495168900711 0.02178627196059243 0.6458381155789794
0.15250470028189644 103.68626379101927 0.28086008176891236 0.02358824251537381 0.7112853626885317
0.14944816552897236 103.62311950508203 0.28667659894067593 0.021427733445622838 0.6867564651810799
0.13331213424173574 103.62263341059713 0.3509599556026781 0.021986364606736586 0.646517993216621
0.11971677784104119 103.57871369068116 0.28878748530638626 0.021670629558471204 0.6845366730029513
0.11132791056696377 103.52706781954078 0.3376050558424669 0.022556307241743644 0.6628548421284512
0.10518838765752796 103.46518056187242 0.27655626131738076 0.02321565352398249 0.7053073286026408
0.10354269702851233 103.33808103662344 0.3382228877697257 0.022917353288049818 0.6640230124484033
0.09993857937665473 103.31653894853666 0.26112908093114695 0.023049038956994304 0.7184500648396357
0.10177414769903256 103.09423278271863 0.26842348933214516 0.0224342270149967 0.7121325827139133
0.13021278360046237 102.59022064367309 0.33637100012554555 0.021598239118342067 0.6561938752047216
0.1418911410713716 102.54898886158995 0.33754176369021965 0.022167024060497545 0.6602595910550866
0.12826847366040325 102.51245721712696 0.344132402027871 0.022510133182717516 0.6576135443212826
0.12276625154126113 102.37416220040451 0.3083603116377422 0.021635823470381975 0.675954112550816
0.13180098442604551 102.09712213797627 0.26713725175284986 0.0238128681689767 0.7214550871071175
0.13935814569459434 101.94421896699573 0.30176754263173766 0.021716080864978924 0.6813529466349335
0.1321652224490138 101.90907881157719 0.2966263429802486 0.02389120436402637 0.6991490426450698
0.134911173526967 101.62767487912195 0.29692738346017233 0.022198654889393484 0.6811802958837191
0.13335821011499094 101.62125972028082 0.3410061556098915 0.022835925056517756 0.6588073079258343
0.11957857542300385 101.58639575306334 0.3528070258092848 0.022083222259192608 0.6474308092435024
0.15050948108605988 100.93414466575979 0.33836033588706066 0.022688516742915242 0.6628891001129693
0.19013314226039074 100.61333064246158 0.302790064994359 0.02349951864765466 0.6937302647452768
0.1824192782169997 100.58377086937926 0.32304492322043615 0.023467338774525132 0.6769483181442
0.1611561799372274 100.50603491939863 0.2993143762853978 0.02180051344465142 0.6838892950673352
0.14573437982043888 100.46386179030137 0.3519603517710033 0.021974054489269944 0.6475999255547368
0.1370573557999256 100.33284316052905 0.32487672856634686 0.021833216460148113 0.6597029038306221
0.1300118113296881 100.28221739378931 0.29859503592725206 0.023867673731657334 0.6973417909864322
0.11907158844335794 100.24971578826367 0.328211344822266 0.021944519158929043 0.6583782077910467
0.10780066162207058 100.24771136482777 0.281708071606489 0.02317507900017827 0.7007183043984568
0.10574013275384757 100.06787617176951 0.2701411252844929 0.023156564199529016 0.7168085870259064
0.12629084475920485 99.65229211326641 0.3428975442100658 0.021629355172467238 0.6483198069571964
0.1395619467770357 99.52367542085992 0.2679358500477182 0.023767227149066324 0.7194760202322483
0.13484975227628695 99.42460871275165 0.26027475646940057 0.022568864033057884 0.7179147929244099
0.12431106540094526 99.41351954754471 0.27707960977791535 0.02339247254111849 0.7066425823505045
0.131834839888159 99.0518383829849 0.3170768986088799 0.02191113703683974 0.6652111351397227
0.1364406506254741 99.01428678772288 0.27553362363303013 0.023855696046783368 0.7157651073133676
0.12738938356297658 98.91376798931839 0.3130118887606489 0.02359027065001388 0.6856257448807392
0.12097678939434571 98.85309956262084 0.31184918019577945 0.023494798646357902 0.6864985903418349
0.11787321312374241 98.71383801386857 0.2695853812037717 0.02312135674398258 0.716919517194367
0.11265037186657845 98.69495918897644 0.2721507727169326 0.022194738569876596 0.7068705132683035
0.10211382809543669 98.68973964142131 0.3005046777750142 0.022080811809710967 0.6778283692998763
0.09338124044894913 98.6727595595135 0.34633561181799916 0.021677360278480717 0.6470192170492377
0.09153957540538914 98.53710131368882 0.3333165624998644 0.022983625889719556 0.6679197687401427
0.09026836123235914 98.50223001201425 0.326303802893375 0.022175384006031546 0.6611816990301775
0.08499539486775498 98.47472029157535 0.3445517378685041 0.022473429275010247 0.6536154804734985
0.08503902014058501 98.32395057542985 0.3297648905765749 0.022857488291274673 0.6647714003997763
0.09122281607999673 98.14072947389545 0.3280483806432539 0.02158004917024583 0.6563983147750572
0.09918226461989901 97.94402102157068 0.31422579407007933 0.02251116520014434 0.671372000744271
0.11084705850427444 97.68539656077388 0.26767631197953146 0.02230410828874509 0.7071276234562186
0.11561344944597354 97.59449328082778 0.3174962918569648 0.021165952830298745 0.6629015036752453
0.11179592816891565 97.51016188517575 0.29529125088496183 0.022685968458345362 0.694449139859106
0.1074538951324193 97.44079704563799 0.31959354621989644 0.021469824469371204 0.6612091790838935
0.11018670780186166 97.23121099375338 0.2721295369288793 0.023391818108326183 0.7166749312443986
0.11345394194470997 97.1282072466797 0.26740617936302136 0.02229245169854964 0.7108997043233306
0.10876479911897995 97.0783128597671 0.2844529803328394 0.021640468222543865 0.691871662000233
0.10848976929317344 96.90544015161376 0.3240881050466726 0.02142926611375658 0.662655091977516
0.10777944743832733 96.85163474855753 0.25963605787221766 0.02295216282125731 0.7199497200777354
0.09947195947923235 96.85059743126575 0.3357227831893146 0.022814519917545996 0.6652973306797075
0.09266944049089346 96.79460167918282 0.33821118613256823 0.022632416660098555 0.6582083354740786
0.08836867110673814 96.75521104282608 0.32928008928209324 0.021514988065340877 0.65540916745678
0.09731583382259558 96.41959491346623 0.2653909365832958 0.02228378380772879 0.7117231609941025
0.12242433312043356 96.03810664923785 0.28203207592453405 0.02380402737850351 0.7072772460558656
0.14225400388664702 95.78701961343148 0.28432516898751137 0.0226248900947878 0.6942393448727026
0.13820430653867186 95.77770283570678 0.29439626811609376 0.02167528512862116 0.6857559174499898
0.1331791480270047 95.5799906438171 0.2717854384960648 0.02275361470633739 0.7060471410351811
0.14189548585834585 95.3439939467131 0.281405144115778 0.021915378799466635 0.6973361742321459
0.13998101588210674 95.28747037416944 0.3252658801543614 0.022717118355463854 0.672580611348946
0.14125635087461794 95.0317914688597 0.27593168581117555 0.023087604386839513 0.7050307973506654
0.14350990068176672 94.92741970738524 0.3380379691685808 0.02137873719775905 0.6504068707807373
0.13347577264190505 94.88300634155435 0.34803401679777135 0.022000593031972486 0.6484705024410791
0.12493152358446395 94.78951915930975 0.29296431414156193 0.021552326621245614 0.6811075459975664
0.13049624948398839 94.52627969299688 0.30119416949183103 0.023572846175591758 0.6949537787912251
0.13135876822651366 94.47313178050533 0.29583572781059053 0.021497551773472862 0.6824798620138744
0.12394476927851497 94.37454865540403 0.2905355450404501 0.023616233501889086 0.7034634674067193
0.11798704651204762 94.31404959502743 0.34322022922210677 0.021560118529114644 0.6483410152614425
0.11178311611640179 94.24092642278315 0.3420819386448179 0.02182252456520107 0.6500788588598061
0.1069091299247909 94.17193773657507 0.2640439575693535 0.023140500603730428 0.7207698389425121
0.11596286029242785 93.85124988679166 0.3190483159875848 0.022079915635628184 0.6651981984560781
0.13897108320560675 93.50920433709621 0.30911290183106116 0.02130347328396414 0.6709121958001241
0.17240370109378333 93.05801119414465 0.31454517497439577 0.023531134411159206 0.6814341239542285
0.1741250624811375 93.05126030582953 0.30450487571446033 0.02138353862380781 0.671699712266418
0.14959194655109978 93.03273895550923 0.3493176372384745 0.02217183421249304 0.649759977321649
0.13514802549381338 92.9601838653951 0.33274406695983905 0.022239094123382253 0.6638704352348455
0.1304323615769082 92.82266686309288 0.3086499999751038 0.02137729301290448 0.6686248119483363
0.12452280509402489 92.77773035807687 0.27187798441539246 0.023304422516571208 0.716149815753268
0.113201145461977 92.76756514559965 0.3186267794866884 0.021615055416642055 0.6627061370348828
0.142757990420535 92.1076300357785 0.33835666769917494 0.0217333126596338 0.6555972257157324
0.1729478538856742 91.9026456593287 0.3312538948146753 0.021303875132730212 0.6554096334878653
0.16191983688623038 91.87089640913929 0.34217309282971264 0.02203336539833626 0.6515271794517205
0.1519649331428915 91.70177823222589 0.29296680832135247 0.02159734176617595 0.6855477009133889
0.15693656988876212 91.46673103370298 0.3474507439994714 0.022368469690431405 0.6529618171820568
0.1524476416745945 91.41101598356974 0.3457593417519727 0.02224342607604736 0.6515287785773854
0.13910171412399414 91.34570137320988 0.3378841415571317 0.021447661790053998 0.652623174350419
0.12797714202620544 91.29834474257866 0.26326991981033193 0.022867219100017124 0.7189505660515392
0.12329238782738682 91.15658899708245 0.32176830720024235 0.021396643772031557 0.6598637543657946
0.11667752255472791 91.15050041935453 0.33766258724813447 0.02149021767732234 0.6533791066759194
0.10698461372312718 91.09939370488621 0.305429003433475 0.02128039106435171 0.6715379678790284
0.10757843599106673 90.91466878958762 0.3422691828325609 0.022230930156995576 0.6530076494175271
0.11621394017657806 90.69627578687916 0.28928160157410104 0.02367219408013295 0.7001298281971575
0.13033600860966063 90.40958936500195 0.30977955105357774 0.023564253831199984 0.6847930015030286
0.13065711468223762 90.38598738056277 0.3470189210765381 0.022343146934377448 0.6522563225366093
0.11882216928969697 90.34184861139974 0.32715030005945467 0.02290820294490344 0.6670680623206774
0.11762208151940473 90.15889565937822 0.3064570091461315 0.021459857831263886 0.6747116797264262
0.11494581845039914 90.13051885118257 0.33021890685489663 0.021308232119281914 0.6560236410801984
0.1141759957615738 89.93427837539191 0.3021785278369264 0.023549820794639784 0.6938753598311722
0.12446144990447305 89.6921872204596 0.34738655865243623 0.022169954948083853 0.6505369397871217
0.12848569477430397 89.57917062515124 0.31113110814008665 0.02173975746206507 0.668504986069798
0.12767966251381174 89.42902188476882 0.2642442605983412 0.02280032038406374 0.7176248762921876
0.12187657945557556 89.40182584356151 0.3398091526566812 0.022010912908091478 0.6526954029609446
0.11338959725592666 89.32883410346125 0.3315141092001198 0.02275524443381769 0.6632232612953748
0.10657026716353256 89.294470645288 0.29429514350423275 0.02247231745395933 0.6854463987887157
0.09786632694571809 89.28797458096368 0.3064945807016465 0.023177655882706507 0.6825508514784496
0.09774321108169658 89.09551738468218 0.33565269526965524 0.022189801739426113 0.6562001168459
0.1022970156595353 88.97072062085067 0.33119873876993994 0.022784238341719654 0.6636901091351922
0.09880526927346499 88.94815122521548 0.2805220396760438 0.02238372441559909 0.6959566697651074
0.0925378255470094 88.90296992392594 0.33452713880919194 0.022147642859537072 0.6565185201601562
0.08901623100239613 88.83494105596478 0.26127211261510325 0.023228752765266952 0.722172644777452
0.08689173799310639 88.76456715868679 0.3145448931197702 0.02335808471937615 0.6793270667597997
0.09217921494475981 88.53078224969815 0.332640118318822 0.022882317426388493 0.6639815304842422
0.09432159310888426 88.50205393599315 0.27994454455326584 0.023395898641831 0.7103972173472038
0.08844067563751891 88.46940769667037 0.3082589237345731 0.021359375790596838 0.6691987706703728
0.083361687778376 88.44119445575319 0.28404167404689773 0.022804994258862007 0.7034405464530369
0.09811642054193222 87.983633612539 0.29543969435651024 0.02212552493842773 0.6822422242617908
0.11594988372826541 87.81124141772861 0.2725363756955911 0.022001329420383867 0.7028762685805852
0.1122921383843935 87.79715215804558 0.3227156755335442 0.023290269060251053 0.674053428460074
0.1050869497619437 87.71832512877596 0.26475805079356324 0.022843283298343883 0.7175654561160961
0.0994892253910889 87.69068752844899 0.2755320076147656 0.022031478805949006 0.6987092117211214
0.09654401389980376 87.57361015529841 0.3003219750216319 0.021559459762778444 0.6756189212164657
0.09253114695971827 87.57298436361968 0.2635824829836721 0.022922850310809727 0.718941354249445
0.08585099549222082 87.53924178892528 0.30335112831945926 0.0236648053155908 0.6928072881193978
0.08471142653066105 87.4208988045092 0.2813277194107251 0.02225635877688216 0.7006768883400453
0.0840145298807779 87.37234992106647 0.32190296783501926 0.02333705765253695 0.6771321582013992
0.09520906078746294 86.9995820832405 0.32038898338640676 0.023403430733865093 0.6781119129459193
0.11070068332358667 86.80601621423489 0.32637664819233075 0.021454368357552617 0.6574481009209825
0.11703015889316651 86.63261204270246 0.30287166398279913 0.021483998817037334 0.6772170745060304
0.11666657535927154 86.55320850103223 0.29957247885406185 0.02137217943108265 0.6768384738847533
0.10842665522254061 86.54302549620337 0.27435762252997187 0.022064792357577637 0.7000881970424739
0.10361040191993601 86.42384961100674 0.33761598281481425 0.0216494525550068 0.6519227577811063
0.09956868114155723 86.40439507714493 0.27682903734802966 0.022942052290074913 0.7033540580244226
0.09148379746861528 86.39626422420292 0.2957814995743039 0.022667378585780308 0.6858833749343901
0.10203125585077909 86.00411209425104 0.3170441475484683 0.022062347573628616 0.6666274064997333
0.11820912801552903 85.81595341058384 0.2617516280306006 0.022966106484189622 0.7199081925483789
0.11469522958240612 85.80700759263668 0.2850506813324104 0.022183832804889076 0.6909779408408029
0.11618598039347501 85.55404938353712 0.31682606790243345 0.02210191691217357 0.6738575172735478
0.12323355899273221 85.41040557521463 0.266984387541361 0.023226831156741033 0.7187751200157364
0.1382498647802301 85.04886142289769 0.33496020680831057 0.021424596863282682 0.6533860173091083
0.14373474368240546 84.98574167162275 0.2698344904177906 0.02267158279647125 0.7077856888275643
0.14121068431913145 84.78399937959914 0.31710629877286783 0.022113120322774155 0.6737278031900624
0.13878735977301662 84.70783248604474 0.34370732522401737 0.022492144255644886 0.6561048266991191
0.1282033883654734 84.66232505903497 0.30845124573286403 0.021438360457537584 0.6693927557129937
0.13007180038575347 84.41050606138654 0.311708883377091 0.023452598712240383 0.6824960465909073
0.13041190226306562 84.35752752312831 0.3390165173301868 0.02154684733128558 0.651310006744298
0.12036499040167531 84.30923564691165 0.2788621415379793 0.023449918312020604 0.7112880676340766
0.11110807325860063 84.27670678218327 0.3293409105473165 0.022702408608314885 0.664147096534677
0.11529921237485767 84.00351238368806 0.27609100315584323 0.022153327055126244 0.6988484498283674
0.1166417426901281 83.98202529449809 0.3111441922544588 0.022728622751246017 0.6826511168972272
0.10529393267507947 83.98058647891494 0.2627820568304125 0.023232290249997962 0.7207959191450652
0.09811742751170498 83.91281860546101 0.28246742000307146 0.02379484049238395 0.7083372838622437
0.09583069778682171 83.82218431130957 0.31369214862253936 0.02253449180745541 0.6723288590390535
0.09815573326578551 83.65793723298749 0.33971399916530287 0.021875320302362767 0.6522048465271894
0.10602715074599285 83.44348936688567 0.2712084767879599 0.023574648115828774 0.7172188543252176
0.1053409875600008 83.43186223378981 0.2909234980864137 0.021948786487392024 0.6849165269101494
0.10206264981131961 83.29131749854261 0.33245141844588194 0.02179868107016072 0.6600182375287075
0.1002711639740363 83.24652943416157 0.30631953142907686 0.02361921005565399 0.6884573920868957
0.09377574586776465 83.22296791778687 0.32094053767518294 0.022771661372727542 0.6756629234427536
0.08935945067632096 83.1519229050221 0.2622009126414145 0.02293001731767322 0.7186236564128992
0.08531503082045362 83.13110252081735 0.27404725560705956 0.022852216981770312 0.7052452777140795
0.0834668736848278 83.01942464537565 0.2970625608064126 0.0220261533752201 0.687114384503549
0.08471727417874127 82.9187416549322 0.2926254602783954 0.02182111726221536 0.6829385207599503
0.08533362851825495 82.82137675353673 0.30276389868819376 0.021448394493942036 0.673837430981632
0.08443356358599884 82.75719116105363 0.3069395584755872 0.023590553135256924 0.6875816572555068
0.08058447669224243 82.74070487038938 0.3231357147094312 0.02294455972879941 0.670058431773828
0.07717228114911019 82.67898751612613 0.2878749548830145 0.021630847453830666 0.686675416362739
0.07706503715797881 82.57961496704154 0.3241339265265103 0.021359366136711428 0.6591074505952091
0.07687495667271865 82.51744993712552 0.3124252849147835 0.023431809435207403 0.6819317767540544
0.07345206167156883 82.5121775847816 0.3023934049808595 0.022088337406899056 0.67700010268218
0.0709093773481867 82.43721627510708 0.28576610135380853 0.023093655257064277 0.6973113448034036
0.08387362508343328 82.03494589928697 0.30247458766046803 0.023390200836035137 0.687766668300233
0.0916042214826458 82.02358673431891 0.2662141962979495 0.02243376203809869 0.711395001520297
0.08814295606862958 81.92484689720273 0.2989276973013896 0.023655708002026637 0.6936238648629045
0.08737923905221202 81.85201716540315 0.33841014215267057 0.022410249946175624 0.65689860491238
0.08530591248211417 81.7892101044566 0.29368998541128805 0.022662966844272596 0.694982599310078
0.08080752401404583 81.78586807365807 0.3266627550463161 0.021974150154398565 0.6601653148927852
0.07684605247842158 81.72573095402149 0.2644556912960322 0.022658491718209738 0.7152573389607217
0.07432025462937464 81.69263147254941 0.29314906333239354 0.021556560536208632 0.6819449911003895
0.08204963897961683 81.37627439648236 0.2744717469303849 0.022070757189908516 0.7026838448090693
0.08726747421443758 81.35688330217512 0.2736984412478756 0.02296418226818006 0.7120102867266075
0.09006161639312629 81.13201253137058 0.28183863528289704 0.023044513549830812 0.7065433129382879
0.09158706814420788 81.113654119436 0.2828252144029282 0.021795014796932258 0.6915964395345108
0.08890580125478006 81.0031908999674 0.3358816802440576 0.0221446314848971 0.6561161250967892
0.08609971739854094 80.98973157342758 0.27361537044675754 0.023143411710816103 0.7132997109711268
0.08692137968886314 80.80574072094937 0.28081048280587806 0.023209542083148665 0.7024955729345086
0.09165502937417137 80.68180630649924 0.28221710589490984 0.0229533121957781 0.6990704468581448
0.09004381502282138 80.64401968513462 0.26879650925640874 0.02342491489012518 0.7156853893463214
0.08607944832200214 80.58728824219672 0.30726600293089346 0.02297143725524555 0.6804104925413286
0.0893285901100119 80.38698677409755 0.268388769862116 0.02232736419244211 0.7082222061887772
0.08945299434569394 80.38208415431404 0.3048349576331811 0.021770699209699346 0.6734698177242462
0.08752152639141006 80.247019593552 0.29129039021859326 0.02208092721944001 0.6854816617984234
0.0873649276687103 80.19397983322116 0.30776883621270534 0.023584676162429742 0.6880899583168183
0.08253717398210181 80.18275792381786 0.26807524758906437 0.023051350204056624 0.716536579166011
0.07900585761408858 80.11302054158146 0.2832171424612585 0.022845457721827993 0.6973777559237528
0.07783817745370832 80.04540225425497 0.2644462869385022 0.022758656069628493 0.7145840689128081
0.07578783260056675 80.00309272794198 0.34101354228453806 0.022024832228782064 0.6554607265975663
0.07544120166066963 79.89516292741789 0.3000459860249516 0.023143366517373334 0.6870433476302072
0.07671239953702376 79.80420711470919 0.32701348863364027 0.021438112360096875 0.6595417349985867
0.07455806764563315 79.79015344357634 0.32661222878624574 0.02146649893277778 0.6602690501054286
0.07199320404364894 79.72094190656398 0.3166971869313866 0.021806846556197457 0.6710547334796618
0.06924338334319045 79.71833741049096 0.30218394748052324 0.023649738651540072 0.6928561677014435
0.06548900957295628 79.69214469190055 0.2674721119942428 0.02239122961965601 0.7099955013230503
0.06386159016924504 79.63240872083256 0.31757948961265176 0.021395711497981435 0.6634247466857133
0.06271691097460996 79.59327587687571 0.3208669742966981 0.02274314905392581 0.6754080726616198
0.06150425469290515 79.53984148933014 0.3102200643339088 0.02248680483310248 0.681471490476388
0.07196065025656283 79.16002949925004 0.341100505742781 0.021734892011118164 0.6522997100674917
0.07983216910539473 79.12528729174784 0.32616944536290715 0.02310993272651009 0.6706055686354938
0.07590867160234917 79.09782502614976 0.33624176925322014 0.022780678574734613 0.6621059820273744
0.08207324878477808 78.8128951955541 0.30666249004424634 0.02189519849109768 0.6728918657113465
0.08780006913442119 78.75475572681893 0.31679947112826307 0.02240747700775215 0.6760853626141932
0.0835059861234276 78.73306260117613 0.2980947760836529 0.022605840336813437 0.6912036322916956
0.08043614796961372 78.65824124799542 0.33039187881592974 0.021759455554395665 0.6568416888832952
0.08049904356599119 78.55968530244247 0.34383728584390755 0.022229067856972467 0.6537781956962495
0.07862728528968477 78.53425360583286 0.2911993608380917 0.02272433795617465 0.690074520082136
0.09529722129217458 78.03206520121323 0.28823131810670655 0.023696109508856138 0.7022663219802818
0.10711855213543323 78.00655186730418 0.3091684903753127 0.021399043731305342 0.6710133250432594
0.1095687302131999 77.76422331133318 0.3258034831216773 0.021526351575445603 0.6615012708295884
0.11546334550989507 77.64054961775176 0.27954245658946597 0.02269502033388832 0.7055009343072886
0.11380639214665905 77.5449608275033 0.2794953684640402 0.021875606732119135 0.6962973605761299
0.10955125096048343 77.47852848188126 0.26671312962114596 0.02250026934129934 0.7113167618839735
0.10276923948137108 77.44999589944473 0.3419296663479727 0.02242239022661912 0.6565067301888718
0.10020084097776602 77.3171889887138 0.3134005960625603 0.021503396873290143 0.6665091716251318
0.10025632054165186 77.23009396896873 0.2651955743087704 0.022992184863654282 0.7155994972961344
0.10199702340782672 77.0673247670857 0.2972147309313924 0.023557545842531197 0.6970643893335058
0.09954122442718548 77.05754966510445 0.32115281524350625 0.021980436667278246 0.6637791571593973
0.09612912196971699 76.93375741162191 0.2829014643910115 0.023641022285063422 0.7057499353926149
0.09332993061332837 76.91199520754375 0.33637957631086735 0.02251970134589154 0.6622030363570405
0.08813096399397163 76.85945142927868 0.30086073807561836 0.023249619583324017 0.6876271927491726
0.08594530682401333 76.77844716600676 0.27284415000919865 0.022167340363436244 0.7029671366980444
0.08659099016130718 76.66019900116527 0.31217358038223914 0.022681591703136827 0.6813314278780053
0.08515993566116767 76.62557677068158 0.2707658296467855 0.02225609603227633 0.7056655914607496
0.09083386158429296 76.35385084162598 0.3347480611565813 0.022258630490512063 0.6578115412173946
0.09372972514687886 76.34261048864973 0.3230941954730424 0.023212108081944495 0.6749828251499609
0.08748539134577915 76.30398322581345 0.28738747988167007 0.023524439408768857 0.7006256694044928
0.09358245616850466 76.02533923630847 0.27367582411421376 0.022128536180975888 0.7032241841128907
0.09706672520744615 76.00244768227999 0.282724462387169 0.023090210041930223 0.7000118977650688
0.0898550942624764 75.98637677407714 0.33673033849215206 0.02242692040888682 0.6613533674230905
0.09098688103713619 75.7910835504675 0.33326797974482575 0.022818549063971932 0.6657915380675646
0.10171289835058202 75.54906252991759 0.2884318776206288 0.021951020464846666 0.6920376747999843
0.11130737830336658 75.36376300003877 0.3075906269282752 0.022212926427757667 0.6743656983107451
0.11378239899293556 75.25299287229785 0.27931036655351044 0.021905829031864596 0.6962794312509081
0.11166078540088421 75.15876358875325 0.3164956103062202 0.02293495289746489 0.6795860057714898
0.10449366773680557 75.15772663933973 0.283154219378532 0.021834176229791325 0.6937342066554166
0.09721045715466764 75.09472638750607 0.2852349407063819 0.02369453840450929 0.7050723892753554
0.091899632498964 75.07143814664065 0.3098804129949482 0.023228920105658857 0.6860168956763156
0.08861211224864006 74.97901534862643 0.3368549454341197 0.022089136851495727 0.6588647631365557
0.10505737044153052 74.54794284239473 0.2797083113014801 0.02352616926368101 0.7103430198140575
0.1185315117924758 74.43730316014873 0.27254511896795725 0.023274024376627258 0.7107819030241734
0.11575745863318178 74.34340923167076 0.32628701952956723 0.022738464732620745 0.6710733416798899
0.1162461329144369 74.18110589624555 0.30902039488534216 0.023482209852983132 0.6869188208381093
0.1127406781891081 74.15402345168886 0.30240206718995105 0.02147630759969696 0.6761976887577665
0.10884004564350606 74.02035172656889 0.2853307713159382 0.02352738594258955 0.7060822942333099
0.11641583816097234 73.77719502154842 0.3090830616604402 0.021666349920985015 0.6702514043262572
0.11541717864078724 73.77257079700566 0.3134066910774043 0.021445579813208843 0.6686311278599009
0.1043384567839494 73.75372573440052 0.33234981320773893 0.022363598060772552 0.6600570935105851
0.09517135811869473 73.75139215840352 0.2780121806367484 0.022891200450261582 0.7024291736619479
0.08824355502244746 73.7154456209541 0.28202967626370856 0.023676327802759887 0.7081939830076397
0.08262223255041257 73.70527310154819 0.2804627712162865 0.023534360601665874 0.7066143668098339
0.07740784470496351 73.6798331136357 0.27613874428652996 0.02204052170001864 0.6999707137500775
0.0746980582939511 73.61709899547559 0.30070562020827857 0.02167483670969872 0.6764606183685792
0.07275580346615386 73.57589425260129 0.3172365896998103 0.02250703045094919 0.6763082275682131
0.06922066261303966 73.56784942377709 0.33234547199480613 0.02239926729233376 0.6603618770950259
0.07023522133266583 73.4029280753267 0.32957963791839145 0.02163351526156862 0.6570836578649977
0.0738700716220757 73.30410682913603 0.31432793266633524 0.022875505989473938 0.6751638799349672
0.0737415276158351 73.24659993841257 0.28169993746236177 0.022575200065763645 0.7027562549430573
0.07382411621170315 73.14523318675516 0.2967603679671902 0.0216811027263907 0.6830533705009713
0.07226898657212981 73.13163853442761 0.3048911717937799 0.02334861004079708 0.686131266774278
0.0741679223976806 72.94307135146923 0.2869958187580682 0.02174086140656397 0.6897587690246377
0.07591678918334809 72.91346903636224 0.3051305409047863 0.02145122773421133 0.673537683857693
0.07312549878747464 72.86157885798835 0.3235964755993885 0.022705116718297197 0.6679617759985286
0.07599044495716903 72.68101526222011 0.27027877513580845 0.022814938358291372 0.709093938899121
0.0782018657733695 72.62889456627357 0.2717604461847348 0.022384469522377416 0.7075287795154231
0.07444869311002356 72.61900208146037 0.2676492704395113 0.02263138173604852 0.7108631410282669
0.06989050538212449 72.60537761256114 0.2887008474966472 0.022970663583738393 0.700577749905372
0.06559690313496697 72.60506987738252 0.2941463025432104 0.022173854598650546 0.6902051666241504
0.06308792842598132 72.54884056310027 0.3375113193509317 0.02172274178374678 0.6538064239551058
0.06225239571904767 72.49804667810429 0.31186847123805406 0.0226108045231255 0.6745215107005819
0.06118923102739997 72.45190305959919 0.2828322438057246 0.02285263458142693 0.6980489137817105
0.06213876520764448 72.33673078751784 0.26791934036548515 0.023316245304654343 0.7168123888825682
0.061804760418377014 72.32680446942781 0.3139853431774716 0.02141866184175205 0.6670409194514473
0.06088390418105347 72.2380709207125 0.3082298716355213 0.021842452465993166 0.6770259557742507
0.06748166514977483 71.98971635682224 0.32114259948295065 0.02237966685771964 0.6724856799351051
0.07570228299213835 71.83623324593474 0.3154442999569369 0.02142654865982583 0.6664239542209183
0.0757033801278653 71.82142048687933 0.3267434076591398 0.022875955197182322 0.6679540590738045
0.07255367700989941 71.76629580142513 0.30307453991925815 0.023420031586185025 0.6882873942541362
0.07008746937549167 71.7396800060609 0.2838844125216715 0.023085657173046954 0.699191937793575
0.07030237156914751 71.61320640632722 0.3095158631580439 0.02150726960906189 0.6720532459244577
0.08310433068058462 71.25456867111635 0.2905447781943342 0.023339093303339744 0.6963706917472993
0.08968631177835 71.23594026742012 0.2701893839527276 0.022806974738506482 0.709229949102404
0.0881909343785792 71.1028891768425 0.3241068596864698 0.021762003887139624 0.6609611923638518
0.0863530340736181 71.08807736263292 0.3353121181601529 0.02237510318143842 0.6587937826444451
0.08236941305715498 71.02148769774851 0.2694676978284772 0.02316165440399586 0.7129949029481468
0.08594908986717109 70.82663245530591 0.29978427502417304 0.023589309117407118 0.693355746076826
0.08938071294948159 70.7431963595516 0.31092084858197994 0.02155770648883629 0.6717871779405372
0.08549042630400842 70.73020734438558 0.32751702849425185 0.022232162783879655 0.6618983860219333
0.09183113849421747 70.42553373782323 0.32811587605718107 0.022248676520242972 0.6616884625334858
0.10303986931553082 70.26103665678956 0.2723709635293769 0.02332280471016638 0.7118092126476555
0.10168586174089965 70.22607290478729 0.3382386373681989 0.022040177829295814 0.656977947445623
0.09642927667062395 70.16017769193057 0.3370225508793831 0.02195023854915066 0.6571700929435778
0.09590694924823606 70.03323645546392 0.2893219867207016 0.02353682989538339 0.7027393081160326
0.09579949463670372 69.9535778439489 0.31694250671325913 0.02305356839662335 0.6795426051456157
0.10002828132617314 69.7407810823479 0.31459578236766855 0.02269204944325655 0.679357490844644
0.10977807331091786 69.5298070123834 0.29745403214826155 0.023588819703750905 0.694884431660249
0.10839239133541617 69.52064889662881 0.304946966860107 0.02314390787589561 0.6840612364963525
0.0994555612846204 69.48764696405163 0.2936439136334127 0.022857353718426985 0.6960006178112705
0.09235959877422868 69.46969200297995 0.3239153217866771 0.022638329544878807 0.6720706873444315
0.09512266591883917 69.23718957323291 0.3168070517893658 0.021997271310725344 0.6669755999538964
0.09684300086358745 69.21180982200018 0.3356767081772283 0.02176553929760866 0.6549172319394182
0.08975277557807858 69.19608286926005 0.32311381809230516 0.022725539065046513 0.6686018976950284
0.08624807041320721 69.10796501476554 0.2959137607684513 0.023040816191463333 0.6895076257950986
0.08340361063753982 69.08221043969135 0.31986262119900805 0.021791607708851884 0.6681988584600248
0.08893582433452077 68.80695639303207 0.2787990069219727 0.02209844852763362 0.6995423371928245
0.09416038770160289 68.74727032545582 0.2777377222243664 0.022066265800580125 0.6994498857843664
0.0924554994828748 68.6461464980458 0.33704833788124966 0.021811127900760178 0.6553137941376297
0.08920428403925301 68.62456108257584 0.28307352204055725 0.023097761647434677 0.7001106803114736
0.08445129365476937 68.5747024433409 0.3359011061492525 0.022029888812121836 0.6560941402411787
0.08089600230447029 68.5366176173469 0.3300444649984392 0.02218884009292145 0.660251020657866
0.08010593384357781 68.42508953864356 0.31945931069368777 0.02215045218436904 0.6663071774709004
0.08836657669885739 68.1641657022773 0.32155318918620907 0.02259266642352479 0.6734947016516166
0.09174580097112776 68.13580678413443 0.32021970647228026 0.022366172299653507 0.6729029305053195
0.0890285458642897 68.03514491510845 0.2749669881086607 0.022226036271203085 0.703241280078706
0.09116624819561678 67.89457523171176 0.3050767430216746 0.023481875951592384 0.6884425191094509
0.09031284165672232 67.85510581314024 0.3230344202825962 0.023106008884123935 0.6732453592895781
0.08495198909362765 67.83413132705925 0.26985003314203526 0.023261937958864935 0.715428513344577
0.07936186461562707 67.82080661989802 0.3127760608953181 0.02153261785077282 0.6677434499780236
0.07462079636366666 67.79732510776367 0.29849157460598863 0.02277164639915963 0.6917421782561047
0.07719216072761977 67.59724093680305 0.33305298501242825 0.021793644043723595 0.6584835145184802
0.07864210446021797 67.58137044037431 0.29657773097400053 0.021807429736465843 0.6805005421468779
0.07607381798343114 67.50192177254628 0.2802628095537545 0.023272307571872427 0.704220900241172
0.07336579535990538 67.4949112427137 0.2851459949910868 0.02230330159328484 0.6975887809535491
0.07098930084645855 67.41701938145741 0.32823011750042913 0.022777087329147946 0.6664319219683458
0.07387866229575214 67.26117687906557 0.3336195127711902 0.022680047849305017 0.6630989741426362
0.07510536343261809 67.21735336261128 0.2713668416054842 0.02240020247544029 0.7070049734462529
0.0726003215882678 67.17329227402672 0.3279747249895393 0.021596036266512346 0.6585782205023072
0.0700469629610758 67.1385406855278 0.33191087700644145 0.022484831255979727 0.6617094534019838
0.06824131252484726 67.07972988896273 0.3118542071366198 0.02163322322710337 0.6718920686335953
0.0661096092765212 67.05946468710687 0.3079374343227269 0.023262893441654362 0.6835110836076631
0.06268999232047794 67.05139192940872 0.31876080402143864 0.02164282522073543 0.6640319031369452
0.06067202928350682 66.99549261472333 0.272417181818736 0.02244693404431314 0.7073600466690275
0.05980359479083879 66.95159975986024 0.287287159752061 0.021803284839992044 0.6887554929060826
0.06031649651696598 66.8510401867344 0.2840963979729111 0.02324516213642439 0.7054345174955036
0.0603185167367416 66.81982695983632 0.3092637491341255 0.022648741227906635 0.6828930475092279
0.061726349038620676 66.67730586191841 0.27866741136812573 0.02250867766840008 0.7040034717219558
0.0639764060579132 66.60715338576534 0.321456236800417 0.02308286098447537 0.6735968730075195
0.062335081531661875 66.59437754194657 0.3038207940914087 0.021585785564927115 0.6744342299407354
0.06253030020556459 66.47055401874006 0.2992109369628219 0.022103424883979834 0.685701236568376
0.06540885756008787 66.36313153391856 0.3118669011502428 0.021764162070743324 0.6691214167577295
0.06558526537159082 66.32204226034449 0.2942439799775897 0.023453751195846105 0.6952104011947211
0.0660329063456415 66.21058724173 0.3217453244009513 0.021704154566377715 0.6657524158977481
0.06531942017893083 66.20059625242129 0.2779151524659854 0.02208315055076985 0.698690906760692
0.06345601783560839 66.13346218902659 0.30385041987920186 0.023388127717669172 0.6906906736237804
0.06143539414555128 66.13239089808245 0.2812208215450155 0.02264070401997041 0.7033402786778787
0.06211168861588367 65.98383530528989 0.3110459538364527 0.023303946897527916 0.6846514950479328
0.06698996482219612 65.83734887525483 0.3237405608723747 0.022312522130431972 0.6698345883750004
0.06769868345840473 65.8123912443901 0.3188557824703609 0.022259178657125053 0.6729741586605037
0.06442443972965652 65.79821028535038 0.3383934211250692 0.022083936342640824 0.6559194438030505
0.06135320150510896 65.7785036735531 0.3039592260258147 0.022634778491561924 0.6803615169255609
0.05841234752007348 65.77099796274244 0.3336953065491177 0.022453672092877946 0.6631866786423815
0.05595566152256863 65.74444318081157 0.3123416520783807 0.022074369291625286 0.6760797516515406
0.055182364648852886 65.68113541695362 0.26798827244310397 0.022829802081043512 0.7129457609255898
0.05876859329516878 65.49961308901135 0.29826641425450384 0.02310742888878058 0.6939176201606991
0.060090023819373256 65.499500498721 0.33185052949437543 0.021757030817914396 0.6570215598821909
0.06122895558075009 65.33727161200314 0.27685190956467814 0.02308893794263886 0.7055811091445223
0.06333240850392827 65.29008343571851 0.28089592394576796 0.022471173357659746 0.6972133038745983
0.06196165061244601 65.24799814069407 0.2852989969716973 0.022715857649429017 0.6952179585761155
0.05974863769077979 65.23421685955638 0.302381637052878 0.023230087343544974 0.6869172313075075
0.05727478657632887 65.2097178531058 0.31463878795363437 0.02272774763582068 0.6739769368228311
0.06105657690316107 64.9875107829084 0.31164254009965187 0.021954290140398 0.6703299001689799
0.0659529584955162 64.90343355503705 0.2763083946762197 0.022200464244628668 0.7004592670138117
0.06549939536758848 64.85954740011735 0.28671843790302565 0.02278468855152924 0.7004271525058344
0.0672888763439349 64.71029471644152 0.30131617090591967 0.022708775489902286 0.6828771238141383
0.06854697777731814 64.67032134836685 0.28146853023367513 0.022383544472175637 0.6961911281690197
0.06832237815692142 64.57232828675912 0.31396498548446194 0.02200067025987446 0.6690612329611174
0.06693073925713956 64.56554572709732 0.2734590979484453 0.023002629912406036 0.7080269639660997
0.06561138948515446 64.47353131268625 0.29990000236425834 0.023417293931126786 0.6909017537909893
0.06539411732844869 64.43027702937995 0.3054191236348417 0.02271247457816786 0.6860777528211914
0.06504663912454259 64.34598393214084 0.33595402293754645 0.02219161870976043 0.659503590784159
0.06342534672515819 64.34293962070082 0.335917965148737 0.022157711575645212 0.65734649093326
0.06236680261802673 64.24810347370399 0.2765771910427193 0.022558821590805037 0.7017597155629345
0.06540878032392218 64.10992865804911 0.2999581110424619 0.02180166346175771 0.6818852852277419
0.06643119943850656 64.0702324979909 0.28161349493987453 0.0221899991075128 0.6950670548935605
0.07634014561109737 63.70146107951167 0.31520246513885647 0.023059506644442444 0.6805679909502055
0.08375151606032553 63.671411305938676 0.3027406393268055 0.023272256427145935 0.6911319047037005
0.07832297045503535 63.66715199175079 0.3233378046447801 0.022757020726009918 0.6728645449392255
0.07446032540034865 63.61352431877278 0.3343024430508478 0.0219534835928825 0.6568644208471669
0.07116967193326242 63.604202003413235 0.32150209012813763 0.022441236731225406 0.6723127118083577
0.0679558193149811 63.5606508353829 0.3093044232318475 0.0231319197918409 0.6813613251774631
0.06511864531770005 63.54938823244067 0.28278746674695443 0.02196001312007159 0.6936478703310823
0.06514765889944331 63.4239332511766 0.30619953592850707 0.02343112962524987 0.6878551148349337
0.06712439814577914 63.343336556911645 0.3018661373705903 0.023444156490052347 0.6901547250540047
0.06518179077363687 63.34124555056927 0.2848422214308065 0.0220048193683762 0.6942430061928504
0.06207438169554092 63.30813997622721 0.28358749312578807 0.022348609154581683 0.6941964759619281
0.05989651827874462 63.284022556940414 0.32206326596979695 0.022996453392704563 0.6724382712092077
0.0570344159743112 63.283476901195485 0.3200210732712815 0.023058577149003213 0.6742761665759223
0.054193974526563805 63.26981014769805 0.28488285798284924 0.022439009656368396 0.6988451923656813
0.05379602447765689 63.18440547565274 0.31977862295433335 0.02288001566950208 0.6761996892207385
0.05304645404479839 63.18204745777742 0.2853700139627498 0.022425172666167857 0.6931665953540376
0.05046380599231535 63.17568050835716 0.32044120058193387 0.022316320450436102 0.6721553201518097
0.05504685050814852 62.9078297773052 0.29951640348640335 0.021615749253848928 0.6787722342075574
0.05864398679752306 62.90533712165927 0.33590148693298405 0.021932600846818834 0.6568289489462751
0.05896070011675783 62.7747798308811 0.31825857892021064 0.02226126679157368 0.6732946671797988
0.05899012342312709 62.77348439895003 0.2906263048371474 0.022055080307888473 0.6866633515565013
0.056441528697052906 62.742166592161865 0.3166696512035866 0.022981903245112678 0.6790515525089307
0.05446392002322979 62.72762533989089 0.31096546540805703 0.022028617015499356 0.6713280182169334
0.05212297140884091 62.717947786202984 0.2762416462003106 0.02269812723962306 0.7031111787880769
0.05007979555954464 62.69991114244764 0.32428790626850446 0.022944826575630052 0.6726443797674843
0.04943315126252368 62.63841708318091 0.2874521276425628 0.022099988030884508 0.6936636529392052
0.0488400417444081 62.61807112451886 0.3246785859617343 0.022987680315885793 0.6714763176203454
0.05195290913245428 62.41348851935483 0.2812715288895907 0.022086018686870167 0.6952170091593892
0.05694336835604893 62.30488248951656 0.33208170371676743 0.02181524196371599 0.6574760963992891
0.06129152566391442 62.13876859829266 0.31317852514329825 0.022876829467972058 0.6763930432689651
0.06328722989333842 62.0985611906694 0.2777243753602149 0.02322932795845083 0.709724885171961
0.06142768269437724 62.06648316104947 0.28767830789554366 0.022890451525639767 0.6948255358633185
0.05922167084089598 62.04448184092403 0.32769162535116314 0.021654597350844223 0.6595773268302377
0.056368481622350336 62.04408410982431 0.27922570848651795 0.022273225850034318 0.6978327680565888
0.05629102304087079 61.929636129529804 0.2921761641924761 0.022728544211618674 0.6958746357471954
0.05671636477692585 61.90414800149237 0.33367348891275933 0.022244591441350027 0.6615620905294
0.05437763514102743 61.896888851720895 0.2828719503964863 0.023474210241643437 0.7048425105682617
0.05294899090231893 61.84427623521719 0.32230259114512744 0.0220323570063977 0.6683991157446433
0.052729711905868816 61.791848464232345 0.32168204446354065 0.021579501669695623 0.6634366930871897
0.05157868486572804 61.77687967455782 0.2904359405354184 0.022974061263970426 0.6988562471842981
0.051781998049597384 61.675173793882934 0.298625404698504 0.023469483121646515 0.6928626559440068
0.05305114254128842 61.61282463723551 0.32481995901585564 0.022952888443722255 0.6708913913961173
0.05232919956148565 61.58925478509061 0.3061618013662949 0.023196894760412312 0.6842254868541129
0.05063853631771317 61.56954112446168 0.2874913463151959 0.022500727064337044 0.6974530143559257
0.05182812717770081 61.4357559229757 0.28424052233907365 0.022983676847894808 0.6984608405127319
0.05230942826703377 61.43413501164176 0.33389359253227974 0.021974996082966144 0.6590660980717562
0.05033310651079606 61.40471703542883 0.2966759277898718 0.021671289322904505 0.681266640128711
0.04907731997176348 61.37897754069208 0.29031800567672433 0.022228710401414286 0.6929551090704611
0.047556402015772374 61.36511808418765 0.31857112768836315 0.023088268314387123 0.6776618762272969
0.05079302875914605 61.14958478311158 0.31137154206055456 0.021825513186197278 0.6741145035949452
0.05338395787834639 61.13933358436472 0.33464197105968996 0.022357562980483192 0.6613411170169724
0.05243099100543406 61.07394725706402 0.32976534279989816 0.022066601393669137 0.6600087809974865
0.05197628246734088 61.0441621142928 0.3187317399066021 0.022925927694957313 0.6770896802751413
0.05394556431173896 60.88942535925329 0.30179468900173584 0.02303451475587463 0.6906362657611935
0.055792927228063435 60.85138731276629 0.3104868509832314 0.023304415377578245 0.6831944184828292
0.053949482421602565 60.84037959187886 0.31675478974024773 0.023053366621705373 0.6791000626721672
0.052698361137462076 60.78576101425452 0.3026062027961172 0.02329555425267755 0.6911179883803694
0.05279599675807457 60.72342772886163 0.2986141264442094 0.022276680849212603 0.687482129964531
0.053073849290308055 60.661197779216195 0.3159994915085027 0.02281103444434748 0.6786252249930516
0.05298160275863338 60.61266055448485 0.3139904411593662 0.02319673372411815 0.6796044706154365
0.052238403255852196 60.57688413799812 0.3109136815047451 0.023188027743781654 0.6812099487581827
0.05120833860940818 60.54234405731149 0.2700130041161216 0.022981097120573335 0.7127351041294941
0.050489693090160846 60.49676010792692 0.33036697504291834 0.022408515100739143 0.6622847642257537
0.053673883036819095 60.312642997270586 0.2876450252287795 0.023186270689574604 0.6976361584732
0.05550784047758413 60.301920973341 0.29494589711573 0.021716870024752328 0.6826223954729761
0.05507696482418152 60.21192639776177 0.32130383633576937 0.02159643127848912 0.6634000693798748
0.05697961525743783 60.112133009610815 0.28565969512199185 0.02348421313720387 0.7028714906381703
0.05939801166019375 60.001876816908634 0.31513650960975637 0.023210091586074427 0.6803207707710762
0.06178976627568075 59.900170167596826 0.3267499868723317 0.022127072475311323 0.6658559273443829
0.060881703872240886 59.89828145996491 0.3186773775482119 0.02160184305379509 0.6647805987933514
0.05811141376383613 59.8687974751194 0.28876495939915947 0.02235573415298914 0.690055034236186
0.06408022890779448 59.58512254999762 0.27948773040530167 0.022125337384897706 0.6981531428101206
0.06889618611408509 59.55626227057122 0.2981749453154688 0.021785952690799304 0.6825556758192389
0.06536726173544949 59.54988604066398 0.32142934915419075 0.021619861550333977 0.6641037599525226
0.0638355497710398 59.468411767965776 0.2767007628948791 0.023326331710133333 0.7105078471637931
0.06374793985950646 59.414953253495284 0.2837858614998347 0.02304673362290735 0.7041349792268319
0.06129415254263161 59.41470227452614 0.2777724148014679 0.023414958477592604 0.7095443402472851
0.05790885591381763 59.404308225595976 0.28792238424543487 0.023298874242289134 0.6986522838184417
0.055138486147807406 59.39431739093534 0.32866646585724635 0.022781861501927618 0.6674741615898461
0.053483295408663506 59.35078703867793 0.3090644750951777 0.023218751912527126 0.682811972709163
0.052703683822027676 59.310340262741235 0.28952706555713564 0.02186098525427961 0.6889082675669843
0.051050850391942924 59.304319557780765 0.29362546527965105 0.022806633929843237 0.6952571830846047
0.048664892232795166 59.30129058715837 0.33054950951966405 0.02215793880659761 0.6603311859903503
0.047377788875678895 59.256363017078264 0.2747841058790823 0.023267090864791156 0.7115125535049426
0.04639180966693168 59.24289401681409 0.28342384860572867 0.023265314973630047 0.7019752117988589
0.044558880032494017 59.24078367101792 0.3086456189209707 0.021607397221260927 0.672897352509526
0.04276110209426612 59.232875408156424 0.332239289151253 0.022348828109388878 0.6631975775531374
0.04172233333015542 59.1999937635978 0.29063405531627745 0.022452616794901382 0.6946793256042078
0.04085557694754534 59.18621801066024 0.3271431389776525 0.02169389083444113 0.6606114874990384
0.03952748401609167 59.18039542690313 0.3325570085703353 0.02195950014061518 0.6581875802494302
0.04048042708193149 59.05486296591742 0.27884469127739236 0.022214713455703892 0.698355018496862
0.04152292045446425 59.03588146555771 0.320299719880962 0.02249989693642908 0.6733940806566541
0.04142829569192461 58.9707796012069 0.32082003778208845 0.022356560475068035 0.6673567050907155
0.04137978737823226 58.94778309048904 0.274791123835397 0.022682490053663226 0.7076774465605989
0.041861687856367596 58.85894285393967 0.31189173451469704 0.023170046041823395 0.683195010028782
0.043539988454314386 58.77493072068342 0.288195988763886 0.023259483731337093 0.7019670060441376
0.04363058620686064 58.758870272886774 0.3304174309771635 0.02196275360256731 0.6592440425474392
0.04252620242135495 58.734384531897845 0.2810646097852799 0.02339742363791339 0.7056812814063912
0.04233370344819103 58.6771086047297 0.29965174770053743 0.02335035840698508 0.6906394467489956
0.04299422798711166 58.61081294916999 0.30422486573009977 0.022792553958566383 0.6817613833534233
0.04269548197833696 58.59773707167343 0.2885376124722959 0.02231053430273879 0.6900187115097874
0.04238969115913314 58.534522395987516 0.32409343479965413 0.02248821074032853 0.6704411650206837
0.04299521197751745 58.47633003237833 0.278454293716435 0.023363245783986308 0.7092978237401627
0.046947765482717695 58.26750006829303 0.3284310636700911 0.021948922605646043 0.6628759049498143
0.04936068419478452 58.258993255075964 0.3333714860360927 0.021999963650228913 0.658202278804759
0.04909789366444785 58.174270077228044 0.28909388022352295 0.021884290361254954 0.6893943371490138
0.048751859123254526 58.166405944424746 0.3081930875166383 0.021624466532536055 0.673365675343955
0.04893875030142742 58.06388151483629 0.3087707882799994 0.02165386674271145 0.6735102709787177
0.05110291510020697 57.96955515624255 0.33404898501120495 0.02237587886613098 0.6613705408275355
0.05093657092286555 57.95865540702702 0.29039423884379256 0.02211291019128233 0.6874088903070991
0.04902466978341219 57.940593962180756 0.3056829492499236 0.022318846679087026 0.677080373620508
0.04861153112814806 57.87201571231968 0.3213658027774281 0.02169389935744885 0.6651865207745229
0.05018585152413437 57.77028805670933 0.2854764629170303 0.02308647755311823 0.6985614898785061
0.05046733995938354 57.74978383963233 0.2849154458616214 0.02296383247630482 0.6979106097777322
0.04858623852703985 57.74156573669633 0.28828133750930707 0.02224170105921317 0.6898684655452813
0.04771540276396251 57.68399125745389 0.32439346953500364 0.022808693566927735 0.6717861758729586
0.04903912523515698 57.582999044917614 0.28146613401857573 0.022383437045946895 0.696605894987846
0.049087268623480736 57.573841212769196 0.29321018944698407 0.02322960285812994 0.6979657289314638
0.04839587830929411 57.50821848249999 0.29225270117637964 0.022016554062733406 0.6854485198428818
0.048514812208948675 57.46389092062929 0.28209717120828415 0.022346221627942038 0.6958352222007259
0.05073725372635082 57.314579955077356 0.29871532775049936 0.023340998388073908 0.6912690665121076
0.05211610733920252 57.29277397150707 0.29217608093635516 0.02251568324073744 0.6940168877665006
0.05085677254491338 57.25436647402549 0.27408727590532755 0.02268843631563662 0.7079991690023111
0.049277237606776825 57.249453996155005 0.3303200923808287 0.022572663046994686 0.6642137075675215
0.048449575275865464 57.18495859815856 0.33231106064760657 0.02215528547765446 0.6596548758662801
0.04849991060289856 57.14236623310277 0.2840968339628221 0.023426048356470733 0.7036435869700126
0.04715394751224628 57.139198450240606 0.27594898870423207 0.02310380163759183 0.7098800908668821
0.04544815870380914 57.11814496621956 0.27254213730087357 0.023135791204154293 0.7117814078037796
0.04469076515554439 57.076693873588546 0.30165293249643454 0.023391201065097504 0.6915247724436937
0.043981741163676334 57.054868854899006 0.29469894804618063 0.0220987522912557 0.6883867882559338
0.042679635867594434 57.044479009277566 0.2892594281079224 0.021864187801251066 0.68830715599223
0.04131481641885131 57.03051321644743 0.3250778480612856 0.022371310277029526 0.6688178774922355
0.04194248295116627 56.926299384122046 0.3020794499825468 0.02271479132844314 0.6826878904639784
0.04571779228573782 56.7634591566297 0.27227862377929846 0.022665738352045606 0.7084544384496845
0.04842256634988902 56.701420510746445 0.28049444182009453 0.02341489363736361 0.7074854028053379
0.04791972269502411 56.68028079621854 0.2780037401721071 0.02255585579297616 0.7042729015061331
0.0465258277263638 56.66016940979507 0.3112119688299667 0.021765439343652392 0.6701675883965929
0.045382561404044265 56.632250906026684 0.3256341008540288 0.021834852629180668 0.6613950445820146
0.04712474637194643 56.48827531772881 0.3163458268303012 0.022275744844659464 0.6696736770780763
0.04883159644101778 56.45113724365036 0.2830555391518944 0.022086003414517857 0.6956694902298398
0.05320125245815504 56.215983205613846 0.3031714449441813 0.022279022397250686 0.684044922772936
0.05731031538915922 56.166138294997054 0.32894947758524384 0.022693784095311958 0.666574632606207
0.056450227014579815 56.12482535544067 0.31394217385989 0.02235756187103112 0.6768986235759041
0.0588925311631964 55.96129053925016 0.3048085529787611 0.021962837018556353 0.6798820813752721
0.059897457744463194 55.95578847619069 0.3050856632998554 0.021660448128462496 0.6756773759041637
0.06180686857403467 55.77416489802807 0.28259555847063367 0.02219665943287351 0.6974250506034001
0.0647220100872616 55.717368963600634 0.28022861693764844 0.022406930315312105 0.7012828212974623
0.06261466322671885 55.705283330649664 0.3022802614339297 0.02338367305806438 0.6906886449374446
0.05932786486051549 55.69787196697731 0.33229849705372827 0.0220039017300106 0.6590653364044293
0.061647009321043965 55.50555834904908 0.33112831399742676 0.021904618611922447 0.6594791669764514
0.0637692307287225 55.48428074265118 0.2780996920252241 0.022690905997941404 0.7053421971938216
0.06486321169419251 55.33767532336636 0.291291112304978 0.023190196915592362 0.6950980205082228
0.06846696352834133 55.22699099066038 0.2720002616613223 0.022910228061648427 0.7104504187342856
0.06761744676876356 55.21460516754685 0.31167267630249856 0.02320752556402326 0.6816740824082991
0.06376598483741353 55.20748420602248 0.3237703588369197 0.02222632531207841 0.664831667561508
0.06034912775148068 55.19528894237919 0.31929589519301815 0.02166487796930559 0.6650420225663479
0.05770669294371806 55.17324404735105 0.3235333107649027 0.022110692793923314 0.6678194311677631
0.05512987347575519 55.16812749801539 0.2965108333433941 0.023339526402560803 0.6929762205799577
0.05320648733837589 55.13027620686382 0.31879499411196877 0.021779858457971195 0.66535682366468
0.05292289562611257 55.06575515416503 0.3128695708007921 0.02215077411628748 0.6759115392414521
0.051894298996689105 55.05693699049053 0.2808990022179928 0.02333636736617071 0.7054241607772984
0.04982451162949566 55.040000240418614 0.32831322548879804 0.021995595903882382 0.6608365645558227
0.049013329794719195 54.98494817138754 0.2951514377165309 0.022748314255506746 0.6935321073656537
0.04826889880490197 54.96600286443473 0.3116636926360709 0.021865143080246906 0.6739782692597409
0.04700783521892276 54.93672801683939 0.285404578323023 0.02314930804269411 0.6993973097305172
0.04638813869736298 54.89282069262114 0.3129765997641685 0.0217559710137386 0.671767328029002
0.04606311104361822 54.851427835021035 0.31838833730497984 0.022438931968729422 0.6696864667179101
0.04574781760330698 54.807953188921275 0.31575376499017727 0.022774769344631303 0.6741962823365276
0.04459063206808084 54.80597242436992 0.279760506688979 0.02241293152163803 0.7015717682552343
0.04364996567384092 54.75693946426845 0.3321267119391547 0.022194675425301354 0.6617015279966797
0.04353307374085442 54.71711898234556 0.3016077342721235 0.02199982281894659 0.678202929210517
0.04747482514789408 54.49340103444278 0.29560115436669265 0.022756666789167324 0.6932377031135298
0.05015664047429919 54.4868305176918 0.3221605442457 0.021925194969713093 0.6670470237545927
0.05014793932757695 54.38827282822584 0.331662580227367 0.022068532305857133 0.6597755530007653
0.04988350780569377 54.38764203767323 0.2905144285889147 0.02247693638091279 0.6947535937238858
0.04840604900219712 54.34463885261101 0.3271186352777869 0.021878550663419535 0.6627549526933633
0.04739096072843283 54.32754420051937 0.31041094630003985 0.02323542799854262 0.6830147408665961
0.047771386917855145 54.22814985936555 0.32248226220114434 0.021727114675108475 0.6632529891135764
0.0480945468013162 54.20811895230098 0.2933516915378988 0.02324794995660197 0.6942315370476829
0.04735145954918383 54.15781225275789 0.2886356877555498 0.021966298279054764 0.6905138473409063
0.04810142544890562 54.07421717896523 0.3029029062942897 0.021823519574084287 0.6794860083456327
0.04827766050486302 54.045007119276974 0.3006870363865119 0.0232494512866539 0.6890071190233169
0.04695678091206346 54.028371878959135 0.30675923670281197 0.021732827565074442 0.6734829979774837
0.046885117773978635 53.94855154011104 0.2807136381822162 0.022657648959580997 0.7031850047947483
0.05024268136858933 53.78688583431824 0.275871294387971 0.02303133452472604 0.7068493221699916
0.05214621183996296 53.75578933555083 0.30322160396904874 0.02194843937337183 0.6768082508144406
0.05090874573114576 53.72541395632447 0.3195179478376435 0.021923340298040217 0.6689061247389337
0.049500105171593624 53.70525196025196 0.29406393104642736 0.02249230655334265 0.692300304387528
0.04752611249280022 53.70432460716731 0.3227341309448883 0.022906486008397526 0.6722686934250164
0.04546724096186713 53.69578400649847 0.32061145462936874 0.02284108669073839 0.6747059739239962
0.04839396210778733 53.48629026519492 0.28885519255351066 0.022697978150264066 0.6927088063652362
0.05077350820583745 53.47963438831415 0.30530567271915926 0.022551122302756528 0.6792457451675465
0.05250415619843616 53.313294076156104 0.31225804749614244 0.02318257178579665 0.6820969632630163
0.054879054908314136 53.26690562597407 0.32388177557082976 0.021785559269077274 0.6626283943860218
0.053576849038310254 53.2457724503717 0.3271177674032472 0.022536012000365584 0.6679722349525004
0.051539476959817206 53.233545362117724 0.2842785746862784 0.023067751160966102 0.6996431714333312
0.04937436776499694 53.225321597631975 0.2812381012267533 0.023263918645921908 0.7043622361433872
0.047580993002596744 53.20513226660226 0.3046977171139393 0.021885424795356122 0.6789498098124943
0.04693250274194709 53.15223219051401 0.29983739589432945 0.023374548405424737 0.6924754879385646
0.051561369029396 52.91900596237083 0.30142094622110904 0.02242197665567376 0.6863666739029839
0.05858678727467077 52.76349146173173 0.2781926855032198 0.022475631450390388 0.703010700148441
0.05976189698529053 52.74509426712926 0.3257926384623525 0.022496059821826033 0.6659977885463986
0.05703556217139872 52.73437502151528 0.2870712294816652 0.023410275818407298 0.7016203400278688
0.05410536976510123 52.73430664879774 0.33016413371868597 0.021952173885851495 0.6604114018969229
0.051401052200840514 52.72640809544433 0.310613062483491 0.021807972563583435 0.6738977935538131
0.04960798871761558 52.69874070353894 0.28965494598207464 0.0224949203478664 0.69060438539389
0.04896245124566021 52.647667900158034 0.31085444792137074 0.02235663377053875 0.6789817526276898
0.05100936616007717 52.51112823479107 0.3129683684083323 0.022215904903490527 0.6716427500580592
0.05183233259569615 52.49959265711077 0.3130457261224685 0.023116446666436974 0.6815058783347696
0.04959477853479341 52.49263678877776 0.3191318091925938 0.021724825515395355 0.66539110422162
0.048074943610190886 52.45858756143302 0.2831708058904726 0.023150492672686592 0.7014573343274026
0.047333066672170014 52.42181534295477 0.29466430804766064 0.021825702512736186 0.6836618898464643
0.045964342886098575 52.41783765092663 0.3201333499669916 0.02269510810742474 0.6743450963745639
0.04449012708864897 52.39117229653266 0.2875121799585446 0.023405918191809517 0.701224614181097
0.04382044666078404 52.35373099367347 0.300317442571405 0.02270979429421242 0.6893306780707081
0.04277471333100736 52.346714209129686 0.3310579353629851 0.022338076148094882 0.662260221089989
0.04164592910946296 52.317351497230895 0.32530043962918104 0.021953190668040988 0.6624805303308433
0.04057979760148221 52.31053083223549 0.3105950474541924 0.022820463807160518 0.6823549854731561
0.041739067990553956 52.17530907455514 0.33113776048311105 0.02229096555572663 0.6618463396578738
0.04352071881459145 52.12891595503716 0.32689157449062084 0.022091103706684177 0.6648889261067078
0.04262331079906408 52.12433744964413 0.31188168005069244 0.023163472870197765 0.6812728656571332
0.04147467737581505 52.09406396686816 0.2966690694665013 0.022348283658363676 0.6841287133465999
0.040670375113572854 52.07532747618951 0.3125707779713153 0.023147545444805323 0.6806701702678227
0.040589442992798035 52.01112427751494 0.2943269198664287 0.023295317054518615 0.6942492170757656
0.04490599970079603 51.78773534873936 0.32974421883597593 0.022447222435368508 0.663848643487929
0.047826150748182215 51.76974401237009 0.29177440054513115 0.022531530710011786 0.6892142283641158
0.0460277474567165 51.76508102948746 0.29588001033600264 0.022472549875724165 0.6856048518761418
0.04409983410016975 51.76012415738611 0.2937343719195765 0.022272332197105008 0.6859335402359564
0.04275392913278625 51.73484118261607 0.27887719348832285 0.023275731407545512 0.7078251430688842
0.043709683064125766 51.62441305798812 0.3168341512952966 0.022785199611442646 0.6738326258033809
0.044912448861990764 51.58107465096252 0.2743427385250178 0.02289442922594378 0.7088658588356958
0.04383941415045906 51.57765736226336 0.30416657906718547 0.022885519508410557 0.6875530157176225
0.04378602155641427 51.49085138178483 0.3035261903889892 0.02275802731928582 0.6822684517466597
0.04431328203678319 51.45648571083531 0.3207972171064123 0.02183857367320306 0.6668426759236586
0.04328882316738091 51.44387463057453 0.27539486608620123 0.022538771024465838 0.7046493451660472
0.041923213270621124 51.42995549732059 0.27744404657430843 0.023084731044378012 0.7060837491491051
0.04092463774742683 51.403649027489976 0.30633535784845084 0.022274157139871263 0.6766010357599141
0.04374194423926005 51.21140833872946 0.28001102054401467 0.023239576776350475 0.7071307458971906
0.04609371382125746 51.19042251405609 0.2917744690649544 0.022957613297350594 0.6972447874658108
0.0447168088198355 51.175519338218905 0.29376415862292526 0.02185231835977267 0.6849914875505206
0.04312915506884106 51.1695090431671 0.274860317474525 0.022760293879820443 0.7074810036086782
0.041966787858050365 51.139635341240535 0.297309025178212 0.022745071831039403 0.6866602156022552
0.04255244021072861 51.05154552895283 0.30876529515553847 0.022118185558691095 0.6783585392091737
0.043090142785434216 51.01974870740901 0.2999969385109743 0.022619696852783946 0.6888585688007044
0.043667686305797426 50.93228309405669 0.2931541086369615 0.021961943616042836 0.6850082909392813
0.04366464582821677 50.92370736667797 0.3237768616681139 0.02281364503050685 0.6709404240405495
0.04267449495956278 50.886272285767575 0.27734422298581374 0.022971097166753537 0.7075942535312577
0.041639772264603345 50.88239525498673 0.3282983736197407 0.02203434402661042 0.6615056138386886
0.040021936142911475 50.878844364302154 0.3027290334733421 0.02325033126634921 0.6879603201828822
0.03957159763431162 50.82014023500559 0.31955158528431615 0.021880312991971906 0.6681989570664295
0.0399102465018205 50.77499863822361 0.3091097495125498 0.02276857854590133 0.6785915845816148
0.04000424764639677 50.72881239515907 0.3094512544813439 0.02182579064003369 0.6720384809931863
0.04053468085889637 50.66150132530613 0.2848782135765135 0.022431068789615642 0.6980905203268858
0.04015635114618988 50.659472059542445 0.29102871619790155 0.023365044608854958 0.6979077229371179
0.039703995436709806 50.59904929625804 0.3165687279243267 0.0218387055656398 0.6698704063888844
0.043185275861834654 50.40643947646278 0.27869138375110264 0.023123141483611803 0.7075025068451488
0.045842526861215635 50.37181657518845 0.2807552094259306 0.02301038796879014 0.705513729435734
0.04513453793305097 50.3401558492136 0.303866191025961 0.02280494681358029 0.6872298459143142
0.04373469952219224 50.340144307613144 0.3044150451558605 0.02254079722535022 0.6799286931536747
0.04180973317985084 50.33976962478242 0.3036793720651364 0.02256984304246338 0.6857568560294005
0.04035167999160022 50.32382951190158 0.31630106592739166 0.02215468687731653 0.6691878365551778
0.04088916454842154 50.22708966128169 0.2900833737246289 0.023354555297701758 0.7000096435677106
0.04154488090194426 50.19999701169095 0.3223038582035819 0.021806074505889204 0.6650510902539801
0.041392553043691376 50.145455408435254 0.2852536430141661 0.022693785371363455 0.6958184596283944
0.04104851998015017 50.12720571962628 0.27887167367100024 0.023240542336524485 0.7074991983161641
0.04016730424113356 50.10194818563038 0.3161689524316762 0.02171519294493136 0.6680097263971776
0.03949134768027986 50.07558511918488 0.31437318926593416 0.022812202254796052 0.6756790427345163
0.038502515913226225 50.068980948551875 0.30795951255848575 0.02287901386485565 0.6845623502666986
0.037823883567876526 50.02942180534061 0.27567519667949975 0.022623093752305135 0.7055281871168633
0.03841791174804821 49.9554469376631 0.3161018989033425 0.022698714110002866 0.6773298623303887
0.03957835870206283 49.884051251728955 0.27519446357196226 0.022826435313686125 0.7076760986103171
0.040181868935399656 49.83743266539521 0.3263642186107505 0.021991915136887516 0.6623659851878858
0.040594080595569404 49.77615790853986 0.3127209935520312 0.021710922203456252 0.6704489720212301
0.0401512080798385 49.771486285648564 0.28325042234815284 0.02315125636048917 0.7016122996883165
0.040124308911066796 49.69216846872028 0.3214957939316995 0.021785425138212425 0.6652210035208485
0.042031657125056694 49.588826294184315 0.2972973304662109 0.023334296174400488 0.6930498925971198
0.04264917342026327 49.56827125475231 0.3059132322709046 0.021827690363072864 0.67712322347725
0.04562478346162713 49.365686462952 0.28887829721538677 0.0228405121966889 0.6940532147042844
0.04775074606231327 49.364091313472755 0.29532269033308844 0.021933499492470396 0.6832564262222857
0.04653400311560444 49.317553226052816 0.321783198321236 0.02195228499068784 0.664731460592146
0.04675238866554603 49.25442694058246 0.2934978909454772 0.021965879744375104 0.6870937776441808
0.04601698139187506 49.24906149987968 0.32678936496269373 0.02255512058274941 0.6664775458113203
0.045332002002835416 49.18758199672618 0.31828338735544703 0.02296536253568276 0.6755912073276296
0.045318515971932205 49.151292215449494 0.31016479852091183 0.021740959846092492 0.6716598161995038
0.044552713257396154 49.125361017985895 0.31524008997881325 0.02178540195352688 0.6699776653979742
0.0437937845495364 49.091220671677696 0.32982302029349575 0.022319845143006275 0.6631397939589763
0.0428073741486614 49.07818018273245 0.28347741667418125 0.02315625134648269 0.7015306579366716
0.041640795257040564 49.05649677909745 0.3147064394958291 0.02305341377941303 0.6795286713415902
0.0410842304941269 49.01647713011835 0.3203971765575558 0.021787938196390935 0.6652152682243352
0.040701625132819885 48.98692737964717 0.29834241599191114 0.022238460405625618 0.6867846152366842
0.04114180268490147 48.907311801355206 0.31550768343474533 0.022261532589263305 0.6704872527325869
0.04115131454177754 48.8958757324819 0.2849228581578903 0.023336018833047964 0.7028976303372065
0.040077170127885316 48.873503748508874 0.30934269486110266 0.02291034447682916 0.6798831396527465
0.041515372535766794 48.73989873363338 0.27962108887355697 0.02299228006108362 0.7033555004948492
0.04336513237430533 48.68885125020958 0.2924273877781139 0.021933233871210208 0.6859956869784102
0.043594065514581955 48.63529428259554 0.31103188706937784 0.02241066475499574 0.6744945848469234
0.042819354083105776 48.63147950209996 0.29123639886805 0.023342668377860056 0.6976947682741508
0.04554043701732644 48.4245426338756 0.28386151723079284 0.022667125391127935 0.7007385917805863
0.04780957322859043 48.42057206323287 0.2810274143228314 0.02311511012784706 0.70571550624137
0.04588901924930815 48.40763628047566 0.3224167987304749 0.02280255056723219 0.6715475091545471
0.04456733614263977 48.382956042658606 0.3082537462298929 0.022660726371681823 0.678347264722362
0.04318103370060969 48.37741547934551 0.288212872712823 0.02205543165193879 0.6913839216454658
0.04164910189516794 48.36515274676648 0.2796663255860562 0.02234514038640027 0.6998061911192576
0.0417183585348777 48.285422849828194 0.30466998344675306 0.02322111744145681 0.6881400850929389
0.04220895804394641 48.24926338448108 0.3269415043593898 0.022290695435787183 0.6661127519457116
0.04116454310224341 48.24614345662539 0.3285921030615818 0.022416034676773812 0.6645559270034802
0.040406624599366184 48.199487111306254 0.2834968017782304 0.022759232569239844 0.7017085650805415
0.03983528975913778 48.18781980107457 0.3012156496205791 0.022870519963162486 0.6850531911374395
0.03856661175409115 48.18054510931701 0.3067490097465567 0.022301155667638937 0.6766495360032115
0.03718501912689663 48.17998676769462 0.2879891697740421 0.0225598824935964 0.6926601106384527
0.036120490204491464 48.16016288890667 0.3149227354664761 0.02215653898447522 0.6741189837914217
0.03612386096238996 48.10196966656294 0.3198085430309232 0.022823921474190764 0.6729044116295546
0.035955949821645496 48.090437387563156 0.2873603538655448 0.023346162977821983 0.7012832263860996
0.03521658009531911 48.0669326487037 0.29130776990909524 0.0220567154040688 0.6871131072011448
0.03581181967522695 47.98070418185399 0.3028121947386615 0.02285306323094744 0.6837804791269158
0.03621619362305747 47.963917800034295 0.29332437183562 0.0226852350426327 0.694081628904643
0.035373770715607794 47.9507258260565 0.32300775645278146 0.021955024199591014 0.6661539589798461
0.03473234215588564 47.92494558618947 0.300270732892688 0.022612827456330035 0.6884621092566481
0.035896645714349015 47.80981896233989 0.30705266900013695 0.022738549397297646 0.6798533697745273
0.038302563211854004 47.71121320090353 0.29389482357012026 0.023160827382357044 0.6933086104293666
0.038963233562110844 47.688832105797474 0.31840401871451646 0.022098509499733757 0.6676747399275949
0.03976405714632611 47.586850746081794 0.3120557223516056 0.021745003606768953 0.6707474521076362
0.04007460019365927 47.583883601718796 0.30863322091790196 0.022204003510556323 0.6747330100966356
0.039229093624533605 47.54484531129838 0.29892870837671465 0.023274811590409075 0.6927753059879871
0.03858481442088672 47.53296602197983 0.31796169482956593 0.021836191573631647 0.6684920201787199
0.037836988141321096 47.50205562963592 0.30502516480739666 0.023237345594978216 0.6874513995013704
0.03712333108815185 47.49019171418382 0.28991233342953443 0.022815366572707226 0.6931150450695877
0.03628173258993696 47.469087983674925 0.2931936920240187 0.022790995913157253 0.6903364815610591
0.03610576967696174 47.42182108743755 0.31216861855143124 0.022960387838931742 0.6814762824432558
0.035848234752827765 47.40491079892154 0.32915575079157666 0.022245340057583593 0.6631274072631587
0.035257163624974414 47.37839538023171 0.2782681003534048 0.022724143964224272 0.7025603432832074
0.034427140226371555 47.37732116915241 0.32599160893616586 0.022311670263635168 0.6648140603183946
0.034146929930466384 47.32105076306662 0.28813099673965165 0.02283760297462926 0.694747617984848
0.0346020997166635 47.275149383494565 0.3227498851644339 0.02185226297533682 0.6647196670900619
0.03517751198538525 47.21192198717356 0.3234141138442251 0.02227217356075268 0.6659004115182412
0.03506051781110657 47.20445325578435 0.32083673180570105 0.021816361490067358 0.6656619156852773
0.0342299562316475 47.18529593415078 0.2771019317398346 0.022592899932347935 0.7031306461016037
0.0333803317128014 47.18173920135202 0.28593751559434555 0.022334575611205235 0.6961757756956094
0.03296104454369626 47.13900348260203 0.3227794232888995 0.022585328383927787 0.671245469821183
0.032618419287408586 47.13087938924903 0.3054942903252291 0.023181263602630856 0.6856757987272708
0.031994790534850645 47.107700007611754 0.2839343549563341 0.022213556663204514 0.694570828584213
0.03223281287923553 47.04634118314834 0.2826494624041894 0.023184168922251322 0.704723408899498
0.03286498921741348 46.996700862579004 0.2859589033634403 0.02233455964892567 0.6961471995293206
0.032814992910422475 46.977140972620056 0.31670106719231195 0.022266009834673542 0.6736829479763875
0.032479327513810496 46.946374518776594 0.2808088352906082 0.022330079814532562 0.698215591140543
0.03223443048949194 46.921669672389555 0.2759538185581635 0.022933182600579367 0.7073338639990021
0.033816024258652044 46.78153249245307 0.3124553392321022 0.023085844691059187 0.681014184430711
0.04231427083573259 46.41104131089376 0.2760024683994034 0.022771000358323624 0.70595693243599
0.047772074013055374 46.40190277415748 0.28235217008483626 0.0222578645253033 0.696870210591501
0.04700042690079006 46.34317622081401 0.2966755582463039 0.02251514829955872 0.6902484210871889
0.0463781249403288 46.32778761406376 0.30235066534990884 0.022622594496963806 0.6822234631664683
0.045442001809468745 46.286321489196524 0.2835576875307893 0.02322565457425586 0.7040790069719164
0.04544816395100118 46.229862958945894 0.29513514390902446 0.02205910983656149 0.6869667327633466
0.04466900974479321 46.223730432992255 0.28494985586932375 0.02280627303110217 0.7009089277070834
0.04284830439562012 46.22050340967142 0.2881781725447268 0.022232766471038043 0.6935337214360355
0.04107401566094191 46.21943233045852 0.29464685368458315 0.02204148251503983 0.6843884288324069
0.039591725235434715 46.20825810367275 0.28132821672820413 0.02313001358419283 0.7053163991845979
0.03952294288500642 46.138452547928196 0.3079243768403163 0.0219278370397331 0.6738314811609413
0.04030415723077582 46.081434714736346 0.29750628521085987 0.023091716742346922 0.6933504209081571
0.039716682929926764 46.08095895636979 0.30662860431465744 0.023112258608492142 0.6841098831872044
0.038497340753364986 46.06039503176186 0.28702944222687105 0.02216141916626405 0.693330820489888
0.03884121856127491 45.98044023076365 0.29403182207939127 0.02221205069225562 0.6856770443839288
0.03885479502534477 45.97385582271229 0.29096852459923556 0.023300043696215238 0.6987519086584346
0.0376460355026755 45.96193295779763 0.28923536077191664 0.022680651539911795 0.6968979320551469
0.03648124622727631 45.95736373591694 0.2930089885185507 0.023080271970807094 0.6966903338169008
0.03565583812726569 45.93027422686551 0.28830871727842644 0.022875219680356763 0.6950081708992981
0.03525616714551011 45.90313022685349 0.3191922964952658 0.021823465474402007 0.6669512651747254
0.03484283219482564 45.87791266127901 0.31475553776355447 0.022095894868200905 0.670081257602118
0.0340619623312428 45.874002436917856 0.29115305435751454 0.02302707598988367 0.697795718028523
0.033960706549310625 45.810767286597894 0.28969520676193006 0.02291946279778296 0.6942896604840231
0.03483035251668603 45.747535701014684 0.28726604198476396 0.022230614734995772 0.6915096068840679
0.034833531391319165 45.73372988529104 0.2999560105812247 0.02306485399290959 0.6913353606505321
0.03406895810699245 45.71762113475876 0.2903896577241224 0.022906162210786465 0.6976357471670331
0.03331234792419441 45.70586315614733 0.2929694404550049 0.022131383817524008 0.6892019908780794
0.03357423098227776 45.63006580191103 0.28669934091202515 0.022402382410703005 0.6962416989008194
0.03403333417861137 45.60319873124078 0.28055044320548317 0.02285998218044026 0.7015954455210303
0.033626995082269774 45.58063072515424 0.3110953133771114 0.02246368854771173 0.6792817246687237
0.03285862508683526 45.57748872197851 0.3080373878526658 0.022290656212762505 0.6801341695094242
0.032047210125125396 45.56057040225171 0.2819981603861594 0.022401210887308138 0.699193139453217
0.03132285710686484 45.55450885757387 0.31892385250609 0.022681942737950635 0.6720473565866342
0.03177578896642356 45.464304662085624 0.29794386761192326 0.021895417149864052 0.6815158170586577
0.0341173569661816 45.339729710983434 0.28450760291044397 0.023230706495546705 0.7020198216843363
0.036495494272675746 45.24839703543792 0.2824531319625148 0.022900819602262146 0.7032374832073514
0.03679795250287391 45.24117335508467 0.288642440535587 0.022078726725911543 0.691006533244564
0.03572393020504101 45.229909510283576 0.28355324284547423 0.022612237418194715 0.7002668401394399
0.03487825086532657 45.21313086982107 0.29643690762065117 0.021972908649263437 0.6849212081635863
0.03395635228561258 45.2093314692032 0.2963865456216827 0.02200895498460674 0.6829433380416655
0.033304720258736265 45.179367659158 0.27973139594066654 0.022957337394585844 0.705385572137772
0.032944424908721244 45.158972795174634 0.2767530842334422 0.02285197478163366 0.7062001478934343
0.03214033799172301 45.15835399296206 0.287627140605881 0.022891140509718924 0.6957528955876843
0.0322466003984821 45.0832319886444 0.3029239997694628 0.02222391387404306 0.6831873330097049
0.03371045516517901 44.9964572839727 0.3001727335194468 0.023107810399807433 0.6883818026921212
0.03525999601976493 44.916287384445965 0.31129282146460857 0.02192019264124878 0.6715758922749895
0.03785193904675381 44.775750590278676 0.2900837263744801 0.023035858158838848 0.6951482082064512
0.04075930689806048 44.67753990550889 0.303065982658915 0.023220403942818022 0.6883191712495318
0.04102383987122351 44.67163873413841 0.31041864431431443 0.02289452935893512 0.682395328370318
0.04069829661614731 44.60643506475949 0.30164561112149607 0.02324066627504378 0.6897463947461748
0.04070805132265064 44.582131000996824 0.28228703854415926 0.02291612521583476 0.7033942584610958
0.041585164729351407 44.47649761318289 0.29855674090994805 0.022314258838175293 0.6870869577603427
0.04234852661032865 44.45158110392348 0.3141559963506495 0.022839649938218246 0.6791755712160434
0.041320505476164435 44.436160664315985 0.28479593038021417 0.022232776298253397 0.6952898827412269
0.04225763001560551 44.31876625347289 0.28674707321537823 0.0221818472350868 0.6920508709083003
0.043968857771445734 44.25928496082478 0.30637159367945666 0.023166194465094894 0.6856013516503854
0.043625245886993534 44.239466603578045 0.28547253299188063 0.022444770410625717 0.6943078711179871
0.04234067870532348 44.22747802679099 0.2931434116562392 0.022185141242299283 0.6863794653801747
0.041282968818082175 44.2008915047811 0.302351761502235 0.02248961904154289 0.6813019623345193
0.04050092404552467 44.178001192064244 0.3013983004846221 0.023181071688851126 0.690370852398515
0.039962981363704006 44.14127945009923 0.3189234035998393 0.021901234042452204 0.6667966145062068
0.04036877954816602 44.0712764697882 0.3044144441915029 0.023127031569830377 0.6859031688132459
0.04013467651101853 44.06477878806612 0.30368669765793177 0.022683953993886192 0.6818975430862024
0.03865166531449398 44.06273796716336 0.2996832712691974 0.022617575264587304 0.688734047338131
0.03742049781292519 44.04830133099447 0.32645477728011013 0.02243644349254189 0.6665713639740326
0.03758057347298272 43.973927532378596 0.29966978733128136 0.02323637288354174 0.691636331597777
0.037485052691704955 43.970606405246656 0.3243522123382572 0.022368823967480706 0.6664500900586559
0.03862440476347504 43.834869276263575 0.2899486021599694 0.02205169490881351 0.6893160972821266
0.0402009271086488 43.79925304907359 0.31013052751096837 0.022591675948129875 0.6767649805356697
0.03932521991922105 43.79337637944535 0.2914175961793353 0.02254815333204093 0.6900353613674822
0.04086580003970416 43.63983508003231 0.3092290031846503 0.021919987248142443 0.6731066382740767
0.042063813336370756 43.63875812422916 0.2854037916638381 0.023059853935141476 0.7019708712505693
0.041138022336530855 43.59579618857738 0.2806610599936903 0.023111729074164915 0.7051652345278083
0.04205858200370979 43.50515751165693 0.2897980744813222 0.023274912901395464 0.6990622734258126
0.04250320478355888 43.48099735579032 0.3223785194251004 0.02222382055665292 0.6687936694891399
0.0411746374946438 43.479439799662075 0.32002323071698735 0.022520994312166958 0.6727829646201055
0.040588837164877635 43.422598289747974 0.3028305790534839 0.023192651657124905 0.6889755898256859
0.04056602657561614 43.39217060128297 0.29379189884689283 0.02254447428014003 0.6924059006062204
0.04026903000102406 43.35030320864033 0.2900708988144634 0.023136214159275203 0.6989057959530398
0.039634235985829686 43.33767518857017 0.32392131767191623 0.02251949298411948 0.6694916072874556
0.03887980858443458 43.3046668073118 0.2964800245186473 0.022321875715599317 0.6885603388593978
0.04094421978992717 43.15120746299439 0.3116022533816395 0.02183830108806508 0.6714710088267899
0.04221175158866636 43.14656362560997 0.31607745686468813 0.022027936087171626 0.6690706013041039
0.04053270483019621 43.14463410532 0.2969965946350137 0.02221317403419585 0.6871461786006866
0.03991213194137537 43.09166696997062 0.30842529518623596 0.022040336299376493 0.677356085783154
0.03945013173443769 43.08175077167726 0.3150152826903899 0.022793241323911754 0.675619258556138
0.03811395748476831 43.07784751393001 0.3095217491955518 0.023005384184546986 0.6812924365734087
0.03723547376114916 43.04772450768924 0.31214603587004136 0.023025408814712756 0.6808740972601055
0.036968786542000046 43.01198325160329 0.3105723028828211 0.022495441592159406 0.675742819564564
0.03675121781148704 42.979591749915656 0.29908714671432474 0.023232625198095696 0.6912183133165773
0.037242113534082626 42.90564944114063 0.29599220036932095 0.022215931840373005 0.6843409166173535
0.03751024935777153 42.88255305593316 0.30401520109443625 0.021974431479278685 0.6796849308578742
0.037927747967490655 42.80264907257872 0.2784688326106637 0.022728577713992042 0.7030672396192454
0.038013556684511916 42.79395288218913 0.3100915981861738 0.022366236745761634 0.6751045843581034
0.03811134362185277 42.716292421272186 0.3018731665620736 0.02320368352428137 0.6895360368023088
0.03839004339283696 42.694703175964726 0.29135848769771094 0.022418517744313766 0.6892662866595822
0.04023033596199498 42.541289972527 0.3134695061203534 0.02193914227507324 0.6725645161296939
0.041632045341743355 42.53031669100943 0.29893983108009764 0.022306486782968336 0.6826325917734021
0.04059227045458486 42.504144139865815 0.28167629199952415 0.022859779091313044 0.7032277618916652
0.03958824349549276 42.494479634234835 0.27844657495501124 0.022868726339266853 0.7050803856724016
0.038573811254894536 42.47249016617218 0.31220052453511843 0.022370710016351585 0.6737621876775212
0.038945110224307765 42.392362863828794 0.29097104355134357 0.022317404926144112 0.6889968576682588
0.03984105982797606 42.33978037788984 0.30820923547391815 0.022043133331447144 0.6774836871085288
0.04056177372975458 42.269250508262566 0.29067754647847294 0.022774116804380084 0.6963311525015301
0.04066670827653578 42.245483645168285 0.286373103754835 0.022760814777079252 0.6993015017298987
0.04091813723835883 42.16966725472909 0.2834797131574951 0.023111745170292207 0.7018097927246528
0.04087242529502257 42.157861235763434 0.3000059336869162 0.02189435536290824 0.6807836879229173
0.040431396089526866 42.10450539013082 0.29495360032020335 0.023137450053686563 0.6951345925131258
0.04200830211390027 41.99291376460047 0.2791344591123994 0.022604337963881234 0.7021291568453584
0.04252070897394967 41.98526440824128 0.3211231732287502 0.02233412221287058 0.6705170023069766
0.041079792458062044 41.97299795818213 0.2963520608232422 0.023208794352614633 0.6927296223774018
0.04082409687413617 41.9103404009828 0.2999436468485056 0.022973716768665765 0.687322270058462
0.040754076070078867 41.887372458020714 0.30679398363605703 0.023044436395364163 0.6855384773834258
0.03960551509892956 41.88157581225195 0.2972097525044576 0.02322861488198211 0.6925850179513208
0.038920049725960484 41.83835950371582 0.29846497541419176 0.022190892949900776 0.6858146619209443
0.04003531509287139 41.74029595084013 0.31677932204339443 0.02276404546780447 0.6764709226726275
0.04075105974003056 41.71250653178688 0.3213081095534338 0.022680393602505983 0.6714235986479977
0.03962289048316691 41.710401446018736 0.31589038719549756 0.02262683921962112 0.6735766741355879
0.03877452704960441 41.67207331801914 0.30428059710917194 0.022234326798510392 0.6783081832043775
0.03823448831068037 41.655193595472774 0.31156135962812725 0.022412327117406143 0.6745355576059315
0.03779787520891075 41.61335454691563 0.3003928959184976 0.022875407282234028 0.6860609973625458
0.03824871156685153 41.54908203529898 0.3100913553050436 0.02226351529876012 0.6744692894027519
0.03814519197225859 41.53501447502137 0.2876702166506724 0.022290376933233453 0.6940786574034518
0.03716032202784521 41.520669798121126 0.2815835656944653 0.023060788986026363 0.7041781088507146
0.037177952599527955 41.45434674262077 0.2824895006526251 0.023067008241270146 0.7023095129322833
0.03722950774012846 41.436008675241425 0.32014277884842846 0.0220969011053281 0.667143254746724
0.03652704958134001 41.413075846622604 0.3048059941088993 0.022809216565654142 0.6823779069204117
0.03637143492280948 41.36588023247343 0.2940486835691667 0.022483962531381404 0.6876385612247301
0.03659657532828516 41.321118181712336 0.2871000845786988 0.02321362105584627 0.7004013802497803
0.036051502699007525 41.31696732563371 0.28925326491172054 0.022309790337878756 0.6932646467836884
0.03502321237807903 41.302743218659856 0.2900928396193582 0.022781349522817705 0.6930546219486227
0.03407988756874556 41.29718969876831 0.28658494972118875 0.023096331285226104 0.6989633423822533
0.03413269795504812 41.22643846339909 0.30713422449763417 0.022203170874467684 0.6797575396242344
0.03406270956414878 41.22573732948823 0.30799594648718986 0.021927844982907268 0.6742461295929341
0.033063431207067104 41.213786224957936 0.29700125352828355 0.022939708852192223 0.6926534663219077
0.03223116406077256 41.20618637292506 0.29610879535806583 0.02238243305639888 0.689246745961241
0.03158359968215969 41.18529257176715 0.2879340478107402 0.022898413468836566 0.6990622063772081
0.03132071923130891 41.15439503605565 0.3160573388009246 0.022877577398034865 0.6765178897262334
0.03132254926326986 41.11665222961477 0.279890268813376 0.022587682743349765 0.7010657764376421
0.03139290718667088 41.08108157610121 0.30323175652271395 0.02236276255233558 0.6799313433461736
0.032729067729424834 40.96480385763393 0.28078689703376036 0.02252973168981193 0.7005655377395446
0.03361627923826322 40.95087580149867 0.31512686999051764 0.022826536596174646 0.6779717252415028
0.0332662164117908 40.91338490743949 0.29484155730814116 0.023205081578930767 0.6939321222155219
0.033962272399512924 40.83648798323567 0.30327309878874564 0.022919748579435646 0.6845329212401212
0.03543877278100109 40.75144440153022 0.29706182481487686 0.022142415949103624 0.6832842971994798
0.03618934470252542 40.71439254997071 0.2948639213478909 0.022748253467786358 0.6890725619503464
0.035837210102458 40.69278983563768 0.28119667217166533 0.02253776512239713 0.7004676678539006
0.03567496702971543 40.646244945747625 0.32173712509145297 0.022517534414449886 0.6710532765775341
0.03538777320047029 40.631417028907805 0.29361843621931555 0.022651486621380057 0.693210704715332
0.03493160369580619 40.59633999889027 0.28127656384081223 0.022510494180586087 0.7000547349695957
0.03492559885673102 40.55577079474098 0.28240138593340736 0.02283339954044314 0.7001486452108477
0.034685338427356424 40.53425418323464 0.2932450809012568 0.022076102407127873 0.686317840470692
0.03528934199326358 40.44621638024477 0.2947495311004581 0.022934034300253276 0.6942485736389659
0.035651293806519074 40.43434508099388 0.2937115490309031 0.02272718104548728 0.6898016995343629
0.034673960565219236 40.42621805787982 0.3166230015216524 0.02241435654053413 0.6744648203323871
0.03385666942596368 40.40823545104088 0.3011065924771818 0.022270043792745258 0.6809156710551503
0.03360768984973005 40.367940732420394 0.30775945849028197 0.022464422437966654 0.6775394493020874
0.033528255971176514 40.33956340168353 0.2868071812311823 0.022425396130730628 0.6959718480296181
0.03451428627919116 40.23714916016746 0.3072958692620864 0.02187009332870279 0.6752380075147096
0.03538018146185598 40.210526385074296 0.3086982586599838 0.022689363633496506 0.6787595844559833
0.03502512066294399 40.181061391832515 0.3091773075822625 0.023019590069564166 0.6821160265167506
0.03447343062840214 40.166955287050286 0.2908000123907065 0.02215417126868844 0.6902881200235264
0.034060209105910996 40.131149013662046 0.3227824556322053 0.022366922443119597 0.667678859498206
0.034157207465173936 40.086933727532724 0.28407395040761796 0.02234001815148627 0.6962917211470103
0.03370176509041099 40.083950058194894 0.30843348114939545 0.02244396354030965 0.6807841666605794
0.03270723521431042 40.075355856835245 0.32374676044453615 0.022461229304821098 0.6686551336681288
0.03175630320830682 40.07340600609628 0.29964879739198114 0.023169022451414868 0.6911536901137889
0.030819536916347 40.067645401109246 0.28332565097312135 0.02243091010029168 0.6967438181951793
0.030332159060154736 40.038887893814376 0.28943137347564685 0.0222286696678767 0.6901360071651031
0.029925951432804 40.028670176159 0.29991279777319346 0.022072532985186886 0.6808174989395411
0.029654386435057002 39.992226100527276 0.29752836521644943 0.02289255207072228 0.6919135618597919
0.029715111374819393 39.95919472122021 0.2934119419950557 0.023046801124748374 0.6930422669742794
0.02931822014740397 39.954345378691514 0.28542786616834614 0.022915183728505577 0.7008238939075551
0.03023536652614156 39.83475817186268 0.30016763417984366 0.02220764527173073 0.6812874537524642
0.031275804319106947 39.814663830001635 0.2899265598135 0.022129351529611516 0.6899269353342454
0.03063500737435944 39.808846563910436 0.3042205095683306 0.02190938745621819 0.6781940620943734
0.030041142423273198 39.78791891390384 0.28081484698282655 0.02288467207919222 0.7035344101443
0.029710287105452843 39.76569463938294 0.29504831000835685 0.02301753433924733 0.6915052825897474
0.02936018821024095 39.746996903960124 0.30879125759763104 0.023035519373050713 0.6827275375778861
0.028919550190121105 39.73221968794126 0.28701192766342154 0.02257645658856689 0.6971960700294373
0.028417596973398573 39.71935012902777 0.3181021761095159 0.021997998644586007 0.6681230340698778
0.02810390626223039 39.692551272300776 0.29196286095339813 0.022140910181121857 0.6876653676985055
0.027838471146682003 39.67675194325017 0.31031563380347993 0.022558457984871712 0.6801990531803654
0.02826105005493194 39.60144515918029 0.31874845516238176 0.021977450240524037 0.6685725528127131
0.02872194757793536 39.57981863239989 0.2817296977069449 0.022713019077889564 0.6999612188589062
0.028303493252673336 39.568296786102856 0.30979819397750286 0.022790238845723135 0.681995835800399
0.027937703476830656 39.54428125172929 0.31138655619507505 0.022627550623048595 0.6798380340990122
0.02799116944328175 39.5029806132743 0.29004156195815045 0.023092324005467013 0.6983778399280083
0.028806817253083625 39.424494962179395 0.3115566209435152 0.02291741522643313 0.6794345961668643
0.02910902314824755 39.41650873977609 0.3007638700354163 0.022837281762913338 0.685582195401164
0.028349544090319544 39.41484214907557 0.30081495309497225 0.02308231597780312 0.6881687895414
0.028748182798301047 39.3271690797048 0.2971547994776902 0.02198829191665414 0.6837456409468299
0.029515524157054444 39.29557355721763 0.29967198211530055 0.022673515189621487 0.6888789943017319
0.029619817694323952 39.2551450874641 0.3132861921878528 0.022521465940478998 0.6776755881369704
0.029685582174307973 39.225682328685465 0.2819526083598397 0.022588288548776148 0.7004100977249015
0.029822918621596986 39.18065638068339 0.31509612892559086 0.021984077193175765 0.671519470750719
0.029542625828457906 39.17909282142407 0.30568700721292685 0.02301986993365484 0.6842354456046139
0.028682012233922784 39.17658879551785 0.30642367983138497 0.02292016005144702 0.6825732350908542
0.027857959703523102 39.17589379398515 0.2985569842400236 0.023177601637268147 0.6913755634772821
0.027175247511050035 39.16614043079025 0.28502241696090846 0.022394839487648616 0.6950065621592052
0.027000480558949422 39.12937453734219 0.3077838124365514 0.022759150524013602 0.6833480050621179
0.026736235366144744 39.12628062883253 0.321428684028157 0.022239827620853456 0.6675475411766597
0.026183762524464912 39.11311699678667 0.29977340663072133 0.02276586762233614 0.6856683764953144
0.025829552404760724 39.09621733938982 0.3231352481552127 0.02215139547067095 0.6666399998241115
0.025390799871887068 39.09088628485374 0.31347508075592684 0.02220717872504086 0.6750383622794153
0.024900601281109783 39.079805334376346 0.3086219209759694 0.023023865418148576 0.6827225565923595
0.024673323534985213 39.05439622616244 0.29442933528387144 0.022115971242341614 0.6855148344146094
0.024507147153606697 39.038603325903395 0.3020134629077615 0.02313834955223164 0.6884773096691287
0.024072939016011083 39.036359412067114 0.3057687506644134 0.02229659997042239 0.6778102839019764
0.02397805253143581 38.993427474052424 0.2957635201685227 0.023182214442420645 0.694032343788529
0.02411898895859814 38.9704862025119 0.296329196517551 0.023147875913311737 0.6937018398517312
0.02388467484178104 38.959508035055364 0.2862356689028882 0.022348425539418224 0.6936764745997889
0.023963148565900174 38.910980824449126 0.31437399457665155 0.02282860643788444 0.6783526748032503
0.024328337814872824 38.8747461830002 0.30771074796036346 0.02225307808494708 0.6761905598021493
0.024636859387073048 38.83104180507442 0.32367611065921476 0.02225905968304 0.6671258132585187
0.024805938586087498 38.8055213544469 0.28751030362530605 0.0223958761827044 0.6927016439638128
0.024701340443591836 38.78442456252492 0.30424191769881187 0.022190580576172625 0.6782636510966434
0.02463124320964825 38.7564167454135 0.2811139025147128 0.022857211718333336 0.7030111767503071
0.025011460516548498 38.69876935616794 0.3006953110339416 0.02268190139375996 0.6843102065825305
0.02534186675096913 38.67317169647329 0.32224556249321407 0.022134022904565488 0.6667407516047034
0.025421351244986193 38.6361904001926 0.2988470828133069 0.021975198955242803 0.682393441519224
0.02553524268614241 38.60736956724833 0.29259173192722154 0.02318399906028855 0.6963466633183688
0.025738310832490615 38.563477871671324 0.30119164483690347 0.022086393848262536 0.6825569789894336
0.025824180918381606 38.543010548628985 0.28339972780171546 0.02243015096841747 0.6976166746352761
0.025816683860535785 38.50697318113656 0.30628180093692015 0.02296214745275537 0.6853960649849367
0.02556006384434428 38.50588726639705 0.28042751910972574 0.022703759926410095 0.7017493540838778
0.025629220627885856 38.44555813927441 0.3065665211752891 0.02224387053310207 0.6769549343291329
0.025682343432931114 38.44380752739091 0.3041038615922578 0.022791073292366352 0.6828847443993523
0.025258407920243912 38.422797497475514 0.31565276936359976 0.022671344060878673 0.6744279539495652
0.025101822854779927 38.40042133009276 0.3143817718642298 0.022871703566757585 0.6777109541936392
0.024957906195379312 38.378746370807725 0.28125515946488755 0.022613563315800386 0.7001478463557679
0.02500236624134108 38.34145761106362 0.30363274067307044 0.022661279304989766 0.6858077258233135
0.02606193638748548 38.2401440865856 0.30003646793951244 0.022859929386446393 0.6863940160743145
0.026626783183873962 38.23704240700195 0.3191313322380536 0.022572789432471627 0.6732629605718868
0.02604346737752619 38.2266987239133 0.2874398224270955 0.02224427288192864 0.6927146207878201
0.025974956302634522 38.18508645506197 0.3164811124344127 0.022793517028107994 0.6761338241790948
0.02600764786061153 38.16614258386164 0.294228400357255 0.0227767300789305 0.693507021852412
0.025554741199749532 38.16336659103834 0.3093770024837193 0.02246133729524551 0.6765631958232122
0.025068951652446794 38.14880836271234 0.3015476274296658 0.022279349231876477 0.6842575304777273
0.024631120441879813 38.14368610680367 0.3031846315306407 0.023080960553964313 0.6868214958915009
0.024148310033779288 38.13453227337683 0.31260336465589783 0.022709614454326482 0.6792664330870147
0.023628666796979055 38.134354265232375 0.3148120404745486 0.02222495293179501 0.6741286192198206
0.023479184108897416 38.09509816390643 0.3204773278561347 0.022395100604908263 0.6710663186196996
0.024124684326402097 38.02704917748944 0.2812866453530586 0.022877909198594223 0.7021122998801633
0.02428907905825039 38.02618676733981 0.30006698963096473 0.023084336859376865 0.6905844626610798
0.023720358532403642 38.02143472250273 0.28598738297311815 0.022316490356189538 0.6947279952451032
0.023420493688930275 37.99935551020385 0.31111382516656083 0.022024129269915843 0.6748100061106219
0.023357612423762594 37.97458007887846 0.28823110762184967 0.023096635263336787 0.6994608129417228
0.023150837912417083 37.965168328087195 0.3133165610070965 0.022533341915447296 0.6776391862013027
0.02294793767689134 37.94088669607098 0.31789714652585244 0.022732057744680848 0.6746820318720511
0.0231158323033513 37.89910969738434 0.30591328759813075 0.022890260106445348 0.682692780753451
0.023010852579872076 37.8980010909505 0.29382381832638105 0.022363277085409968 0.6904485688119597
0.022467001995887886 37.89650633036425 0.3053747439017094 0.023001878784551184 0.6843488545976983
0.02231522052600359 37.86173050043169 0.3127621629633537 0.022910894420710183 0.6792844669025223
0.022320184858511796 37.8456836420236 0.3078246661744217 0.02277203939438976 0.6832941634994436
0.022335772434388567 37.81040919667845 0.28302138033145186 0.022997927639173858 0.7024232482171818
0.02226112265505154 37.802066463870105 0.29406487594682207 0.022423349498807293 0.6874465771277289
0.021825191752694293 37.80081843808344 0.2843126690647779 0.022817395745885097 0.700722239850919
0.02150434973918692 37.78329056372405 0.2845596526627587 0.02299804529126263 0.7001025335907862
0.02122371002602625 37.779120424900704 0.3223214766687782 0.022181532535666827 0.6671926525336268
0.021200524635564256 37.73804334272527 0.30837828626102937 0.02274015315451929 0.6796029383547332
0.02118801977564509 37.7320624124084 0.2939099878779787 0.022421289083377934 0.6909152289119644
0.02083755292005168 37.72429853033409 0.2988330259564399 0.023149745986882513 0.6910284458033809
0.020599148887355832 37.70850148506212 0.28976588482917354 0.022255531184551376 0.6902039114107588
0.020646579434640627 37.67322821454746 0.30753028350073874 0.021960474534612317 0.6764795147274494
0.020562003274829443 37.66985642201654 0.287096700254772 0.02287828533199941 0.6992313443745405
0.02124370721247912 37.5629125935361 0.3010793504500665 0.022902860631322203 0.6891182849904538
0.022313973074121765 37.51904766493554 0.3031268883750498 0.02196505190035326 0.6784438229498113
0.022267181290082642 37.51660000901924 0.2823604480108911 0.022592783643257883 0.6989123239975755
0.021960728636906117 37.49744939622365 0.2862929203866246 0.023108994880848763 0.7004030891959085
0.02178992934312594 37.48312000419034 0.3084232210303889 0.02201365084971429 0.6765559687584227
0.021708529414347755 37.45617586707898 0.283431220240747 0.022529052911125735 0.6987124900721264
0.021694924806965245 37.43543860086581 0.30683203995135194 0.0219436368537461 0.6766222786430428
0.021577738543401247 37.418352088668875 0.28416881353598417 0.02297706557560785 0.7002947440775786
0.021310004812049796 37.412271392165025 0.29957162405472537 0.022867664105534587 0.6900608192086917
0.020929967090391893 37.407041131404796 0.2889118474171571 0.02275414683605935 0.6940725555933611
0.02057425418644924 37.39998845588203 0.28293647220949125 0.02299389527773494 0.702285572998898
0.02035193452068838 37.382714807556624 0.2981662361485103 0.022156035862925857 0.685301855610417
0.020065762770517758 37.38270237652239 0.30751957765817806 0.021998843320215386 0.6769912467603169
0.019689307197494847 37.375839994872166 0.28253768833711423 0.022638442909917216 0.7002917572072376
0.019349722137870017 37.37341485026707 0.3090607618749738 0.02260548193466563 0.6779827415235338
0.018961354850603955 37.37310814839888 0.2820816188202878 0.022860396583571824 0.7011808222832123
0.01859246529556294 37.37018134345602 0.3015163416135411 0.023113955087357512 0.688684312048613
0.018253433797410894 37.36807557150239 0.28209538902985176 0.02258899155174481 0.6999171769264441
0.017919191894645685 37.36598600515647 0.29293041949785964 0.02316557606596962 0.6956320547083299
0.018027123930334975 37.315328614833305 0.2853614807447824 0.022588057997109612 0.6959169064882738
0.01830317861454232 37.29313394881444 0.31148832565412254 0.0227039948857979 0.6800401712729576
0.01846462399563151 37.25572323889971 0.3049333491077423 0.02219166899376472 0.6778844195507383
0.018426996051333053 37.25467265623191 0.3087350176698006 0.02233312665758954 0.6761262635304511
0.018126453535823185 37.24704698648543 0.3022838640585224 0.02266125316908289 0.6830921353674224
0.01812282133311382 37.21376398553607 0.2941285136017325 0.02208455179557645 0.6861916755726283
0.01832086618446979 37.18328962324098 0.29551841834366077 0.022796510570885678 0.6892161653266875
0.018546331901407344 37.14696420632881 0.2901741578836447 0.023118767603749684 0.6979776955563173
0.018805241138365802 37.112566001985414 0.32244946169865474 0.022274724224313328 0.6680375669327463
0.018835304262276985 37.100486473709594 0.2867283660300613 0.022945219962509977 0.6998094582459704
0.018651891620275834 37.08948083388273 0.2959495700462988 0.023151670710854423 0.6935082133347716
0.018435904464995757 37.081557151977165 0.30652277630603175 0.02194241805362559 0.676019880142462
0.018422267080533645 37.049027750516366 0.2871135977487484 0.022987303225125773 0.6997445745439831
0.01882582588172096 36.99566111464451 0.3077100144725755 0.021952489008035557 0.6751154307309791
0.019309746689484382 36.953998097255294 0.31451455162745395 0.02265584915337944 0.6773566341629784
0.01979229410412237 36.90157347639438 0.2999448003307169 0.0220237179050744 0.6823508479972782
0.020554850342020415 36.832367835321335 0.2876375869401711 0.023100440877020956 0.6988624250266262
0.021761757229544484 36.739422968051656 0.299190310422297 0.02306649791487762 0.6910839391272698
0.022220813373677657 36.73852210716832 0.30633608330113343 0.022897049743747705 0.6849512180359231
0.021835195940843426 36.72533074064859 0.3144268711353594 0.02217327180255613 0.6714392736524152
0.021516044957219607 36.71944019253702 0.2991946720563433 0.0220541781331193 0.6817089553391967
0.02153005271490938 36.675968649025044 0.31517989119562917 0.022556486852646194 0.673781883592547
0.021929448910428737 36.63332041656113 0.3177443507634918 0.02205377800307344 0.6690103429011721
0.021947718179486733 36.624489902399155 0.2910026206303171 0.022366077156303624 0.6897047709959843
0.021724913927211154 36.604881473070535 0.283152596301203 0.022550403645956524 0.6980461720839752
0.021549576998039513 36.592077728546485 0.3030980902522903 0.023075065217336797 0.6871531890196013
0.021520864270464544 36.55927074478418 0.2969948821341675 0.022882335448765594 0.6889448727310042
0.02199867104487362 36.49930688936221 0.31682675466041876 0.022192459010592597 0.6721474448057403
0.022302073482078737 36.48095809904959 0.2911809521403955 0.022178577524189325 0.6897529889199335
0.022119487789119662 36.465990652131445 0.2931839049335521 0.022992301763666415 0.6953752334907536
0.021944560084682166 36.447495489959465 0.295953203786294 0.022960088877412178 0.6931723282663939
0.022682168051634446 36.351221345789696 0.29200955206780443 0.0227105425444872 0.6912763140457366
0.023397021554454653 36.33087941213607 0.3116830848409845 0.022905075333983956 0.6799496593989983
0.02318998705362756 36.31702220735143 0.28331203014079787 0.02261380109899979 0.698211338192225
0.023005747443145385 36.295358987562395 0.29688850117760207 0.022905776623299564 0.6921900384104664
0.022709988236919828 36.291849012396334 0.31639033785038684 0.022620028321064974 0.6737384802892029
0.02258612670233757 36.25593239652894 0.3072607832461127 0.02289437368298614 0.6841527914285703
0.022991803172828135 36.205055511597635 0.30842487117056555 0.02282053465089359 0.6829294673234233
0.023087939503308386 36.195253105530995 0.2931440529121673 0.022929563545394535 0.6950756690663438
0.02290672796244098 36.16961515743402 0.3013882804139119 0.0229469905544674 0.6889622893420122
0.022663303270188336 36.16561818007191 0.30533595140572706 0.02209607692539765 0.6772140631045642
0.022454813208223373 36.13787239614814 0.2927110976012368 0.022157421697108094 0.687581241953636
0.02239492740573611 36.12054900899767 0.2943331085114854 0.02312418197587636 0.6938808015251376
0.02293849928378915 36.04004751194386 0.306998938971939 0.022112400392144727 0.6761156913315014
0.023404996179410196 36.026350337101675 0.30339015383636436 0.02231489322641894 0.6831215318112641
0.02330515473501103 35.99661573309058 0.2885175162406938 0.023047595528284507 0.6988462101297586
0.02305193466766657 35.99634173551907 0.30909406282307295 0.02292127748662568 0.6826400619170157
0.02292462884924765 35.95670742152325 0.2958574935713029 0.02294511713149384 0.693128679666596
0.022999014710094242 35.938028175313505 0.29094555314891796 0.023025926885046465 0.6951543648994439
0.023945317145331824 35.825665007643785 0.2829160579965785 0.02271724573741284 0.69939462749824
0.02483077203099561 35.80705593840664 0.28789469563475256 0.02234297142000722 0.6938314377185107
0.02479065417967474 35.773887379419506 0.3077727209555991 0.0229761479501576 0.6830168045783456
0.024619049396027458 35.76584145618935 0.2940000195381313 0.02294865987903052 0.6945050426604455
0.024133927063581122 35.759830416231345 0.28922205917336385 0.022504400794118914 0.694727963378176
0.023725571824784155 35.74698712075377 0.31999120755205357 0.022472095275762986 0.6715838612317997
0.023295504454909927 35.74424112878224 0.3211183865725293 0.02222955196964762 0.6685647635251752
0.02308630322050895 35.71355473341061 0.3104462996938368 0.022802331023676382 0.6811839948888998
0.022951107612832415 35.70434263024239 0.30631793685063247 0.021961869151726914 0.676552818043862
0.022878692256458093 35.668885479187345 0.32038213264057985 0.02226488330806657 0.668781708176803
0.022741052505589852 35.665099403736306 0.28392262676825 0.02255482244323348 0.6973952229893877
0.02285400021991 35.608540562177936 0.3083366115057036 0.02206761117327678 0.6750434354605217
0.02323776891540813 35.579191790130395 0.3130869052006147 0.022496337507899828 0.6746326172803386
0.023391236050425153 35.54315285072242 0.28735232540547084 0.022804885323827784 0.6959841850890017
0.023399867363077722 35.525854312554806 0.2869839609106527 0.022552022742445936 0.6944045558135343
0.02307470687028847 35.519391088100384 0.3009543672429311 0.022004762705373923 0.6809587663988315
0.0225705742796788 35.519371816140534 0.30810370872879955 0.022014455341007978 0.6765310732110728
0.02221993970422887 35.50085592157115 0.28321245370901227 0.022623566739212116 0.6985635613369329
0.022005831864892925 35.489188371343204 0.3061393890613362 0.022770644544473976 0.684395990378283
0.02191861428700781 35.45966377361842 0.2944470085833846 0.023112823117717778 0.6937553600371043
0.021800570763655172 35.45071347551722 0.2927561462170477 0.022787130765564493 0.6944463103073744
0.021619258421176634 35.42777208400912 0.31844459119020124 0.022239545377572435 0.6711645441666045
0.02172621334267174 35.392104741527355 0.31954559531384685 0.022389906718421688 0.6714371058718314
0.02166472541312751 35.38433795657106 0.30924018985244806 0.02222854728197995 0.6780545832718005
0.02154586647544308 35.35475473640599 0.31646793320998423 0.022580243713424854 0.6751874127658165
0.021357888691081302 35.35347292969251 0.317663738426999 0.022657945011579566 0.6738513887441455
0.021335834642999502 35.309183698563686 0.3076063439851483 0.022256563322851287 0.6765379374668807
0.021348027292220604 35.30369537080204 0.29691942956875716 0.022687902803111535 0.6873610206012546
0.02110468000552855 35.28454202343518 0.30136398105040885 0.022004593136810954 0.6806351022685319
0.020885286041464227 35.27730988411476 0.2929552206384831 0.022292480027666574 0.6900878093630893
0.020725882940745517 35.253117328334454 0.32004443499098356 0.022181763821371756 0.6690520446848183
0.020647245006842566 35.23810222297912 0.3070128367568449 0.021999873186538985 0.6758948004704152
0.020588799123740946 35.212295689630665 0.2867805170964856 0.02254723916666392 0.6966559243035484
0.02079141782941799 35.17174561403537 0.29474028642537087 0.023041913864894546 0.692486938741154
0.020807077639752865 35.163349507846114 0.29481164066612287 0.023097864208365 0.6942061956951453
0.02050226434078209 35.15483736601744 0.31436336891756367 0.022699595773870405 0.677472952598737
0.020182177756602783 35.14903961630852 0.30364481856993086 0.02262153255994345 0.6819425109562818
0.0198093325260272 35.14711331328916 0.30611743624532717 0.02197903280758918 0.6766835042175254
0.019604152605367332 35.12538869959245 0.3007563490682331 0.022750587200076743 0.6850941058697216
0.02138699558236378 34.933839081812685 0.31286831912079927 0.02201313473145627 0.672084695830974
0.02318143654947644 34.903421202476146 0.29301914486400416 0.02253970277635531 0.6892794106554943
0.023007136204367826 34.897166680084005 0.314162410698302 0.02212390173839688 0.6733159092859099
0.023763728389406127 34.7885522784941 0.29477568603041754 0.022348904651621503 0.6866547262943951
0.024426501509616116 34.78475261209236 0.31772561282441014 0.022536658976968334 0.6724229411902439
0.023951969631399825 34.77433131589123 0.2950539817424478 0.022656200319433228 0.6885641867488951
0.023579654840296144 34.76337013533731 0.2848156242180024 0.022512488505600753 0.6964576475999336
0.02311230487686119 34.762578716532154 0.31228065356364587 0.022243495699376937 0.6733930979132878
0.02259510186324426 34.75793704566408 0.3075987483119133 0.0220588922850083 0.675630722323546
0.02212768840963937 34.75463685129031 0.3092949050606733 0.022020539296639274 0.6743934792971514
0.02193771068147585 34.72602652948235 0.2864484698154701 0.02253740503198132 0.6949055796063683
0.021791505339206662 34.71876051382722 0.31971630465208656 0.02218487738778156 0.6691390920971027
0.02153477167944081 34.70125871938227 0.2905651263407224 0.022246005493447688 0.6908044976453793
0.021511803087406845 34.67253758735707 0.30278626756855537 0.022668520609992783 0.6829717075391384
0.02131339492346196 34.6715034386102 0.2948154375849268 0.022998451388756832 0.6940001533507058
0.02090838344463025 34.66366987145379 0.31445322967117867 0.02207525667801059 0.6712380227088839
0.020824967138744193 34.63264048349164 0.28603471513438716 0.022934082238466387 0.6998638303473461
0.020827130921242297 34.61620103265412 0.2999453914378791 0.022735765401884538 0.6887874556374243
0.02052698293250721 34.61513076046403 0.2881278835603722 0.022315146905098896 0.6927460830252847
0.020659060461475923 34.55746001071728 0.29325780854109335 0.022421487061573674 0.6883320138849661
0.020910666410917385 34.54288318152776 0.28307523106266447 0.022760415638835758 0.7004054789302594
0.020719755617416225 34.52893047673395 0.2968832928233966 0.022512151692872063 0.689371596122099
0.02074678538130382 34.493615101360135 0.32038335680212704 0.022296272272280752 0.6693909942044654
0.020681716095431384 34.488117904803765 0.2936889004181391 0.02216931364577159 0.6869747929797362
0.020470947915188116 34.467836501213995 0.30272934071792623 0.022129200291773732 0.6794308710416104
0.020255074139946372 34.463303146610784 0.3047955232696752 0.023011752786943007 0.6858490054943724
0.019900449449385862 34.45796849725229 0.3200282791271224 0.022416166665799746 0.6704013325589787
0.019612733308305364 34.44783929706931 0.31352768781757784 0.02255252827336679 0.6773037502868946
0.01938606837097829 34.437073837200074 0.3029642104368385 0.02259250979872479 0.6855653060332538
0.019080583898864394 34.43605371765312 0.31882351610143483 0.02239503355170735 0.6706626443126995
0.018937959986575343 34.40902902599676 0.2843191426521314 0.022583906156868942 0.6982592299095223
0.018919221934632108 34.394707562257786 0.304861917930006 0.022343864111242423 0.6790734614349312
0.019062815453682214 34.350848814194265 0.304933312586627 0.022019175083197545 0.6775868342232207
0.01917158159986684 34.33917263714913 0.3013534317303212 0.023001043938478766 0.6873884846841583
0.019254504693318988 34.29871362991233 0.31930544457349785 0.022225252731298127 0.6700414964261814
0.019250273814105164 34.295336094933006 0.32019046756846636 0.02238468318071002 0.670169873689861
0.01896861796276504 34.2849211894207 0.30327368067987537 0.022068901923474923 0.6788642231559825
0.019444578477850003 34.20314945863376 0.2881718777431558 0.022825630437363475 0.6978117167639669
0.019915645133612155 34.19019031436011 0.2988095069009451 0.02227124978054327 0.6858054119868469
0.01983902143757664 34.16589403842147 0.2874261396427148 0.022367175306374498 0.6934782743790542
0.019655120733053946 34.16397395174585 0.31188701336936964 0.02268133818990225 0.6771506404445747
0.019798211697444064 34.10720388639939 0.2886759786714242 0.022976904093161162 0.6967254753774145
0.02019547551929117 34.077851626807195 0.3180107297087143 0.022269321038124498 0.6702270620279561
0.02011886884226163 34.06896740249665 0.29454579562853367 0.0228943756005255 0.6911164997793253
0.019908699982863435 34.053680066113024 0.30337770174917933 0.023023916210115118 0.6867148850491256
0.019660115439673668 34.049337707598994 0.2971863061684547 0.022118580979520987 0.6838848301649576
0.019338494744798793 34.042625656647196 0.31601148866400486 0.022695890362061988 0.6754626348341565
0.01923229013657239 34.01667577833036 0.28933110565308157 0.02239119990856306 0.693327811413642
0.019108591246993042 34.011787699173176 0.2840406327989468 0.02285675571646363 0.7004415684855357
0.018779563793162715 34.008500050913746 0.3083668688838192 0.022266070108391663 0.6761809664639343
0.018515341912063006 33.997781297160685 0.3008890597861645 0.02222330153172436 0.6838529048191719
0.018306066255013204 33.98927862365057 0.3105340444617636 0.022552647532259232 0.6795813173480609
0.018210932620389652 33.966561664028355 0.3158856559372963 0.022239134633437654 0.6730218345311646
0.01806522937348952 33.963763104285206 0.2968325112265947 0.022460169099063163 0.6889290877904666
0.01772687230778144 33.96360892899448 0.2974563158100782 0.02228627024964414 0.6842528759789295
0.017482207292689334 33.95132950255978 0.28435146272921175 0.022899858631180218 0.7001088063020401
0.017431095619730812 33.92938410196449 0.29023285157333045 0.022770536061362853 0.6959987318763398
0.017344051247959968 33.9212517071713 0.31928345993682455 0.022407113803745222 0.6706823632438693
0.017121963004106944 33.91561637824947 0.291392030800201 0.022613826137266098 0.6912137359694486
0.016953573105016575 33.901866236141515 0.2892072152168142 0.023015105741818004 0.6979364776350219
0.016771920366364115 33.89829528209714 0.29133149765958166 0.022721065704961872 0.6948798771424994
0.0167325214142431 33.868053468934406 0.29049880269551887 0.02226762651660181 0.690223665003062
0.016800737672180904 33.851120469914385 0.29283121005691204 0.022828617760384747 0.6918412618491917
0.01664896134840881 33.84756288873362 0.2976534881379128 0.02307943148386431 0.6914739836047787
0.0167712867756082 33.79826312458431 0.30322000241295316 0.02298783480657579 0.6872996000131633
0.017021614445313204 33.77809561743957 0.28943870166041014 0.022932977056056594 0.6974894257104158
0.017132400387617087 33.74589033993619 0.29002106544676287 0.02303051444383054 0.6973755457332589
0.01716917753915505 33.73395295944709 0.31360276304105 0.02254091079007551 0.6771007885283957
0.016949087861410393 33.732476272173145 0.29431446075768664 0.023052253796959226 0.6943398241563592
0.016926592699455532 33.69777295158536 0.3016325512394037 0.022765248188810393 0.6876409340498404
0.017129379428223818 33.66901430228826 0.2999333587822107 0.022949218093839447 0.6877883462064879
0.017243286668780927 33.6446775230837 0.28773713705170223 0.022393667475649102 0.6941563829479087
0.01712945174427705 33.642565041246414 0.30377040102807623 0.022048291988604987 0.6785823790494879
0.017326471476441587 33.58274803155453 0.3096904001050413 0.022765118992061854 0.679398418425571
0.017491210244844076 33.582458922783495 0.3045060437088935 0.02299248760615615 0.6860484660355766
0.0171831451764982 33.57863195681603 0.29476907730058843 0.02221294669243031 0.6861794294395916
0.017093454682127522 33.553602346085334 0.2890640034914665 0.022840367294670712 0.6972216108083181
0.01715434615841439 33.53188127843325 0.29519465981011195 0.02237306183837282 0.6892457862347378
0.01710227439250316 33.520105094985595 0.289818176665965 0.02296356391731432 0.6956825643973854
0.016959446966758395 33.509444327478874 0.2843233812948682 0.02259423034908488 0.6979919763830016
0.016899014347599634 33.48824782679087 0.31439182520525494 0.022240204657571126 0.6741387345503703
0.01724847601781715 33.42946700008348 0.3055331948208421 0.02213771049928328 0.6775269164679109
0.01748499143004845 33.419895802076816 0.2864088534678883 0.02260681185676042 0.6955469078808173
0.017384103849523862 33.401038598735546 0.3192068740031394 0.022432201165101185 0.6714931872696861
0.017477051858279857 33.36913940366154 0.3091325532599843 0.02280706881156634 0.6819940471113846
0.017610307517484342 33.3452078343826 0.2962668028097266 0.02304673325013505 0.6927852039321042
0.01752618637710408 33.338227985676596 0.29248409646448187 0.023063872555638642 0.6949627879179905
0.017365090362399725 33.323687956980635 0.29415068912046344 0.02229247363229188 0.6890949663618474
0.017461125854788716 33.28725222521751 0.3174395076949157 0.02239135473151046 0.671505661559917
0.017716324026445237 33.25387171151026 0.29217067169256616 0.022960886890323853 0.693759805758568
0.01802075697491298 33.211972974725 0.31418195331411813 0.022063542462438017 0.672078022264223
0.018119968955726276 33.20091671794592 0.31495571413027934 0.022249032757044315 0.671932084508796
0.01804388382070151 33.17906630535745 0.2883590388225444 0.022978100805937745 0.6982682878826874
0.017886550297275525 33.17722301403781 0.309119404647695 0.02266829375505427 0.681323822801781
0.017563129173254297 33.17512896818717 0.2877290050311633 0.022601770537115637 0.6943281815036054
0.01741385452035437 33.15427366308092 0.3150483053107725 0.02237394429919188 0.6747282714687665
0.01734477022707462 33.14301444621707 0.31841123802196414 0.022348831333700796 0.6707433328538565
0.01722296097029116 33.12864899742453 0.2914095402308749 0.02225432547696421 0.6894900727436817
0.01717154675340718 33.10939970841609 0.3021608685011788 0.02253565845497227 0.682454103553802
0.01700026234061487 33.10931971437443 0.31038605085027793 0.02216026998716133 0.6743303990907104
0.016762125446242584 33.09883875366664 0.3116941496743618 0.02220240378379608 0.6757814939635948
0.016542861612935625 33.09727109490176 0.3064667439183494 0.022098523024732454 0.678454563162306
0.01667294276164069 33.04522933647021 0.3047981406183809 0.022110494061881446 0.678003804619355
0.01692717084992744 33.027271078734145 0.290644544714945 0.022346287250582585 0.6918737253958037
0.0167915600623272 33.022380040848 0.2909855303931896 0.02277832181009374 0.6954378611643499
0.01653472423818093 33.019754592070356 0.317988014726455 0.022518266736691765 0.6730617835939079
0.016259034756869305 33.01822767254202 0.2907428031646534 0.02281937641702538 0.6935151373831406
0.016025470232019928 33.01140015579883 0.3016418010952837 0.0225359483857789 0.6828366902662628
0.015787451968807223 33.011323259005934 0.28586153993248054 0.02250260584766204 0.6962340405179676
0.015536332914169166 33.00716236000663 0.30270015996511074 0.02292557208480207 0.687513672896984
0.01529803964804567 33.00640608403744 0.3065989890931582 0.022249945071554422 0.6799746460278363
0.015098813891423856 32.9979753072638 0.3188264223089312 0.022324876058675454 0.6704603335426363
0.014969369233303631 32.988472305410475 0.29821720743319796 0.022616957954667016 0.6891156044762065
0.014913792682347717 32.97042731944545 0.3072692422607364 0.02262217398680042 0.6824411670985535
0.015115324407013292 32.926571245573065 0.3188735829976136 0.022265633708995317 0.6702742661332549
0.015231793944607136 32.91891770515412 0.2954638173429443 0.023006866727091412 0.6918172048513127
0.015097159660406975 32.90891991801262 0.3040631205732215 0.022867245179256035 0.6862271976193909
0.01502380351551596 32.89342493042447 0.3044404831271452 0.022251011409730577 0.6789224693532452
0.014883391306667583 32.89265562281698 0.310432336969831 0.02283492592734966 0.680813317859938
0.014660053835329534 32.889136060454064 0.30455040737525846 0.02254124023945406 0.6839075513177567
0.014522675946516697 32.877265831405545 0.31866213322075054 0.02224874397371963 0.6703797299688863
0.014375387598647019 32.875535866939956 0.3106355431788367 0.022075575359091874 0.675097315065308
0.014173819110035766 32.87196607755111 0.3125854144158591 0.022529376391273302 0.6777400901984951
0.014213218000721704 32.836668323876054 0.28817533205479745 0.022970836231758447 0.6982875469423282
0.014414846497505754 32.809631482211394 0.3183106382349813 0.022421545233773862 0.6722428747054698
0.01438870738881992 32.806138399235415 0.3098084460086386 0.022174977342208486 0.6748166250639762
0.01422281347831921 32.79918975097467 0.3041293335592532 0.022877297345660838 0.6862000984259125
0.014382233698496835 32.75046000426133 0.31026879433047505 0.02208909176845428 0.6755325410712586
0.014740856658491378 32.71495766606955 0.30418337372036 0.022978505267681033 0.6861580981308572
0.014798891286661658 32.70748760831132 0.3027489581484063 0.022750279187785636 0.6866306381407945
0.014679124626917306 32.69665518000103 0.31301715491133486 0.022769206973357436 0.6780414516843976
0.014545111769521545 32.691510102281626 0.30513925763236527 0.022032660257915226 0.6779491636624735
0.014379768555741324 32.68556076956374 0.30057330390570686 0.022981368900580158 0.6878941072152083
0.014274500075807127 32.672490525850634 0.30944576500431525 0.022725503048435482 0.6792331010623817
0.014166663873634997 32.66716175040243 0.3082941913127096 0.022640102320808687 0.6817465599414263
0.013978560886316676 32.66606920171602 0.30429266862959237 0.022974415595627636 0.6855756096202904
0.013918558957066545 32.64287287374564 0.2871525212116167 0.02283907637241595 0.6983629565814343
0.013869345091704063 32.640094232418505 0.28706656359041377 0.02243332259146284 0.6945797143355994
0.013720061898246436 32.63190759830313 0.31115586758382374 0.022409509925670753 0.6754262221731074
0.013587337943354387 32.6271699636297 0.2871280118543071 0.02295608161209803 0.6982477164319809
0.01356895776097479 32.602444661540524 0.29085943128393466 0.0230281945739211 0.6965050229458889
0.013812178476253212 32.559143113040136 0.30745241654569333 0.022313343858325955 0.6798999325574298
0.014083705688843103 32.52989281873705 0.2863820503376936 0.022645641739754276 0.6959679646350498
0.014454762817885342 32.473596259448264 0.2852038521913993 0.02286317077163092 0.6992082782252049
0.014619059231272812 32.47204921995525 0.2894050397652542 0.023013652274768325 0.6973332880491862
0.014525596622370155 32.452262974557144 0.2891875676273613 0.023010374210686434 0.6974372690950568
0.01465962797459629 32.41932267301479 0.30865390844266594 0.022266405821743294 0.6785787991172074
0.014784293744992886 32.400362362064776 0.29565315676851717 0.022265109747313737 0.685760765766182
0.014900715370085067 32.36877509764826 0.31646368779833844 0.022155222297388373 0.6712318726479327
0.01489646336114377 32.36567530889798 0.28985028952143727 0.02249199291612542 0.6938456035761814
0.014823559462267318 32.34384117386212 0.31115913556270075 0.02260543420242103 0.6792814686726624
0.014781034308052459 32.3365387299585 0.30410905040630587 0.02244356691124662 0.6834329346073184
0.014615539238038093 32.331911835629896 0.29298282305814044 0.02227252380948935 0.6894442745758624
0.014543774329563525 32.31218035160467 0.285750660024943 0.022647010932368233 0.6977405209322183
0.014460991965426431 32.309106375660214 0.304178578564853 0.022687317224649086 0.6851379408612183
0.014288209250253855 32.302453050040256 0.28768242375287295 0.022540800452549373 0.6941086657269689
0.014375985682710602 32.26327563024188 0.31755442347325147 0.022299317554701794 0.6709882422188818
0.014462431783075958 32.25596245866514 0.290424688079342 0.02229987786759626 0.6909698720653034
0.014317656829009139 32.249558179642904 0.2860612972700886 0.022805033585943147 0.6987459619663392
0.014235164163408767 32.23390134767556 0.3136168928726775 0.022576084006081958 0.6771303480674914
0.01434285945215116 32.20080953302034 0.28767579018005585 0.02246892403210256 0.6948519170343683
0.01446394210246139 32.18276295894366 0.31780319064745777 0.022285033696043628 0.6708311892305657
0.014470691903299717 32.16572102274878 0.30035119829144996 0.02213254560090277 0.6829351904822667
0.014381298079017352 32.16112392926105 0.30167924929055784 0.022071962652131395 0.6810040094981753
0.01424780426488872 32.150700204529166 0.30394085218563144 0.022645297763400588 0.6850331012618471
0.014131508224079822 32.14404122948329 0.29133181634963395 0.022997589852621562 0.6950922382747415
0.013951752466501306 32.14319915981466 0.3122141165184088 0.02260156334473446 0.6783993389919935
0.0137565026641305 32.13953363423653 0.3058504209913619 0.022364320317335366 0.6786922991776471
0.013961657774980516 32.08132255870505 0.2942268686172375 0.022446582156357673 0.6904707742591953
0.014261320730129383 32.06258032341343 0.29094941502861266 0.022654100064064236 0.6920517679913322
0.014183824731475224 32.05857187869257 0.2936842220401437 0.022224001553398823 0.6874914816182417
0.013987592167949585 32.05727338472018 0.31355355701638277 0.022141642547637733 0.6724210573882062
0.013806864232119787 32.051788658924366 0.3071612884337326 0.022673303181090912 0.6827615299982419
0.014013179508088884 31.995183639503242 0.28698195999922854 0.022507139235698245 0.6955949866763156
0.014248289811753691 31.984046228908642 0.30565553891797603 0.022912551155683802 0.6838713062267661
0.014093679131835384 31.983591999962833 0.28860160081409125 0.0225640258114803 0.6934448142199078
0.014071410417032634 31.95408989859284 0.31211643565396013 0.022100303177641417 0.6732131176616861
0.014128419935065419 31.9418730977537 0.2979358969990046 0.02214568149262097 0.6845823180997803
0.014045589650661354 31.932550079405576 0.3062606204026418 0.022750124687867176 0.68157619819946
0.013918678322490724 31.926985925506585 0.3077851000539519 0.022050024539264967 0.67649094579276
0.013913264473351419 31.900480364827985 0.2858699790682832 0.022661804197675613 0.6977193321415606
0.013921469704360602 31.892614302751404 0.28954199233743094 0.022882513622281244 0.6952656113763784
0.013837629878726063 31.879725237844323 0.2865207381595726 0.022517412879388996 0.6958459866587118
0.014008022409516459 31.83537946428948 0.3156295290515577 0.022147080773466773 0.671618709246277
0.014291427050849114 31.805613005486485 0.2902288781188074 0.022935718677716283 0.6966674655800895
0.014263339963640629 31.805366626375317 0.2986852360517209 0.02217507344445779 0.6845381905418517
0.014141611352410734 31.789340317567188 0.3088965990934682 0.022500155213951732 0.6776545532657905
0.01411365617422413 31.77588304694563 0.30997443600989893 0.022456210704187365 0.6791293811888389
0.014021829818179484 31.769125497723593 0.3093100235324913 0.02284927914239469 0.6815098360056341
0.013965170849457432 31.75093133257687 0.30753650452983905 0.02289655892472944 0.682904356540206
0.013901682898760735 31.74517189933853 0.2975233315414253 0.022165476872336803 0.6840407772603561
0.01372180244059824 31.744343653363917 0.28809330003968997 0.022453604876084974 0.694348107610339
0.013532083981092602 31.740777252824767 0.2923147855805305 0.022392883945424442 0.6892370716816572
0.013541842447588544 31.710859975487256 0.30535312792959834 0.022371108474303292 0.6791194721283644
0.013581695040987387 31.702351098915422 0.2908861764871826 0.02291686086757745 0.696131666748546
0.01343023809963611 31.701234335697016 0.3050558828890004 0.02280918119660759 0.6850710070342261
0.013374930956156841 31.678805641137053 0.30387893271085703 0.02206555263440729 0.6790248908388892
0.013543805950712293 31.64404970154534 0.3104294470338135 0.022090389223443942 0.6743162397208219
0.013573469897327077 31.64180264656799 0.2954192741742264 0.022576721921913356 0.6879114188199288
0.01338015013469307 31.64080372496862 0.28595834970492134 0.022563657528630012 0.6963896949651834
0.013292759543042192 31.623227634737653 0.2949859155629509 0.022321688889036344 0.6886725299029908
0.01351549408521241 31.575844170743622 0.3078176625276776 0.022283624714774505 0.676876449041307
0.01375149431045401 31.555461134017445 0.31386223546749376 0.02269635773512105 0.6768439848153165
0.013820255715622006 31.533063019960807 0.30971102134264084 0.022186538870901152 0.6750853211173545
0.013851879705161253 31.51793053885688 0.29937910799132944 0.02241749028968882 0.6865573500147336
0.013773177104729301 31.511679824336515 0.29749596103057174 0.02214154834840688 0.684494569999374
0.01361393797822524 31.508771996535632 0.31137835598334784 0.022111224464386982 0.6747505944951575
0.013522065007755856 31.493059673389094 0.31772616169010676 0.02232151486148211 0.671641104923186
0.013516516520083777 31.477381401781933 0.3079072759785742 0.022439015937248074 0.6778696592197527
0.013470333882568122 31.46774910567513 0.3104013105542163 0.022261375887900413 0.6750372797064595
0.013342817189226067 31.464524931124025 0.2995316399015232 0.022310895890983697 0.6854515958436687
0.01329331439636607 31.443531937856058 0.29678206825612213 0.022169253598032228 0.6855045587780718
0.01333543481994154 31.426317712059703 0.29714233301320303 0.022345663341522385 0.6850602577937972
0.013309903759274495 31.415527380504038 0.3081119832937379 0.022782506930678695 0.6808131182885763
0.013182858778069314 31.41393641561539 0.2991133677031437 0.022734292787520143 0.6864295257899876
0.013132223105497899 31.39191265867996 0.30059810789604974 0.022936595882144178 0.687479525740146
0.013071250392144228 31.391814130659185 0.2895955822536809 0.022885157471427275 0.6968194489428478
0.012883078617685763 31.38998711339334 0.28591200272308803 0.022747699696606987 0.6982441530970707
0.01271603011386941 31.387328768827235 0.30865746944660366 0.022657442476537854 0.6791953786262328
0.01265990871283686 31.368445681769998 0.286213201369994 0.022826210559313217 0.6979126180420171
0.012625612138600703 31.362268911793752 0.3077891105306674 0.022854406203679782 0.6828859364917285
0.0127205365472733 31.323238377746858 0.28864686581369403 0.02288267153811596 0.6961484965477082
0.012771588981246364 31.323175927823094 0.2981918695999678 0.023011175207728725 0.6903298845894453
0.012717179926317497 31.301305252081516 0.29544939012885696 0.02223134610516856 0.6872363952349719
0.012689527276434416 31.296879630863167 0.30664612954053266 0.02234542209520748 0.6806637201192642
0.012761654430614715 31.259630094023976 0.2915978969177977 0.02229610775729946 0.6902109974710783
0.012830063891602003 31.255025685888505 0.28580386232451394 0.022627683936210244 0.6971564113764863
0.012690254187587539 31.251005839615136 0.31575160472192576 0.0225401050512818 0.6740549666012303
0.012615975071137962 31.236429415602526 0.3041213713615844 0.02263255232615878 0.6820004834356235
0.012845331948038012 31.18473663179394 0.30704083399575177 0.022605277261911555 0.6797967550952779
0.012983351126798416 31.183256735421747 0.2887966780965135 0.022785691285900158 0.6950740224765266
0.012814961788460843 31.180058270167628 0.2858089034817519 0.022661754614204565 0.6975059304057184
0.012664348931290977 31.176418284786557 0.2989308132138068 0.022988268778915875 0.6894121479519233
0.01253375752251471 31.170574338406745 0.30459108711714444 0.022909310772959372 0.6846040288708262
0.012497796504668875 31.15209477100659 0.3082837420387821 0.022860331874960255 0.6822660821765101
0.012507788414467518 31.138767919469018 0.2974984000568697 0.022553595606966872 0.6861806998475796
0.012474121168715921 31.12737457268488 0.3127175431259472 0.022172810691334033 0.6744171135915208
0.012365408899119617 31.12636341386591 0.2956158560449236 0.023004732916847077 0.692054320996409
0.01219695327482344 31.125270523273393 0.3133445764477564 0.022119710860241185 0.6728691481379029
0.012060576177459393 31.11959805483659 0.2936948782384605 0.02244697134430674 0.6884509065832608
0.011949658643962592 31.114709939500397 0.3111851202922443 0.022218214639993464 0.6760881193840492
0.0118174014009329 31.113082564164497 0.29577791644210444 0.02302000904264244 0.6923897950572881
0.011665522423405433 31.112118452763045 0.31001933751900357 0.02250350784217688 0.6793782606206643
0.011561493643660808 31.102767988777288 0.2982778737862272 0.022226444321471295 0.6836364247561966
0.011529426505040135 31.089508912095052 0.3095914681493528 0.022723950059154466 0.6793218609119158
0.011521528695594321 31.075969769018297 0.290514435966267 0.022739230200240605 0.6932060943820846
0.011612320925225246 31.045640072962424 0.2978671333258554 0.02234563269188385 0.6845299397113618
0.01194480455551224 30.99099944667021 0.2920042265744355 0.022807202420409248 0.6925905749882532
0.012254526749693757 30.964220847280508 0.2932324120485245 0.022333649079772862 0.6898440847850295
0.012375664845892977 30.941377838746906 0.3086685025397522 0.022175029837766227 0.6758044829019273
0.012517692632526889 30.91130724817534 0.2944266153927316 0.02262233199694943 0.6917030736723951
0.01258582325471251 30.90000260841848 0.29190393334855463 0.022534732336139257 0.6905168973350111
0.012649546705703134 30.87093166696173 0.29221855118146234 0.02244007357595319 0.6896745870928992
0.012677158122710221 30.86492934447357 0.2994103297434853 0.022339172309990305 0.6833220330943665
0.012567332227864441 30.858048865226905 0.2866807796541616 0.022754199455371483 0.6977746406067397
0.012471920354173681 30.85008096770038 0.31531249618719226 0.022594437186505025 0.6752955683652336
0.012465688550863139 30.82906119774828 0.28983652336191396 0.022946227395765247 0.6967153477129053
0.012464333621474269 30.820128765879875 0.30279882808841235 0.022508188540094284 0.6847834806473544
0.012670017083690753 30.766529517548108 0.3014804268951465 0.022641411942115615 0.6839701830406023
0.012894802058257826 30.753331204225425 0.29504980287187615 0.022380601310583753 0.6891453846421575
0.01280223678244839 30.750133750602743 0.28931328667189943 0.022401799750548335 0.6927387619095358
0.012785820186842514 30.725318598022543 0.2939778571861438 0.02252356835689381 0.6887552719884031
0.01275234520081137 30.724560615132383 0.31196304646986184 0.02274063904249069 0.6785149797636321
0.012576678524839005 30.72275464830836 0.3113552755397794 0.022595365940253367 0.6788848993372393
0.012461194976540555 30.71296059542011 0.3109259440481925 0.02247537297772669 0.6762597993230803
0.012631069150878043 30.665789747863634 0.2993792559458005 0.022609785956716005 0.6852453696362408
0.012743654026154334 30.66401262252926 0.2912675874515379 0.022605305753045812 0.6915668685361882
0.012701547592697133 30.6419700218472 0.2970505800569602 0.0227904494832471 0.6885405731216704
0.012696169216655473 30.63420462671592 0.2861949058114433 0.022758343437088612 0.6975231018892691
0.012554127120623858 30.634195685659627 0.3027040798060921 0.022222334264045955 0.6802653509915981
0.012606939533750992 30.595809156070537 0.3076765972776062 0.022341186970293362 0.6774254674595338
0.012701413917418579 30.588350142004405 0.3096936899200067 0.022696779897503374 0.6790379217065681
0.012565915333628944 30.58696150652902 0.31265457601047475 0.022327926371485375 0.6741301867966796
0.012604065804497298 30.55222631881848 0.28637405280937345 0.022617971290356403 0.696429535636145
0.012674993529273494 30.544944183900153 0.2953101305315117 0.022923427761979347 0.691249088164017
0.012546107911009755 30.542411051763384 0.3070414074152958 0.022866555486578146 0.6827766693008135
0.012443657339496202 30.53133493014716 0.29872874368933067 0.022217723808438356 0.6833265272974188
0.012412311708180567 30.517498869866394 0.3029729259048876 0.022544975918941022 0.6821499063383045
0.012433373758616672 30.497975114756652 0.3124133365854967 0.022345265485984273 0.6744033383447586
0.012400951768431256 30.492681978893806 0.29376265417997527 0.022963432294968864 0.6929765111878201
0.012602030045824419 30.43623714970905 0.3084957953442635 0.022590752417852356 0.678792108598991
0.01278067818078211 30.433015112345746 0.28651491582671096 0.02273737184806124 0.6970053210650985
0.01268977805596954 30.420016515416172 0.295123995210945 0.022997957122595364 0.692578901030807
0.012755932286204167 30.392098683206907 0.2995424097767902 0.022272600980461188 0.6829184288643906
0.012839736301150444 30.375950702274984 0.3120691782772817 0.02252992069083756 0.676052727981654
0.01284480472025592 30.360454408527556 0.30830004528737115 0.022786261702890446 0.6821722904248516
0.01276285021462255 30.358010019592836 0.2959427678565436 0.02224106906560431 0.6857559664902749
0.012590056803550647 30.35738181513399 0.28976409850292273 0.02241164686627801 0.6926306663705403
0.012670084022344052 30.315284572112727 0.30630040888463117 0.022549185247774918 0.682449016590861
0.012995418434842344 30.2754735678406 0.2901652755572836 0.022445674457276302 0.6928599615408166
0.013497374279759998 30.208055505811004 0.3057263153032256 0.022567736227306887 0.6804502305434129
0.013837930300123447 30.19170497307643 0.2904261591294138 0.02239537182892737 0.6920542213352116
0.013945667973798481 30.159653034413502 0.29097612452081806 0.022962242861368068 0.6955659032008388
0.01408711431311861 30.138013734468718 0.2865761730793557 0.022641319880851458 0.6965167186890154
0.014078616101818542 30.127419835917372 0.3079145080722374 0.02247272772466341 0.6782391210735539
0.014064889963600967 30.10672043356817 0.3133086165842378 0.02225914387028737 0.6734008372218382
0.013976921665246408 30.106716126956698 0.28995372142500614 0.022617327257133966 0.6928488985430408
0.013838942248271464 30.09373957792968 0.2926131385207257 0.022923900355825085 0.6946905317241922
0.013815297819076554 30.077344244380694 0.2926130561736398 0.022940509778503197 0.6947204962804573
0.013760418922556094 30.06894478970335 0.3054830084182929 0.022410739515997983 0.6794418419694984
0.013608947519435694 30.067066521659584 0.2958906295175163 0.02268519571694012 0.6885419580468783
0.013420914573846098 30.064754311772866 0.30685373139776634 0.022655091036405964 0.6804701674206336
0.013692328555495334 29.99564835488906 0.2933081476499771 0.022949460274200445 0.6932547727803384
0.013998603201972132 29.986150742517076 0.3107451844481538 0.022474580823325402 0.678494878939277
0.013857711886882068 29.982956662718806 0.3147525882447665 0.02250606597380336 0.6744394814797334
0.013726351280964874 29.972587366806042 0.30684120441662993 0.022710504703437297 0.6810182638058638
0.013721571600674911 29.95111466913174 0.2893045015446894 0.02255343227344201 0.6930390264725157
0.01385233884671956 29.920839276310343 0.31252197658876957 0.022181392557234364 0.6744171051760756
0.013924747653997429 29.907464126692513 0.2949261961293056 0.02262614073879469 0.6912848717290976
0.013914003441745565 29.889402702077472 0.2918501097192765 0.022964992992168125 0.6949877033392837
0.01381618824563389 29.888673524206894 0.2924652372824795 0.022428187043278702 0.6895269360755708
0.013608765814939017 29.887258552829074 0.3085941744395277 0.022166254522354253 0.6772701958095795
0.013409458254907934 29.88618686139471 0.2945836760751356 0.022625005572160746 0.691515540670375
0.013329192289455151 29.867521474474103 0.29550275121963054 0.022764805307618274 0.6918221995154896
0.013265538883544642 29.86397437972958 0.29043109317925075 0.02243099750160191 0.691408165409233
0.013131912937649263 29.85634978722794 0.2921832354919789 0.022345474552383317 0.6903844336937919
0.013047255844923647 29.845663473553728 0.3019446757836144 0.022491130268362268 0.6825359140820081
0.012922885090573197 29.8444697177672 0.29036979834432064 0.022403931137276078 0.6920965804146477
0.012805643177754733 29.833152354249236 0.2990558958144949 0.022343148764565352 0.6859369220038012
0.01272551058557522 29.826395525245946 0.3137322313090399 0.022346179523694477 0.6737242211718301
0.012731164588892981 29.801784390767185 0.3103573328946497 0.022608177455725145 0.6796433388186468
0.012752178221335064 29.792306019725178 0.3156644573640019 0.02229916940814716 0.6725169093677608
0.012714713181922549 29.777117879563473 0.3123688472593138 0.02225993103233642 0.6740122487888442
0.012741154862735101 29.7575493742019 0.29987092893896167 0.02234593020970049 0.6853881885675401
0.012758927072203238 29.743607153583884 0.29026090700493384 0.022395650451979887 0.691886160797545
0.012823519795654508 29.716774548416822 0.30285054382625815 0.02239779909395425 0.6812456589432426
0.012831387936643651 29.71138505470727 0.3138532001638574 0.0225578677914289 0.6764183692144476
0.012700455972329255 29.706728266635302 0.311979620139895 0.022401809819307877 0.6751625717717578
0.012560116675073986 29.703332324068917 0.28764066441425573 0.02273843192578136 0.6960095806588648
0.012790487544033774 29.640618180603294 0.29232152603704453 0.022511528670023807 0.6901596437549083
0.013107917619122363 29.62202330676738 0.3132327679821863 0.02264655639907511 0.677020492903944
0.013209696597322546 29.59367404207181 0.312958737577437 0.02242350821192346 0.6747591047378733
0.013194956569888705 29.592496356890635 0.30407869087595063 0.022147722529783455 0.6791807096841034
0.013128639404894981 29.572426708395398 0.2909197242814406 0.022533442639295992 0.6915151084507574
0.013146733636773072 29.558229899418578 0.29907752770455515 0.022596644168307894 0.6880588750885972
0.013070361014120466 29.55272943772264 0.30708359533037066 0.022200390870452315 0.6787314352300137
0.012909044343249826 29.5520804427926 0.2901119950121586 0.02259653831216812 0.6926421900217589
0.012740174356221731 29.54843053343464 0.30300777266236856 0.02270182398214312 0.6835369825698586
0.012625341368361498 29.53979918428131 0.29818979112040994 0.022295813466987224 0.6860038604063552
0.012510833003708224 29.536463633896254 0.3104383946847833 0.02271081548117373 0.6789616908845412
0.012405340698858675 29.526795806246614 0.30565193916741595 0.02255763078098978 0.6829228770739509
0.012467247966923287 29.496626883685398 0.30555801258396775 0.022730369540619435 0.6821019567716675
0.01250452146533688 29.49044683370603 0.3108720447376318 0.02228377896233069 0.6751042207097137
0.01237424173955885 29.48766914982391 0.29958196034117957 0.022677018744201586 0.6882484768431033
0.01228878695864828 29.474623486140782 0.28739837051165446 0.02275873264870001 0.6970153345878698
0.012246150726535098 29.464963776442502 0.2993932154545701 0.022741651952742227 0.6887930995451886
0.012143934764854552 29.461935765668265 0.3119556204257923 0.022279816783815222 0.6758749867874131
0.011988139297052948 29.46167074778794 0.29750904831200414 0.022638180320564867 0.6894873801935675
0.011967113182944368 29.43653227740647 0.31225552031710146 0.022658899025604078 0.6781498381747403
0.012338000656150315 29.371696907762942 0.3127574781467906 0.02255064675393523 0.6759974374309792
0.012609224950566671 29.36164486171926 0.29450301008433344 0.022461803448834465 0.6880699896635859
0.012525436024314213 29.354814920137404 0.3000889769375378 0.022262408241175504 0.6825781111688091
0.012422399370065307 29.348170501303628 0.29221387302634216 0.022573563785866887 0.6906976279702689
0.012378926559456193 29.33197470646303 0.3037748871813326 0.02224393974595221 0.6815562319838532
0.012300319952866007 29.331098730287508 0.2951703776509417 0.022283984317063146 0.687745017650393
0.012143146665547278 29.3282684513557 0.312819910143023 0.022496454942123736 0.6754737855199002
0.012029345235413644 29.320744252641987 0.2931022720456857 0.022605087211764456 0.690191907377506
0.012022186128659535 29.300364918998095 0.3142428800120711 0.022573283343270033 0.6757674624193372
0.012016974324794597 29.292350417962673 0.2953366390519023 0.02273245990040312 0.6894540755392594
0.011901735944689585 29.290681360097423 0.3104513134819253 0.022141561081190014 0.675224008897702
0.01176378078559774 29.287010049694903 0.3131378515018142 0.02231682283423839 0.6739653343159603
0.011645673672108899 29.282442681504726 0.3003580392944681 0.02217062536471289 0.6828842920745054
0.011566053855907636 29.272489590757196 0.2943989356085894 0.022376269920462797 0.687701382222218
0.01155779304137396 29.2556736106852 0.2874384714297929 0.022737137634385653 0.6967715592831077
0.011638598258135603 29.230238991038917 0.2964672512345647 0.022574529276604256 0.687298581541441
0.011680074265337187 29.219932386289518 0.295889763012996 0.022267349536203487 0.6870630014078231
0.011897282053931816 29.16517952831241 0.3039049629781968 0.022324733833638456 0.6800873126430992
0.012192578382067722 29.140768264941116 0.29611941667556196 0.02275818506853155 0.6891001119994384
0.012198379333987937 29.13454835728634 0.3083435288802164 0.022354041208876248 0.6772135203896366
0.012119835845964728 29.124322544482176 0.3021164826565149 0.022195394689716055 0.6821013367010795
0.01213544232704772 29.10265278639174 0.3132742500293972 0.022205355194890745 0.6737010706785503
0.01213865939049475 29.094272955164783 0.30858965273989347 0.022724807653274698 0.6815294911227089
0.012046841604193767 29.08859520880543 0.3140205702149894 0.02236430015606521 0.6738248621112739
0.012056683178024311 29.063535008385585 0.3117984694737268 0.022175124101108012 0.6742930423474773
0.012158035522763087 29.04234919009245 0.30117670274942765 0.02217013160729569 0.6815855570200355
0.01218011609523479 29.03032640821435 0.3127680302202775 0.022302113342050213 0.67413619539692
0.012122717420067566 29.022388708648236 0.30084222231789637 0.02235068680219638 0.6824936659376869
0.012019697057848076 29.018205115189694 0.296753123630697 0.02245346255118359 0.6884896863259565
0.011899784573772656 29.013506641440607 0.2963644728373429 0.022884365122556274 0.6916873973217574
0.011865555946127737 28.995177897682673 0.2994969193035551 0.02244979391181258 0.6841257421767315
0.011861094366855427 28.985341252935438 0.29105910064396245 0.022858270834736384 0.6941973078913737
0.011771766511134764 28.98159957712688 0.3036162788353042 0.022244165310317057 0.679897944841065
0.011647397511682403 28.978157895045968 0.31030588995977754 0.022734845149738597 0.6796251484292475
0.011609238459833837 28.95989506425786 0.3105886244643482 0.022267060689283164 0.6752681930743665
0.011571847858568221 28.956257336732143 0.3118517772303041 0.022480220019959373 0.6775310148335125
0.011513144125336914 28.94196100354907 0.2932116994208613 0.0228326780304608 0.6937227545342126
0.011438345021877908 28.941240159339845 0.2964775690266801 0.022915593544491606 0.691668355382276
0.011302648133360122 28.938104081466548 0.2918874454680483 0.022627612414033615 0.6914136158055378
0.011196689502463298 28.93256969272723 0.29006328535449305 0.02280200844360633 0.6956722264125784
0.011366928330751603 28.88073044184435 0.3072084064013688 0.022338351533091556 0.6779014114781045
0.011743667589903774 28.83851132048882 0.2955352644783931 0.022869001560973986 0.6922109558551022
0.01184537705513208 28.8342165217874 0.2917257812977593 0.022619928491710104 0.6915066982214015
0.011743732569908946 28.827134955250106 0.30765622192545605 0.022288681739806596 0.6791411418567519
0.011625846402005778 28.826000520867233 0.29270069501368945 0.02292141097250187 0.6936713892068097
0.011511687457398985 28.818733032785858 0.2965688058229364 0.022931474751519087 0.6907505799388893
0.011397568294743232 28.81799324601305 0.29536751838958847 0.02268930899418583 0.689107383636398
0.011277149891047345 28.812307739160495 0.30604344495256064 0.022731781160018904 0.683590126939384
0.011199234570989477 28.804348626487506 0.29681308546032575 0.02278530779265656 0.6888679393202979
0.011188653364987363 28.78676254755857 0.292793318663049 0.022720808574522664 0.6914330075467257
0.011227868975208253 28.769769353004335 0.29713692620841353 0.02224948755449311 0.6859618200927854
0.011193160587916275 28.765380977448086 0.31199969916117704 0.022607628058702763 0.678091049916587
0.0112482245595087 28.732600735104562 0.30222255310391655 0.022533779531124253 0.682755956646534
0.011276089782224125 28.73248982992565 0.29640090448868933 0.022735827586711145 0.6908720902742964
0.011149768481238309 28.727719478090787 0.2937886370873873 0.02290736016100498 0.6925738121276385
0.011080043262300908 28.71777761783205 0.30666265620934796 0.022211624821533424 0.6776400345265811
0.011032516212000805 28.70912936256203 0.300233819861295 0.022804570654120684 0.6865729331003214
0.010934112762399924 28.70869538388166 0.29074518012254325 0.02258067606402623 0.6921006279281865
0.010797670189286089 28.707537365712675 0.28782543198188604 0.022664652913444914 0.6958123869737323
0.010684842629552087 28.7032297105731 0.3023538942391075 0.022862821572392597 0.6869647880368719
0.010568799560843126 28.703128751871443 0.292515098764936 0.02238497152813138 0.6895225816694871
0.010491150463238152 28.691922470093818 0.3073695439298765 0.022273602762872716 0.6774417983465286
0.010420771052083978 28.690615244456623 0.31106921539611015 0.02265955632546892 0.6790819726799643
0.01029771051536465 28.689985065112513 0.31356659045753504 0.02236047437106466 0.6751629717989518
0.010225090873992206 28.679248751588048 0.3101352788243685 0.022171781379081372 0.6758589102581777
0.01018217997652314 28.672914687984033 0.29494109162473414 0.022901457297282917 0.6915901902353747
0.010107900446102385 28.668574587579116 0.3015147254183499 0.022738967160987777 0.6871063300193265
0.010007273631555106 28.66781129557604 0.28916274992272106 0.022575571080715645 0.6935713967914626
0.009910184991295165 28.66316519550547 0.2922706206644412 0.022431393526857964 0.6899121269741965
0.009853613269114552 28.654475648880634 0.31379418027395284 0.022322633972133143 0.6737828248094095
0.009852066240117923 28.638726753474867 0.3080116655444805 0.022306206408762682 0.6771975298894484
0.00993900284464636 28.61204935994519 0.31405766055927553 0.02228064486232096 0.6735273175987329
0.010125765871210855 28.576286930930078 0.301979994768674 0.022869974049171186 0.6861791521676358
0.010196872137926596 28.57224599152925 0.30759998073669337 0.022346942812828445 0.679696953085002
0.010107202190976067 28.56864060878005 0.2881735944467544 0.02274476317342877 0.695918184799896
0.010044453518143912 28.55953456161835 0.29710959424035277 0.022550262913134052 0.6866890831690486
0.010035695274492008 28.545249009804817 0.2899110291809811 0.022700958497630503 0.6937664413260838
0.01000469220759066 28.540573219412803 0.30585559959891284 0.02269145896038404 0.6835033460623695
0.009908531391602254 28.539650223332877 0.30568846719917336 0.02215085005020013 0.6783013376924384
0.009799892025464649 28.537933079083476 0.3075417262949255 0.022591535372666206 0.6816082856248744
0.009695012126118304 28.536691138623425 0.2962032616010979 0.022925470004576037 0.6917707644337189
0.009672355940557929 28.51826419727196 0.31051840236184186 0.022474490793457404 0.6784939137061041
0.009651701947193815 28.516491406826 0.3129207173354882 0.022246162804839365 0.6744958017137396
0.009548741391236302 28.515530462314242 0.31332148497471907 0.022563299425330828 0.6765929997190006
0.009490684387412993 28.504652238709703 0.29052178348736934 0.02285394822960474 0.6947569054226526
0.009434392762371666 28.503446944351353 0.2956196073274756 0.022921247786482725 0.6921935622573226
0.009330417178501069 28.5030738917745 0.2996335621881188 0.022294068863214053 0.6848707476922171
0.009272712254548593 28.49225806488646 0.2977302063405367 0.02280519600919405 0.6884185159054226
0.009392685420408567 28.453835156097597 0.30746730761958463 0.022236557065640455 0.6772321377038389
0.009462602128721997 28.453047744012522 0.3125622415013399 0.022456351246714572 0.6767029023465376
0.009416769953267222 28.43967372901269 0.3034524333435208 0.022209290018707868 0.6799750007183193
0.009370271020323957 28.439080693932787 0.29779865198436273 0.022635144437977713 0.6868330060702634
0.009265138286489004 28.438629747788383 0.29001386479177804 0.022511476080922622 0.6924630172990195
0.009179405687413001 28.43424075184692 0.3102508906643894 0.02266157682967102 0.6797654154349301
0.009153760572220056 28.42087932830176 0.3038818558349844 0.022702493102642576 0.6850752542016019
0.009145368073763052 28.412678798010077 0.30257819491501237 0.022722797559380597 0.6841524208467007
0.00908199505970942 28.411529392389596 0.2901468208591718 0.022472691707597255 0.6926845839476136
0.009012047172700976 28.405052655171136 0.3096090934196421 0.022636541093151424 0.6802009673168702
0.008977945597117011 28.39609059657454 0.2896359936860506 0.022672154333915836 0.6949868560554842
0.00892403113371429 28.394158202040646 0.2898503222078681 0.0224802974740958 0.6927182449651593
0.008852108969586932 28.389502344685155 0.3059313942798552 0.02229669346075426 0.6804331246463428
0.008806528700703675 28.381807530312486 0.30435909127957284 0.022660587630522696 0.68235748649123
0.008803334674965298 28.367585232249596 0.31043035263645824 0.022656316335583238 0.6795751959650764
0.00880448268147739 28.35883460814735 0.3032506128882007 0.022881823170340407 0.6859945265917123
0.008768397036163682 28.35318014215884 0.2934126674891524 0.02243957953632039 0.6889899915366654
0.00869809098158746 28.35246157807407 0.31303416743819223 0.022347699451086115 0.6754331155567619
0.008645127842084228 28.343058265038003 0.3006305363626741 0.02237826395646764 0.6828878694788131
0.008629464886962371 28.333760316384744 0.29881182550335605 0.022856028515649027 0.6896513580324246
0.008597196920761226 28.328274256637904 0.3101229035700488 0.022717227850236273 0.6796671377326402
0.008531909958622607 28.32686842276436 0.3105556603787466 0.02257747263423071 0.6791005763291883
0.008535474038465357 28.30541554073205 0.29546131471561937 0.02293518537632199 0.6921330752818851
0.008561039611172135 28.29859397494068 0.31075730895386167 0.02239495740049556 0.6760470731368006
0.008532487497575843 28.289971928955175 0.3108420095832414 0.02219899685393297 0.6755656049400062
0.008524631210661637 28.278335481891183 0.2886135751432181 0.022708632385911306 0.6951722321225218
0.008495485405810228 28.274733742319633 0.30016660115517546 0.022732254898222885 0.6880352961488637
0.008429449921410405 28.27201671917244 0.30115721136362605 0.02241727921818994 0.6827479440247377
0.008379132544281949 28.264896188698923 0.2953726162609187 0.02293372492728281 0.692184131562511
0.008339180614297344 28.259827275118315 0.305835937348627 0.022197980261071202 0.678257252625223
0.008305896150508668 28.251231953409814 0.2942489080339287 0.022535365366661664 0.6908466389502422
0.008375973751058889 28.221411458354893 0.30517847944481685 0.022606239114481126 0.6834792195824808
0.008413122571174315 28.220268071343675 0.29631604956214747 0.022485108327499476 0.6868899986448185
0.00834098033682931 28.21689218210403 0.3047321586731819 0.022853043592314087 0.684519746585841
0.00838358210747877 28.18844684245279 0.3060666422822152 0.02279630042055791 0.6827623157012302
0.008449500735371214 28.179083118147677 0.29370024274991535 0.02249582737427463 0.6890883374781215
0.008414486089619854 28.174840686445886 0.299990579801247 0.022773898319599205 0.6864981384207419
0.008425283261363476 28.15469963445597 0.29813144462188507 0.02273086207331753 0.689517801901917
0.008430310834836703 28.151622692191918 0.29564427453238984 0.022860309857820824 0.6906369343712994
0.008357642989068995 28.150232853372433 0.2922998155089883 0.022821551324174762 0.6928920493170568
0.008300243603799586 28.14375235124594 0.2887334303378381 0.022596387328528835 0.6946099115461376
0.008263857429578591 28.137428974336096 0.3005245249254885 0.02222526670278171 0.6833678033916453
0.008313071384506146 28.110360801325662 0.31342662038348346 0.022416680243412573 0.6747288622587683
0.008394282662837111 28.096000779748902 0.30809147229772627 0.022657917458406913 0.6799522492542126
0.008386973705109648 28.09022132666324 0.29747709965181945 0.02227483532497345 0.6859720911587792
0.008367831759297176 28.07879513278871 0.2985086448680907 0.02241794496191679 0.6868421281650057
0.008327505355903543 28.078132026682546 0.29514795362765733 0.022383435769588126 0.6887611527565639
0.008338791834415436 28.054484734394553 0.29262601460097437 0.022368079074608478 0.6897440532506383
0.008355498953635937 28.052215479635077 0.3005661378618854 0.022277633811586123 0.6839861603148149
0.008277130195392097 28.051713729611663 0.2911132816258143 0.022873551245780676 0.6946968233311457
0.00826696237709993 28.033163393922152 0.29944601201997584 0.022786518567075798 0.6870345947336348
0.008267239339538572 28.02996628858462 0.2932198195542033 0.02271685862202568 0.6911486112124218
0.008202142928565527 28.02750702732985 0.29407581961136414 0.022920333625713465 0.6928974068450693
0.008163720601523273 28.017990070238984 0.2912880197855783 0.02264956634321254 0.6937212950022427
0.008137049723413784 28.012701640660836 0.2951228739064373 0.022630833279097227 0.68891014961706
0.008080007616123628 28.010834248895257 0.30174443546843266 0.022187960133240522 0.6819401377081492
0.00808661108386413 27.989943291748848 0.2911612022169566 0.02281524281414379 0.6948410394782136
0.008088266598278573 27.98907985679599 0.29962720353583827 0.02232866353896939 0.6851782025268712
0.008028039959010308 27.98378355130481 0.2953260502250972 0.022920945714636362 0.6921909096941439
0.007973334031913323 27.98174490132869 0.3079847295732013 0.022216336931782807 0.6768978039988143
0.007914520950237734 27.97770793377004 0.294318607821624 0.02231597418419541 0.6881620199686391
0.007880594937420845 27.969531690516654 0.29804976460249977 0.022233263262820463 0.6845583612137499
0.007894792918985602 27.953310959827675 0.2936369969611533 0.022777932618843547 0.692990568614741
0.007956576650777224 27.933007568976635 0.2925425450457537 0.0228987135122408 0.6938529523357136
0.007991711089405773 27.923377591623254 0.3137827752191037 0.022475622854956884 0.6751846366629753
0.00796453450862958 27.918815767781652 0.30590444856226917 0.022279168071626814 0.6802130551002823
0.00790640515843795 27.91715424387984 0.29484447134267167 0.02257650245607445 0.6907429141185241
0.007841817828578908 27.91448272260896 0.2973779847951568 0.022616516719391303 0.6892690222304272
0.007797459339035189 27.90785906744961 0.2954771759274636 0.022915705673649617 0.6920879624935604
0.007777842875911972 27.89891931849365 0.29281861469419906 0.02266210315757496 0.6927876598590755
0.0077498497962075 27.89450128000975 0.30941040455678764 0.02220818256789114 0.6759956254127855
0.007688203091771532 27.894457607444988 0.30148233883600634 0.02286606853416016 0.6874931013878509
0.0076113725285717635 27.894313698371448 0.3111794487953814 0.02225812758464212 0.6759654397164218
0.007564476434009837 27.88665280637396 0.2902118959152046 0.022523764048666794 0.6924706104396071
0.00754914775367953 27.87822437023796 0.29382826071520673 0.022500967240562192 0.6907729607479541
0.0075062934939761 27.877957839938684 0.30256536485363894 0.022815306787201083 0.6865333751488263
0.007513539622643711 27.85633392176296 0.29419863872446567 0.0224352202397401 0.6883701318949076
0.007549099652128669 27.84826472707836 0.3074137300200494 0.02277202441895929 0.6818144494305924
0.007540281440554155 27.838547378140568 0.29483709357557175 0.022382168391259824 0.6889027834737509
0.007519023606316725 27.8338045511419 0.2902196187190599 0.02273220782440927 0.6938992359499099
0.0074660477514307015 27.83270120934985 0.30232595624043895 0.02219517596808116 0.6809678767673268
0.007404568913753243 27.830484568871313 0.29498537031868033 0.02236505326452679 0.6873887172986908
0.0073631348711190375 27.824158382272053 0.30952656965740666 0.022700396971529375 0.6803388870181707
0.0073836251025867616 27.805190808834546 0.30968849209818533 0.02225972505861746 0.6759961689366185
0.00744519373668981 27.787598033662867 0.3071208044012419 0.022494405137387326 0.6791738204835504
0.007443891665485946 27.78552707938801 0.3005169040682285 0.02243183686450462 0.6833683231337289
0.0074560806086664015 27.76447377087811 0.29047284461045286 0.02249854542099954 0.6921640444137857
0.007464858435403512 27.763084116590626 0.3007473827667348 0.022628184104086946 0.6846676518319782
0.007454313110616793 27.74740384636935 0.29889649081943087 0.022269738983199727 0.6849427822084291
0.007485827638822996 27.734604313989568 0.2962524468254085 0.02232410047303623 0.6873046883229805
0.007495646372998965 27.724724206172098 0.31233865128166544 0.022315983301188357 0.6755772049014299
0.00750220346134131 27.712811844683017 0.28904056996937566 0.02270217975761406 0.6953005790533622
0.007478360977826762 27.711049068254155 0.31281188273943805 0.022512455357106703 0.6766534389938621
0.007471527511082943 27.694713229306508 0.3034628844560867 0.02226314730715924 0.6802756258303755
0.007465608601578695 27.692587510529926 0.3077605129600586 0.02276647856431042 0.681721204235536
0.007414572178443874 27.688557361958132 0.30179289738732795 0.0223616418516558 0.6820009481000049
0.007397690876490519 27.677329565030618 0.2976939387577001 0.02236778461387844 0.6868595321986454
0.0074651578226920595 27.6505674803688 0.28995537171698565 0.02254294717629161 0.692916342193388
0.007507973791362804 27.64565208594815 0.292473835465761 0.022579967146862997 0.6923300237788457
0.007452930397565798 27.64532268421958 0.30981185263016564 0.022632853107974797 0.6787649959308069
0.007394315815696996 27.641609616525994 0.2894334143542478 0.022752601384432112 0.6949564105813621
0.007347564276799762 27.63826430299799 0.30557273080014125 0.022553431473452602 0.6827586208197859
0.0073043165230523965 27.63376265614992 0.3016902369343527 0.02220039508444713 0.6815470743670239
0.007313595014062075 27.61612338258898 0.2891712629923349 0.022707810115579145 0.6952449781001987
0.007356364058670208 27.60231000158545 0.3071202336722085 0.022350423273645198 0.67996718028704
0.007482727907433829 27.562395219103237 0.2918533019794334 0.022572523449316366 0.6912522948301637
0.007588001141948157 27.55376116672271 0.3053414575637898 0.022221268723269783 0.6788061504470984
0.007557986878987469 27.550139382356086 0.3085634230085049 0.022515580384671253 0.6784381774605475
0.007497754617254066 27.54971471899793 0.3110629920034542 0.02227650922895721 0.6752985658763041
0.007563805963526605 27.51276004326369 0.2963720206529574 0.022365217400330255 0.6862631035886743
0.007647011768985521 27.507153713065023 0.3036392900722822 0.022183908264115572 0.6801268975210495
0.007616886454282925 27.500372372988615 0.31317792845715753 0.022418534624437932 0.6750396177042639
0.007659873998638219 27.475666622758084 0.30479896122532496 0.022603929368341696 0.6836687248434437
0.00768527622674651 27.473176082124645 0.3055576738269558 0.022794138555860825 0.6839067981607648
0.007649713722415215 27.464607610039373 0.29157849899206884 0.022857576892787165 0.6942767736854092
0.007607783518743979 27.46388306733665 0.30733435462955794 0.022718152049757644 0.6811753054394842
0.007540889091981786 27.462139105333982 0.2902037268063289 0.02280620222394234 0.6948988207226289
0.007507585358296114 27.452691445278234 0.2990343137457798 0.022232314950976603 0.6838603674607469
0.0075450487214911485 27.432126130238366 0.29581243296735077 0.02290739333744806 0.691583907104388
0.0075470783619668354 27.431902629279424 0.29100601826391487 0.022507711482788184 0.692457568639231
0.007473435931695723 27.431740677894744 0.3122997512644057 0.022572077516963447 0.6771566808829855
0.007429811313513977 27.42371863945204 0.2945266347953764 0.022481052393601847 0.6900618554908996
0.007445912487959224 27.40751937067866 0.29478051444024445 0.022370540982683748 0.6876765316602467
0.0075237393137317895 27.382910221504176 0.31263572410533985 0.022471287419684377 0.6764963853455689
0.007540182319640802 27.382870508509946 0.2912147219661669 0.02259967698180156 0.6932471599241113
0.007468378772093776 27.38206064780228 0.3002142484173165 0.02245353260816334 0.6837809298611739
0.007421122127704627 27.375684492357976 0.3134025213277871 0.02236776144204043 0.6747152727661354
0.0073964788625778665 27.36887282299224 0.30256006270357905 0.02238737061102373 0.6836122942136179
0.007357276775061371 27.36653993622418 0.31076661872152067 0.022344615905980594 0.6758594010076517
0.007322910861127715 27.358557827157515 0.3102609745521999 0.02228474155088673 0.6758466064720485
0.007283484005097412 27.357707327424787 0.305580624315718 0.02244115352571452 0.6818683591628276
0.007266847876777684 27.343600281377977 0.3095704745954399 0.022318215085264746 0.6764422306009314
0.007250835188349139 27.342521520391788 0.3110758702010761 0.022246305142775764 0.6753048965690532
0.0072335056353597235 27.328918637671016 0.3060783150725045 0.022357716316328224 0.6807727633705241
0.007235324564612946 27.322465803009273 0.3008929903103225 0.02220919671577687 0.6824684877679847
0.007188599958226711 27.322442917461117 0.30687306105916623 0.022185021862212415 0.6779090047513857
0.007161188560277202 27.31077311217435 0.30245931491791256 0.02221488223443345 0.6809949377320028
0.007234281713315682 27.28277964431536 0.30586773376845233 0.02260977348122875 0.6810204684362233
0.007293502364695924 27.27465391836105 0.29846424955189016 0.02268182457069769 0.6888664674321718
0.007270226181435404 27.269575183523074 0.3006997655302312 0.022499741780402545 0.6837538470186242
0.007289112862125864 27.24992969087812 0.2919180489320467 0.022485268622760526 0.6907732403809604
0.0072992270300638075 27.24706178093684 0.3124203015298363 0.02254865790517404 0.6769119759093513
0.00724929789116074 27.24411231497561 0.3005062801603139 0.02235623803119538 0.6829870681079295
0.007243927119072274 27.229064158357982 0.3083137254419179 0.022218166617461125 0.6775606909147378
0.007283768261795621 27.213531673304335 0.3081174073341259 0.02273293585860507 0.6810993808373424
0.007318777350057017 27.19977612808566 0.31207010982297095 0.022535032221057818 0.6766945229158599
0.0073089981561272775 27.196495764448137 0.3050865313505059 0.02275655200589913 0.6830296453979035
0.007251767424953794 27.195945357251464 0.305909657424152 0.022614059509835107 0.6828485402577171
0.007193512993109149 27.19319594637875 0.2958428480611167 0.02238083946794449 0.686828711263747
0.007147842009023841 27.189344699607823 0.3118629698205785 0.022383947501046983 0.6764840301301408
0.007105404309536446 27.185849654705784 0.3002532275435281 0.02226169972840556 0.6838399563256095
0.007156395695281468 27.15590618903674 0.3026490767648937 0.022805405343867775 0.686301461743977
0.0073907415708349584 27.102076459377027 0.3053360032475911 0.0221908889013169 0.6790300254374815
0.007586126898566496 27.0828641009291 0.29589104399091626 0.022378230818832088 0.6880591913577331
0.007615486087081534 27.073995528553056 0.3058555426324414 0.022730595822164763 0.6822742191035354
0.0076632478560788005 27.050103698684087 0.30086750217110975 0.022302320187463448 0.6839039038715399
0.007686681196416516 27.047321808524913 0.31154188756627743 0.022560181869829197 0.6772497599264186
0.007653045524092433 27.03853323273339 0.29124560636040264 0.022571600887025763 0.6919049040190579
0.007617503181833294 27.036326680074623 0.31303788167398094 0.022416213270782737 0.6755593835671413
0.007598048849606636 27.023439980562372 0.3082854042321589 0.02222709568461203 0.6769730710603368
0.007599717410528713 27.015610085642596 0.30952792733071693 0.022278736213053874 0.6773237927858093
0.007559803497544316 27.01378641016096 0.30185997322958946 0.022582741929553694 0.6856705950134473
0.007493435291313964 27.013207982605707 0.2982847920842852 0.022712355857155534 0.6891567253001032
0.007434652106801063 27.009622037551082 0.29918795499698353 0.02270513722079973 0.6884504271309964
0.007386067099877944 27.006499259894746 0.30606138653867077 0.022648737544559917 0.6829070905798329
0.007396163617414135 26.987140160588485 0.2988567482251323 0.02259204964202787 0.6858468638076323
0.0074738880394545045 26.965615883202993 0.3104513690566382 0.022495944841094212 0.6772149995766377
0.007511125584333255 26.95703009206997 0.31066545663273776 0.022612737575774106 0.6788365956229385
0.007480950151582617 26.953639468558823 0.30303421245492873 0.022831552178397867 0.6859164891510217
0.007436910560212075 26.948918214056995 0.2946681841414879 0.02236426892365305 0.6885551933779411
0.007431329751401874 26.935269948791408 0.301894436110537 0.022335690920221377 0.6835314403515551
0.007409396636512403 26.934915557255067 0.30751854984048443 0.022609714126633533 0.6815252916023307
0.007364019582737327 26.927792481466007 0.30298085682280623 0.02225278957725721 0.6807328762156395
0.007338948184544236 26.922006239703478 0.2942710876553044 0.022878598226367168 0.692476748599875
0.007425066352741445 26.88489689274831 0.2919524911953597 0.022462787286419185 0.6908198938238945
0.007490781047851196 26.8840075655837 0.30792211906549444 0.02223279981647246 0.6779718774648417
0.00742203911948338 26.883442050522813 0.29152782483631245 0.02254276838061712 0.6924207507793827
0.0073535121916033785 26.88280403208125 0.30221579605612464 0.022668329775902427 0.6840748552084468
0.007333622529138562 26.869190128287233 0.30323491490299737 0.02268243162335371 0.6835055373745845
0.007323583108887353 26.865805528415752 0.309869207050385 0.02263633497614367 0.6789808089743888
0.007349114133916852 26.842615291930183 0.2998078062066321 0.022253988494890412 0.6839029167174542
0.007370240157996084 26.84014276028295 0.29112564556891174 0.022763563554929988 0.6943182012644211
0.007309566332249633 26.83947997843497 0.29358807312214086 0.022733010554780914 0.6911698892841723
0.007246660978047677 26.83788970856898 0.29110482224838813 0.022775391130637708 0.6943727918677732
0.007197525531995716 26.833650008569 0.30833937090244 0.022250898676088544 0.6770314088751398
0.007170881048114719 26.825930449455996 0.3021775210930374 0.022391035210894146 0.6838545270789889
0.007140591955092967 26.82277711432511 0.3107884766955862 0.022615169441268443 0.6785970908588393
0.007104233513271156 26.81689328847595 0.30541146128439123 0.022547152822911122 0.6827404205311022
0.007057395681296483 26.81683941811736 0.3116537361948204 0.02242025772453343 0.6759758199274004
0.006997848239561288 26.814802453299137 0.30695642472248263 0.02258582994883105 0.6801614658025633
0.006978357247104688 26.803449542268385 0.3044362621559019 0.022365042605897327 0.6819781500299158
0.006975749235043349 26.796535631424383 0.31137421404996946 0.02256717932165685 0.6779529628377476
0.006965358118900986 26.787466367868603 0.3024870547419164 0.022280393801992596 0.681215103076203
0.006937891305821387 26.785500415534088 0.29582728907106837 0.022525174766825865 0.6894987134166505
0.006891934113552192 26.781935478363998 0.3054889643027519 0.022274111587072196 0.6802797321355066
0.006853157713225985 26.778038243543968 0.29371841266497467 0.022386113130133844 0.6892202647270029
0.006840225110209313 26.767018593804398 0.3120078039894288 0.02237229364247701 0.6754918497163942
0.0068733259286660525 26.749640569697657 0.29307260797093265 0.022811395300715947 0.6932986647522111
0.0068719103635190544 26.748570303941438 0.30122274265384236 0.022707183011875957 0.6851517282154224
0.006819211273496584 26.74635925793743 0.2962277046681615 0.022494129547608026 0.6889474391507734
0.0067692310183027566 26.744704158449835 0.30190365631307403 0.02222039704134189 0.6819263894019316
0.006757257146594892 26.7313896173458 0.2945804498503071 0.022873327992450246 0.6921893249348418
0.0068159277434193455 26.708824590447833 0.2934535974425062 0.022574456493525907 0.690022879435758
0.006834420448425438 26.707134541709145 0.30027074568865186 0.02227784262902885 0.6829358180904572
0.006792195852988285 26.702599303292928 0.3082041158938765 0.022660723638790518 0.6811624244368238
0.006750750187460123 26.700830435967404 0.3086772562426887 0.022655281754393644 0.6798496571359516
0.006713562262002143 26.695188198092055 0.29707361362651946 0.02288192762460879 0.6904017839599932
0.006769822337868792 26.665769105977052 0.30362351833844187 0.02222269440899491 0.680878685726092
0.006844275053895545 26.654399382659303 0.2943137995672405 0.022866636626602158 0.6922903321914999
0.006841226791871947 26.64791501568868 0.29968714293999016 0.022420825671803445 0.6858730539188516
0.006801152416357934 26.647496383573653 0.30869774049566423 0.02262652866693578 0.6795229415918878
0.006766031767761703 26.639712917283873 0.3023847146731376 0.02225060655364986 0.6812464529009231
0.006776421895905978 26.62586752253683 0.304954585032777 0.022739186568421433 0.6841363464060101
0.006771600292709112 26.622508350664933 0.3125490169969085 0.022438665639618487 0.6758724810471112
0.006739034260293796 26.616996466509097 0.2912433617859724 0.022711329646035422 0.6930576597593956
0.006707922330104074 26.613304089624975 0.31009997656651084 0.022473702503450956 0.6785289882811398
0.006707377626513263 26.59875468481961 0.309334763651856 0.022647370279577698 0.6794604368860429
0.006720437762165327 26.590896130957752 0.3055975508093476 0.02221595379208222 0.6793367158606343
0.006694393766002355 26.58807940689371 0.2904358367740391 0.02259268900042187 0.6930678638984312
0.0066821716424251085 26.57618137085604 0.3088681624625995 0.022232263777648212 0.6769510988178356
0.006675924440989775 26.57152973542744 0.3004797259848423 0.022685489207848013 0.6873208762921181
0.00664559161986738 26.566959812691927 0.30992162800262324 0.02225855481177383 0.676566319828464
0.006615452644542607 26.562352194680276 0.3101029473803916 0.022490031612558848 0.6774419542730975
0.006605148522701544 26.55185178735438 0.2997701577215103 0.022792198653826954 0.6870886275287327
0.006601426311115408 26.545222613436792 0.2943113243773634 0.02250868911392782 0.6903276255546342
0.006569313216516453 26.54341876101593 0.2948589114916256 0.022377379674480953 0.6885204130712376
0.006518619313237174 26.542641678015155 0.2903613016746881 0.022717691323097165 0.6941272326028177
0.006501881921787962 26.53055699748446 0.3082952469256841 0.022290225343768465 0.6783092840986091
0.0064963474314002675 26.526284043629317 0.30963395003608146 0.022652669352121832 0.6795430257364936
0.0064693507445669355 26.52091380792818 0.30411348405036936 0.022805564922847587 0.6847971524369564
0.006430591803881595 26.520398791306434 0.29116590012334154 0.02269737891925566 0.693832269539363
0.006383083039490642 26.517945114863025 0.2919405480777252 0.022766371189330968 0.6937628913980243
0.006338923620288457 26.516570273733688 0.29844266471202385 0.02286652590092323 0.6890907509086428
0.0063036118267665395 26.511482632180865 0.304279548740342 0.022212724046760814 0.6800404718558424
0.006287940126504129 26.503947136719095 0.31075613191862356 0.02254262892202628 0.6775828904548433
0.006257360584876596 26.503670792795432 0.3047652427287999 0.022401261329797067 0.6802590510760825
0.0062159053150693845 26.49978069925571 0.3021805257054542 0.02249565984297916 0.6827348079023365
0.006193245375189176 26.4935621864044 0.2939319998083582 0.022822562459142097 0.6926970011840464
0.00618162334372638 26.48614606091897 0.3037353654597333 0.022232980056133608 0.680263046521612
0.006152377492840642 26.48569660938191 0.3024833089252062 0.022516486106577506 0.682673692350926
0.006132614974492083 26.475310914083735 0.3112041522602141 0.022404428003916965 0.677045404002017
0.006112363126813693 26.475029229403678 0.3098501722840974 0.022556797283449212 0.6782035229970086
0.006069136097823854 26.47233806915859 0.29880221006363 0.02258738965619358 0.6859109282982653
0.006079277199773496 26.454577780645202 0.30187454414004045 0.022518972618514738 0.685119200864061
0.0061050779340766 26.446563796933308 0.3057296573915412 0.02274473480990607 0.6826784564424667
0.006200504809316362 26.40650973100624 0.3109433529569088 0.022316561221740958 0.6758718012405892
0.0062914264835014395 26.399444615739547 0.2918105763911748 0.0226739415427648 0.6932663283509521
0.006302037322028561 26.385537615200253 0.2973777467911348 0.02285527608824762 0.6896868103135954
0.006294224331299509 26.384255733368626 0.299867085723153 0.02261506800563324 0.6872884703800937
0.0062497017113332795 26.38220327878619 0.30476514426240814 0.022789632334356626 0.6841109988964689
0.006250618285421157 26.366488888136406 0.31095732827535427 0.022576638855424647 0.6780568100149658
0.0062551587116657275 26.36314869906987 0.30266070487607355 0.022358813932384078 0.6815206792519657
0.006242723796745616 26.352973488263235 0.3083649379645516 0.022380821110426493 0.677743254626163
0.0062236372378620146 26.351767433611535 0.2944632454607273 0.022502586719720268 0.6901391527779195
0.0062017751967750525 26.342596075713686 0.29141835337526684 0.022660466315008926 0.6933820299932456
0.006176928804983741 26.34238925023387 0.295497599445474 0.02241404839425633 0.6885684671772703
0.006140046465663464 26.33726867354506 0.2986631465554429 0.022276109311048706 0.6846715090723207
0.006110970012275789 26.33462482762632 0.30873577764575005 0.02240763828639578 0.6776882966812806
0.00607949045910751 26.330410778271617 0.3104317542926627 0.022567254686974226 0.6780557921956863
0.006042191201335137 26.329813995636698 0.2991877463448328 0.022277902055487648 0.6839637649011197
0.0060064584983290275 26.3252358712581 0.304630956671767 0.02274266620393548 0.6833219109936903
0.005975424561218152 26.32318965475225 0.2947618710326085 0.02237440918454875 0.6884030046338308
0.005949108789049759 26.317143904557174 0.2909185877255257 0.02274212246204163 0.6940512656032138
0.005925610307105571 26.314217899870535 0.2940299271592611 0.02282879868953316 0.6925800327861991
0.005914932454114782 26.30391676051039 0.3093141816832622 0.022420759370648972 0.6787027983861752
0.0059094349293808334 26.299208950060567 0.30559177520051933 0.022669491360591605 0.6832768552033557
0.005881686471581072 26.296534501067256 0.30518291132624903 0.022757791174536076 0.6838872114161078
0.005853975398130489 26.291921467345922 0.3095788806086912 0.022325473252684875 0.6766878196628527
0.005826161102788433 26.289375992030845 0.29881066565656456 0.022409844098908716 0.6847141300489709
0.005813455391815111 26.279655240938485 0.30049846816862724 0.022285831539556385 0.6837957922443199
0.005835015056557508 26.26530245762788 0.30782551266256847 0.022481608119245246 0.6803404657598642
0.0058377752054444 26.261957174541585 0.29941178868430285 0.022511421721252964 0.6849102907729292
0.005813662903672082 26.256928856306384 0.30987354454782734 0.02261706859645611 0.6793502720610496
0.005836873087704447 26.237375916761646 0.3119865095316423 0.02244700401404438 0.6762928227057465
0.005885040762932805 26.223644913079532 0.2992858188408266 0.02232048932634305 0.6850249561523878
0.005881400749090414 26.221775788613932 0.2998201500682387 0.022290527674635775 0.6834446792141681
0.0058407426547255024 26.220808781076414 0.29625474030812854 0.022778346424247586 0.6908657614743602
0.005816312181198588 26.213511602210982 0.29259455771059356 0.02281331251891544 0.6931879947277727
0.005791906152297274 26.212594356457245 0.3026866924400542 0.022234831465096014 0.6815030930628161
0.005747064627465256 26.212534801417398 0.30649966059446654 0.02265665779465321 0.6824692255030118
0.0057084416691422744 26.20963939892777 0.30647681384293973 0.02252643936004023 0.6817014369210923
0.005709914613836709 26.19561953507889 0.30414912126873295 0.022495856377022512 0.6832313259951627
0.005795356466983621 26.163523758058595 0.2960628216204468 0.022377479876236905 0.687743811098863
0.005859356110459512 26.15666138298261 0.3116539517789604 0.022455519949412663 0.6764823689851255
0.005841441763145629 26.15292871873169 0.3104635693304407 0.022433274062406625 0.6768750151335002
0.005824965199511748 26.14564265512622 0.3081420908894779 0.022539801930521745 0.6804778062171315
0.005797817149306314 26.145635371129558 0.2938160503719838 0.02244533820880858 0.6898730480608413
0.00576079509192399 26.14190944274096 0.29985209204723984 0.022740590419660426 0.6865428052813379
0.005731871941323017 26.139209904187783 0.3074861088105091 0.022561922623169094 0.6797145668943188
0.005735686917751417 26.124135568309523 0.2907736712077623 0.022656478971569114 0.6935384252042841
0.005762714602701108 26.113228054417604 0.2952536643132807 0.02247401428752521 0.6879721139970474
0.005765257109544586 26.106676709476343 0.3059345191977937 0.022361990005144876 0.6792696091936823
0.005737227549215028 26.1064634036705 0.2936802399272778 0.022824032749574688 0.6926927863230751
0.005702189342440192 26.102501627882646 0.3094497629392077 0.022546038708063577 0.6784048089137845
0.0056686672536898335 26.1018885398937 0.2980457611659771 0.022805765788379024 0.6896457758658574
0.005658297157523182 26.089857321848488 0.29121228117455633 0.022738900946003556 0.6937868572067397
0.005658108727003723 26.08558141445178 0.30701664918013005 0.02260042577404812 0.6803685273511977
0.0056503970493648045 26.076275543056788 0.29992668289967755 0.02235832615489306 0.6836136138274809
0.005690928979076919 26.05496975209777 0.29291686738165784 0.022490828038851017 0.6901627497519167
0.005795820680260997 26.023267021783198 0.2978838394300911 0.022850765077534932 0.6894158984029167
0.005871480751115489 26.012039133296163 0.3039284081735045 0.022242731639036943 0.6807649151008026
0.005906363406232008 25.994622918101697 0.3029703067179349 0.022473631585031066 0.6820745346166325
0.005928919336893403 25.987465924688685 0.3018747912757201 0.022678158260884776 0.6861534435794902
0.005919347259324408 25.98098453654158 0.30356132370735467 0.022253753150936452 0.6805502691864886
0.005927505247971778 25.967859956774372 0.3111147823477416 0.022527984244893513 0.6775892447626726
0.005968734778020065 25.95018943458446 0.29618726650082927 0.022419232065428053 0.6881134790938481
0.005979644665851885 25.947142925580444 0.29355231462889875 0.022606273761522907 0.6902974306405634
0.00594864138910386 25.94366015673118 0.300172934126107 0.022709057603674192 0.6875984529235021
0.005914571714540202 25.941770296281323 0.2976109732483394 0.02231461038824533 0.685519175285496
0.0058736418532221064 25.94077229088314 0.3009585881062052 0.02231577300438257 0.6837956858681643
0.00584282164102473 25.935585141132343 0.3070168971136126 0.02246867199405792 0.6792864532218108
0.0058207855590959945 25.931657295020877 0.30611933111252393 0.022570281661196095 0.6806917049133001
0.005793778576095 25.928270228306648 0.2975343394624991 0.022546433673407765 0.6866372293487814
0.00579252131205826 25.915516655592775 0.2918260151243799 0.022615625961922507 0.6919331766892557
0.005795464270578094 25.910601333127364 0.3008161424948794 0.02269706142293585 0.6870460408348881
0.0058129990591631354 25.892893252369696 0.2958064857591503 0.022366095888249695 0.6871826542655805
0.005829260997734161 25.888254709978924 0.30039926016581214 0.022607961779161613 0.6849681810321901
0.005798843614658578 25.886726678098327 0.30436348919187967 0.022712901428110104 0.6843758102139106
0.005763334659524743 25.883986788597877 0.2996827231150216 0.022351581453403033 0.6838078953524014
0.005747386349841841 25.875762095072854 0.29452187028450977 0.022398550034585893 0.6886032610474377
0.005741630880253183 25.869473465059205 0.30890962910529746 0.0225305402590306 0.6797441851609732
0.0057374423037639165 25.86072918642513 0.30753285891711574 0.02266300915171507 0.6815377795711038
0.005743955187119784 25.850695705053806 0.31061959869010936 0.022353247796589135 0.6763922921095388
0.0057267938307627945 25.850208201848783 0.3064845491242128 0.02272677854829887 0.6823876822392246
0.005752649184676829 25.82530906769062 0.3005206967876477 0.02282131872242716 0.6871593470333952
0.005811647320921095 25.81303275673205 0.3018598825563795 0.022297414998461274 0.6819426718096901
0.005813617063117454 25.80794519221369 0.29346093193790046 0.022450551763441663 0.6896426916111242
0.005796711865388877 25.80223770995822 0.3014924269318048 0.022533064282085593 0.6854278577608842
0.005840760708485816 25.776255858811 0.30946631337669117 0.02231762901862462 0.6774705783558505
0.005886574844957105 25.76965163309759 0.295847050126008 0.022598843280314876 0.6899448635043276
0.005856932064590153 25.769599653053863 0.30785394278209066 0.022268160479722646 0.6777273931000547
0.0058157510092225854 25.767105970064655 0.2951451916539366 0.02262246434290801 0.6891262628237085
0.005810869351548467 25.754666860540517 0.3109564495099282 0.02249022362537295 0.6772491775698538
0.00580108496196382 25.753808212985675 0.29967204804103614 0.02265674599475056 0.6859346484116605
0.005758355289546903 25.752909257857944 0.294879946997196 0.022464696731443735 0.6893804240070085
0.0057324847403440625 25.746332746440633 0.2996032389438861 0.022599334730430395 0.6872881747031651
0.005745439018466298 25.73191811059041 0.2964759860522175 0.02241958729772535 0.6867397072261971
0.005754332009807722 25.72665877568577 0.2918459362708082 0.022609604330799074 0.691940295909788
0.00572460731734348 25.725793526704148 0.292302598846615 0.02251255403752034 0.69115991988971
0.005703383291903503 25.717670698773055 0.29570384675847716 0.022690232500343306 0.6892558389453255
0.005690253307835832 25.713983248666548 0.291813773663937 0.02263702567866797 0.6921679757132622
0.005655923258582795 25.713432467499203 0.30687957397166243 0.02248991373239814 0.6795708874375134
0.005616436575345114 25.711737512289957 0.29719625498926255 0.022824106682312845 0.6895683054688643
0.005660804062162881 25.68157457448888 0.2923461486203098 0.022514217109639294 0.6910813239584105
0.005703948702616767 25.679890967230325 0.30353913734158433 0.0226003392092735 0.6827114606031279
0.0056914154454991124 25.66959070753772 0.3000532370496996 0.02275328807940415 0.6866148033273813
0.005699743882779985 25.660534560492046 0.3030020802316449 0.02244264371213724 0.6818832697100101
0.005678879288140395 25.660520985235898 0.29696108752098943 0.022696917903340927 0.6898278886705895
0.005642180409627499 25.657193885349212 0.2992336856479322 0.022721206967948927 0.6883169204392217
0.0056063287380137125 25.657029251530908 0.2994739692386521 0.022288923336133297 0.6840386072058032
0.005563541802996355 25.656364418844607 0.29458559797018247 0.02281588210962478 0.6919316514354911
0.005605576887658836 25.6259695306532 0.29696661843753225 0.022580681781554496 0.6873749065154908
0.005656148499644362 25.62183714700078 0.3064328846391565 0.022317578409499817 0.6787918184818972
0.0056240133414749574 25.621087179913214 0.2982650580826971 0.022592625521336757 0.6864665528330609
0.00559093003741756 25.6174331048975 0.3015574055360976 0.022789625370801272 0.6867730757030821
0.005571118000271795 25.61202380058571 0.2939390502680306 0.0225251914715574 0.6905405767815679
0.005558960880256518 25.60566231411575 0.3053994058783518 0.022743378752798457 0.6832517328439124
0.005596522401115306 25.58246159264355 0.30350714999684303 0.02258272092046197 0.6842660909412608
0.005619561407559667 25.581047238450445 0.3014814945260901 0.02259842938870087 0.685885391675373
0.005589041481174542 25.57715332018462 0.29678288830924643 0.022385701534587365 0.6872658415775887
0.005559768122852376 25.575402689906113 0.3041394747169026 0.02228906488985543 0.6811749274216445
0.005535096875682826 25.569959923914872 0.2965240358477462 0.022823111512723378 0.6906132690863525
0.005542116605352346 25.556794953899303 0.29369065740787914 0.02265268579732918 0.6906160262597244
0.005541865624125756 25.553900945464708 0.29547738824318676 0.022480799409356537 0.6879248873557098
0.005509225654548596 25.552564872345645 0.2935936516382821 0.022780860528129 0.6924853490814613
0.0054811726592511704 25.548129182304663 0.30442597680126904 0.02236296480492573 0.681779730216042
0.005462851032023351 25.543312831421762 0.3045949642629898 0.02248651669006887 0.6827387517199168
0.005443739036434391 25.539225923686097 0.3038841613327753 0.022404048003748765 0.682564579738804
0.005412234242483376 25.539069346999227 0.3050695584326889 0.022548069634659985 0.6828364050411584
0.00541699300359408 25.52168651334626 0.2936956900031584 0.02278009653334263 0.6919034112552215
0.005421655431895099 25.52140658663517 0.30742410471145876 0.022332772717840555 0.6782347032104247
0.005391512305919589 25.51703586573703 0.3082459377872696 0.02248925526525054 0.6799380219875651
0.00537220530734693 25.512813983178596 0.2923794961859611 0.022607795412543367 0.6921811718821553
0.0053431179853398415 25.51218110445752 0.294573677262792 0.02279683267635295 0.6913592742104324
0.0053104323199385465 25.509445082202202 0.3081741553518265 0.022653420478324412 0.6805574182674611
0.005289771074586134 25.50438081802581 0.2986016180311121 0.022810547971020872 0.6884017339586421
0.00526547147857996 25.5030951148077 0.2957697426727032 0.022714421006756927 0.6894645758135116
0.00525265106060785 25.493751038941927 0.3068940206727307 0.022627982467842776 0.6808301450950764
0.005240465539830774 25.492216775584318 0.2937649251558911 0.0226134873289575 0.6902581405608936
0.005205087295796077 25.491867087541962 0.2973312751539093 0.02233612537530895 0.6860480772579121
0.005193033856279682 25.48147363942052 0.3016137304121828 0.02234640189265138 0.6823756717239076
0.005188815610535767 25.478069808049334 0.3005828148499939 0.022715140743161083 0.685871392935099
0.005174471100054706 25.471648149901277 0.30077647365326443 0.022704683715613436 0.6870484930936016
0.0051675148027871395 25.465404167647964 0.29942319709275533 0.022305849849790355 0.6844933642308276
0.005152123844599416 25.462281897217675 0.2975225094963614 0.02281467516794859 0.6898643713904474
0.0052095707733602935 25.42807718946422 0.30742795248841426 0.02233333642822946 0.6782570110702727
0.005261899166130824 25.42645562938032 0.2922137926616337 0.022572601977178273 0.6918793519144434
0.005242415444468881 25.420000109831534 0.29363729413916906 0.022790199838579793 0.6922651846393773
0.005220990047160827 25.419172900932985 0.2946671347497639 0.022441033022056307 0.688519013794168
0.005216424725357126 25.40633681263625 0.309750717356486 0.022342208892668698 0.676967687260146
0.005211028247839702 25.40575883101514 0.30783231745730044 0.022279783372875717 0.6779541525555656
0.005183132699048247 25.401688996341218 0.2983007052230565 0.022362073957984056 0.6859860409562618
0.005177371126878063 25.392624268966287 0.2925314882998472 0.022678972965780086 0.6925957968970009
0.0051646001887080345 25.391258656669446 0.2925819396447486 0.022687777695032482 0.692622381829
0.005144210131855257 25.385235848178585 0.30825421286986004 0.022424412107679162 0.6782765751279363
0.005129256239390469 25.381796213237298 0.2933790064254253 0.022617553944528874 0.6916463123059806
0.00510069835990727 25.38117812771605 0.2968905386781313 0.022554454774128745 0.6888154471718504
0.005081224088970536 25.374276448215383 0.30113626241353986 0.022532616038773417 0.6839033929512115
0.005092017848652703 25.361757604525792 0.3030664702790413 0.02227828795674696 0.6817032957644903
0.005117717742121271 25.348953973931756 0.3027193773100532 0.022779511801003634 0.6853151483947508
0.005112228437881094 25.34861857513977 0.29722470052740796 0.022345976212328606 0.6861243228493444
0.005081632511806719 25.34577869005085 0.3009143462663535 0.02275988834927166 0.6861589125693878
0.0050588135870815315 25.342483375285468 0.2945125336396055 0.022614816730035046 0.6896625203581557
0.005030000474916475 25.34212067739429 0.3029626515824376 0.022383257651208296 0.6830062906435508
0.005001102026393637 25.33898830636273 0.3076711236832523 0.02247852273238879 0.6802844674514883
0.004973653870500701 25.33815958489884 0.2947439102556273 0.02277576640891031 0.6916851011611741
0.0049504055970104556 25.333445018540154 0.2931176793796151 0.0225685705028772 0.6913666597406514
0.004928268912091305 25.33224316122734 0.30561843823530777 0.022570575758532267 0.6825329453104414
0.004901053550067331 25.329701507269114 0.30731310920397514 0.022581218623512134 0.6801454842820046
0.004886559478246807 25.323384126737047 0.30323792778816105 0.022638668534591597 0.6833134086756761
0.004879706978475056 25.317729061266192 0.2918146285305016 0.022639348785088477 0.6925329024135747
0.0048863474848066055 25.305900866126507 0.2956795321544439 0.022718934962926523 0.6907934514620212
0.004897614751699057 25.298289089609526 0.3066689867515544 0.022681396258129143 0.6816721735049461
0.0049235266468317385 25.28054640512248 0.29662591725646414 0.022808760636810588 0.6899409835229285
0.004930609266287176 25.280456037963223 0.29381027816666183 0.022466629824885117 0.6897853322722012
0.004909256973758828 25.274399045861973 0.3092407887728391 0.02251110138284655 0.679200892899646
0.004893863284346345 25.27192402615267 0.3048721583825556 0.02259269524786236 0.6818079799686666
0.004876260600054432 25.266840584913318 0.307869497642726 0.022564911682539678 0.6796739955916369
0.004853145508303718 25.26669709506497 0.30804009917270614 0.02264510144146149 0.6807018327902731
0.004825957876991019 25.263409868651642 0.2932850404740157 0.022490526404609853 0.6902545516389778
0.004799450765161226 25.2630941506456 0.31031715581696884 0.02250880223738545 0.6779839278415815
0.004773434558659936 25.259720018718152 0.2922627369884218 0.022711549407842823 0.6927847982398551
0.004761481276218429 25.253575808884058 0.29474942511095287 0.02246546455017045 0.689337240306569
0.004747072474486605 25.25126281764017 0.29630630610655995 0.022431318165475948 0.6880200242459629
0.0047185592577734066 25.251170451288388 0.30113674791280387 0.02228349371763022 0.6829061374958681
0.004730446294829375 25.23184697999156 0.29414959350570563 0.022450710163109892 0.689339522362026
0.004781632041243731 25.215042999954413 0.3090075964940743 0.02246905797617804 0.6781931456989443
0.004797289850801227 25.210631375848656 0.3005586329170651 0.022607234027916135 0.6865740925286081
0.004777136454876666 25.20888765734892 0.3085240521845394 0.02255876276100172 0.6800767811637478
0.004756253050277254 25.204867924892703 0.3061029017996774 0.02270478488392693 0.6824047630339121
0.004734558302575943 25.203542183479644 0.3089257560953994 0.022415239990825023 0.6787380135442078
0.004704985798539864 25.20297299616013 0.2931054909729949 0.02250641107756159 0.6904706776049371
0.004684267185040653 25.197990539769425 0.3102964336334928 0.022434129573094368 0.6772924992349307
0.004673495461936874 25.193214235154592 0.30898501902088576 0.022559400755101676 0.6796592135160167
0.004684623429424507 25.178894577649004 0.3043136648573217 0.02235451746118008 0.6805069980948348
0.004696989988840444 25.173487727301847 0.30075726340396525 0.02271695894104668 0.6858215411860458
0.0047162469671621216 25.15632935599954 0.30258696799771373 0.022482790490392774 0.6825252399813045
0.00472441922658674 25.155486735447276 0.3052475185761936 0.022309621415463533 0.6796765034235873
0.0046966242145626376 25.153722100474116 0.2937454153065401 0.02274232843177849 0.691526638420405
0.004682126144177929 25.147299639989505 0.3023323954510475 0.022483358208505836 0.682712543295518
0.004666338532397037 25.146119030972546 0.2949701766885883 0.022571763968843465 0.6902102425239628
0.004653180017751558 25.138639165355073 0.3034713929708871 0.022270959613119826 0.6810516300720865
0.004645096248872066 25.135279803638248 0.2986189416928304 0.022588279732962478 0.6862326858192072
0.004627361342107261 25.132019623152715 0.29517990291833224 0.02269162425359078 0.6897980547140544
0.004607317879158985 25.12973060416371 0.2971276243394525 0.02268872533664653 0.6882281227376201
0.004583218445870064 25.128326366567112 0.2957750086588888 0.022465154863427258 0.6876802685777981
0.004561189782270888 25.12523142220233 0.29315724516253977 0.02260567936469372 0.6908349153179542
0.00454522033866775 25.121237638253916 0.30266270783008864 0.022276291618102625 0.6816322781403609
0.004548232104437078 25.10982422066788 0.30266897755758887 0.02259856468183749 0.6849348897302965
0.004549163858868862 25.106685009958674 0.29239691450248434 0.02268150711399474 0.6925347111725325
0.004549724818321596 25.095492496204276 0.2944395471891633 0.022448161807317533 0.6889635870982386
0.004543537531325629 25.095273864206458 0.29588433398006503 0.022792715014505794 0.6908655639292656
0.004513215579870496 25.09484393273617 0.2938605574076457 0.02276758255480339 0.6920725627754007
0.0044828634696874765 25.09478993257484 0.30865896661044134 0.022594833886242872 0.6800318021638683
0.004461476090338127 25.090476579213288 0.30057528462671923 0.022461763969629216 0.6838593787626701
0.004451514270822819 25.085345897095216 0.29693803565923754 0.022748908739951345 0.6889849392185972
0.004507479379991787 25.051735742562265 0.2959794135449508 0.022468916593712033 0.6885848781378215
0.004573012824806772 25.042057857273086 0.30593992261735065 0.022688351075589704 0.6827349273245683
0.00456337129682739 25.041792112604817 0.293071778752624 0.022604991457844396 0.6916264093622929
0.004536213959292328 25.039909768178784 0.3101197513133303 0.022404912953175392 0.6773004413667564
0.004535952628895607 25.027856467072297 0.29611286433257217 0.022456527504312773 0.6883647824077935
0.004549343789280701 25.019880389961116 0.2980749824656898 0.022785587289209288 0.6885871281768514
0.004537778174181155 25.01884185583767 0.302757830372591 0.022283832705381677 0.6815350593111834
0.004524138543202546 25.01185041606223 0.29524659721588997 0.022794069068529203 0.6911745872059785
0.004519296406987657 25.00692458730754 0.30381254783871037 0.02230483849753508 0.68071790577528
0.004508923282370735 25.00241330854692 0.30521282905126024 0.022695329121798984 0.683388240906161
0.004488160468531835 25.00216015474884 0.30950058840354816 0.02254764199730974 0.6788570890146179
0.004460579452951957 25.000807360244846 0.30319884854660284 0.022731933611499822 0.6851672437150064
0.004437720557091147 24.9985476668698 0.3096409543454361 0.022421620143960985 0.6775782635813468
0.004412721370247075 24.998265904172612 0.29633612955620114 0.022632331500570684 0.6883775636824303
0.0043837568402206135 24.997938140262292 0.29773122830001153 0.022693484793519764 0.6878337538864211
0.004355031689492675 24.997691439155833 0.3007203088193028 0.022303204028293604 0.6834589697143686
0.004348596433836684 24.987213160361733 0.30616823232117985 0.022569740674526693 0.6820351937841823
0.004347208977556539 24.984596789169174 0.2977571755957924 0.022562234540984973 0.6882155152262874
0.004341653264621221 24.976091189048994 0.2951036948683435 0.022440751737407054 0.6887209075279552
0.004333912442246464 24.974467962587564 0.3028640785312415 0.022425345395987735 0.6834144750405314
0.004333840354253627 24.962479450713417 0.29386096479579904 0.022657028996392582 0.6915364952125737
0.004347997509869221 24.95421772066778 0.29358095859171757 0.02252099934515267 0.6900187817844071
0.004348402466328001 24.94857455515378 0.30056030024028324 0.02234473379401224 0.684189021554021
0.004348887830034345 24.940293175464173 0.29920716660415103 0.02236201460230691 0.6852881397498715
0.004352242860588045 24.933310015310482 0.3045958651043978 0.022414973717569623 0.6806962508670279
0.0043407077409488605 24.931895219626234 0.308774967513172 0.02233654867661577 0.6776935575186682
0.00431859560824484 24.92987517938784 0.29525064902403486 0.02273507915563977 0.6902186143265894
0.004304752887496221 24.924700091967853 0.2961760343898535 0.022503250816896456 0.6887707438043369
0.004304907049253733 24.916192794712945 0.30724652550351766 0.022315031653458495 0.6784747657038375
0.00429573240106866 24.91534540905293 0.29494759632014156 0.022750168983626255 0.6913325425543356
0.004275185805857703 24.91222159368879 0.3017409877358117 0.022403188960060647 0.6840015758831445
0.004256025157267617 24.910803299903577 0.2932213728980525 0.022592546053635223 0.6907575097359061
0.0042357099490487335 24.908308894913965 0.2978912032800559 0.022450349158810376 0.68589238316512
0.004222174272957237 24.903752402023176 0.30942996295980496 0.022529682293295706 0.6786618062847506
0.004224002572012186 24.894001955303235 0.30353389488496324 0.022282201741326328 0.681071904286569
0.004221271719302958 24.89156937514659 0.30099171217469367 0.022418071943319746 0.6846723348894694
0.004202290745699336 24.889598687454242 0.3092467854781501 0.02255083769222729 0.6790150304164266
0.004189694326591158 24.884188996760884 0.30858096505843613 0.022366787052642275 0.6784660622239187
0.004189895545279362 24.876120438926197 0.30452550313034665 0.022491874400120637 0.682732985567509
0.004179561848765868 24.875741123554267 0.30864099332596573 0.02236282467473951 0.6778286789259697
0.004153512017781825 24.875306715058827 0.3073827411797951 0.022303439584873658 0.6784992007927585
0.0041289304423287685 24.874344281668336 0.2943187525686363 0.022613381121016213 0.6909074363460812
0.004104459264759627 24.873975730507905 0.30456587308164357 0.02269203654125376 0.6830991363549511
0.004084627875094799 24.870853697599372 0.29784343482190556 0.022798290913460337 0.6890355890022262
0.004071840451777108 24.86709382559845 0.2979168081116884 0.02242867069181624 0.6868758169287721
0.004056957651213958 24.865050529901506 0.3070914606016794 0.02250863989813416 0.6797334171032258
0.004039204164633126 24.862776870462508 0.30527544858965844 0.022554933037799464 0.6826175097468618
0.004022481261045176 24.860293317286242 0.3022819380226904 0.022312411709373495 0.682576759018256
0.004008721061840541 24.85660479049561 0.2932720327069683 0.022530628995999006 0.6906212944417338
0.0039934211066221725 24.854941953665037 0.3056074558928762 0.02249392499468979 0.6819229784825462
0.003980951373849032 24.8498938255199 0.30559447241807847 0.022627335341681834 0.6817521287786501
0.003968462828531141 24.848273775394002 0.30862809813009084 0.02235670050691775 0.6778271220775172
0.003952117965714707 24.84523620686643 0.30660802162786255 0.022560372544742593 0.6804817249252721
0.003934236851431525 24.844463274306086 0.30884612047462323 0.022478408741555454 0.6784601475904743
0.00392004838473798 24.839618516488922 0.3094764352410602 0.02237540405523737 0.6775703943054876
0.003908704779080332 24.837427990535737 0.30508399571189 0.022313191317600352 0.6798930938903416
0.0038999001717701424 24.831328019157056 0.3034334368280654 0.022310070308659467 0.6817387662465524
0.003921940742804844 24.813374876230224 0.29623282391231165 0.022623087176700096 0.6884175472406332
0.003961144332830582 24.798478459966255 0.30472390041719083 0.02269919803803957 0.6837508896020542
0.0039673335854247625 24.797253024029015 0.3046312648028725 0.022590420079679797 0.6833352162260447
0.003962697014013478 24.787903778568595 0.30654710385607864 0.02233268702098802 0.6797028455352013
0.003958127537371065 24.786613441044505 0.3015093012517067 0.022369465946183394 0.6826949026852925
0.003943991626281321 24.782166477967227 0.30764997350026047 0.02244846855564544 0.6789450125127505
0.003929008199130397 24.781353980134092 0.3009399211200138 0.022309930069091724 0.6830558904364161
0.003910798508750086 24.778628382525437 0.3050063643221277 0.02235700253692465 0.6801209057314042
0.0038945237478944035 24.776895211523314 0.301682231956845 0.022623310992745962 0.6857833492308971
0.003874673567555088 24.776089595361327 0.30971418501095127 0.02243219955773045 0.6777510924606945
0.00385266620384508 24.775573120936965 0.29654351677621044 0.022736530795716085 0.6901630928910127
0.0038339122577242158 24.773173986252615 0.3005079703781154 0.02274323577750874 0.6872797010363066
0.0038149405465446908 24.772854832192248 0.3094462487883279 0.02250846789224939 0.6787741199642423
0.0037983665424810094 24.769280124530237 0.29453968491274074 0.02246477599658443 0.6890589276095992
0.0038063764582695653 24.75606116637674 0.29945908526949816 0.022341218837607268 0.6842621321825096
0.0038122410941182376 24.75352612520034 0.30167947389049915 0.022327661342952988 0.6824351909125097
0.0038067312710775916 24.746343392800352 0.3065056178947293 0.0226676131328071 0.6820064166375169
0.00380004521318964 24.744421666585847 0.30871985418832393 0.02249683029007243 0.6794074682808265
0.003781033259482469 24.74380369279098 0.3034007292731671 0.022413415808567226 0.6828751382526644
0.003775269361256925 24.734933826363243 0.3021887558037061 0.022707166498508347 0.6858368020861746
0.0037724668043602307 24.73271753457267 0.30528263485864826 0.022642659757499562 0.6821322079429093
0.003756026235053404 24.73114839007689 0.3019504459634827 0.022319074094867785 0.6828510435370729
0.003740762699342843 24.728373580252295 0.30511762497572037 0.022697654795880096 0.6833581371889853
0.0037228843808014803 24.728274607947146 0.2951712188975743 0.022483218278154842 0.6891407762385497
0.0037041052851599383 24.726073060015715 0.2980263117421682 0.022686550680414894 0.6888435309918755
0.0036898476185003855 24.72360097924304 0.30163129190898863 0.02245051639818534 0.6844908888979855
0.003677217470170804 24.7205697137764 0.3067665013312741 0.022611447499388294 0.6817060771928438
0.0036761513039809397 24.711838092722058 0.30578416162097427 0.022598370045429344 0.6824550242219497
0.0036887569316322566 24.701346929188002 0.2996744854504167 0.022420776701855133 0.6843654234394319
0.003686320065170361 24.700752318673253 0.3035448793356672 0.022632161400329413 0.6844080668943595
0.003665539014878365 24.70031516644767 0.3010933561781273 0.022438727050860474 0.6847633480326081
0.0036487900670140023 24.697608957678295 0.2931122072982934 0.02261722651380769 0.6911282944730343
0.0036358283924874165 24.695153465826287 0.30301554270665265 0.022641092756021504 0.6835935284463911
0.003620940760183099 24.693565511526717 0.2974812965622817 0.02278137932971836 0.6891003620559522
0.0036043484700265973 24.692123566681797 0.30498192530604495 0.022309168503351285 0.6800119290490233
0.003587515885193825 24.690745804707944 0.2992448518729612 0.02264120226747281 0.6862729894451813
0.0035735299387798405 24.687783911156924 0.2998714833686957 0.022509945887539354 0.6847722524528954
0.003559235824131004 24.686635051056165 0.3043361714919573 0.022601878653668455 0.6836146826223106
0.0035539189538060074 24.6786750437757 0.3064096805450278 0.02258703202766276 0.6818768696519554
0.0035524933424682208 24.675313075730216 0.3037438983539552 0.022687663970532894 0.684509435683339
0.0035408159943875655 24.673170405338638 0.30121195879722173 0.022634775084200684 0.6861893202034057
0.0035386441809942214 24.664474339737538 0.30296400347885166 0.022344978221389467 0.6824671469291365
0.0035367130904750835 24.662164836494654 0.2975553901655693 0.022792940266903892 0.6893305363173394
0.0035199911891966805 24.661905468366374 0.307463881246675 0.022468353710051448 0.6792314740320287
0.003499554378016615 24.66180537092992 0.30844466937001147 0.022466610538105926 0.6786423108753437
0.003486878914899563 24.6571882852434 0.29842825727097555 0.02239438990955733 0.6852548714074072
0.003479979583605995 24.653798287354782 0.2986911421861066 0.022358932214273385 0.6849748848165726
0.0034676348365144114 24.65235219006614 0.3080457606915185 0.02233327293701172 0.6783030506764482
0.0034534579493812425 24.65007987523436 0.2980170313780892 0.02248499868145649 0.6873211734623577
0.0034395030684641094 24.64856490734583 0.3085500241478374 0.022351624547639254 0.6781398059805153
0.0034303176996186356 24.64356760170575 0.30420506981850276 0.022340002965777764 0.6815112321161723
0.0034311732985281506 24.636205524072455 0.30114898570634485 0.02264392152820951 0.684924625806951
0.003427588376302552 24.633785514625878 0.2973443428330794 0.02238980783583273 0.6862125899267809
0.003416317705061503 24.630955248887616 0.29390776468321733 0.022510153838777084 0.689973808485475
0.003415822110061589 24.622255489392792 0.3046484067633781 0.02230434005977688 0.680278769872165
0.0034259780580013816 24.61316192739 0.30948135060841414 0.022480123356757094 0.6784442485998846
0.003426143249692872 24.61028264414044 0.3007610346169261 0.022762918589434272 0.6870561526900864
0.0034149023354028427 24.607898657716454 0.29822036162111715 0.022415120472284677 0.6864713070937447
0.0034021310046552368 24.60596631863882 0.3024532810212922 0.02234178940926643 0.681924156073539
0.0033863549872842668 24.605415603184625 0.3064917447565883 0.022649498786667745 0.6815922416361422
0.003371908805144882 24.6027692659859 0.29982137539466713 0.02245288485299763 0.6844520874095226
0.0033877438156794505 24.58434761234259 0.30589856315459163 0.022578408043684717 0.6811429322818867
0.0034093858373008493 24.57813387801746 0.2998509488100593 0.022758235645561193 0.6870832122204108
0.0034141754575997886 24.569714192160184 0.2974952377564342 0.02261656442959945 0.6874122967825637
0.003418124245631712 24.56397084700057 0.2950453469666921 0.022762354990991475 0.6909676431694755
0.003413456382387436 24.56060952805615 0.29779367763118714 0.022501985798679132 0.6863421329903114
0.0034125380098136977 24.55269135026564 0.29420780642377414 0.02267261370509179 0.6905957086800489
0.0034061442396741476 24.55252692098709 0.3033204942991993 0.022738092453504867 0.6847000358105939
0.003386433265587557 24.552520615858647 0.307468878348932 0.022599758942698715 0.6804814180522207
0.003382235137810993 24.543259584820238 0.30643660749726165 0.022311909031393833 0.6792029356921735
0.0033797128065262026 24.542226880446016 0.2964071130148779 0.0224368479560621 0.6878197485599916
0.003369998406893304 24.537277234801056 0.29621477901105336 0.022580840477547773 0.6893418841042019
0.0033794581806694196 24.52488875390959 0.30585888695288493 0.022602519593954026 0.6814132275418925
0.003384763211680114 24.52232862241327 0.3088522868248599 0.022468093504386576 0.6784910993840847
0.0033845710429448537 24.513246903474755 0.2974753475816697 0.0227346338109984 0.6894306892975831
0.003392239499505917 24.506005047036965 0.29508798196841357 0.022735826236849284 0.6910417404160544
0.0033945507213805487 24.500085951794517 0.30383207442566856 0.022572927553601574 0.6837854996612929
0.003395592202165673 24.4935967892928 0.29340023810485333 0.022662366101650736 0.6913107030717515
0.0033912631112137347 24.490840966300127 0.29632954356238794 0.022580365467395228 0.6892519133457641
0.0033819612325547543 24.487322167036332 0.29590191728068505 0.02256547553453428 0.688314081913053
0.003373648450414333 24.484010153810924 0.3090101187725748 0.022454324107915043 0.6787322484951955
0.003366395923179946 24.479889902222006 0.299758127611549 0.022605151039879756 0.6856188667507584
0.0033544944538069377 24.479375225607818 0.29800044400333564 0.022668909834592688 0.6874954491449591
0.0033391212049604796 24.477394468586656 0.30046953768550255 0.022732915945988523 0.6863571116780816
0.0033363752721887008 24.469358103838182 0.30607259821964505 0.022657636162964827 0.6823379284922488
0.0033379905761829545 24.46473469380808 0.30818659197447573 0.022576394251654287 0.679983264812799
0.0033355708643447615 24.459134873601972 0.3090283073609106 0.02251207079459561 0.6789684231217236
0.0033306653881463063 24.45600656798297 0.298103886613113 0.022752317299577413 0.6883067557846079
0.003331691891405998 24.44686873255568 0.30688804207397613 0.022628478332718756 0.6811951730194206
0.0033308328067320893 24.444835952193436 0.3085316594511392 0.022375584920001235 0.6781795168161666
0.0033183510410344503 24.44273606289418 0.29705874952070366 0.022732436515028254 0.6888716487299565
0.0033139445571714016 24.43587156640141 0.29335113935745527 0.022668705977885496 0.6915113264980255
0.00331771468564463 24.42882246515797 0.30196699535730437 0.022434746060878908 0.6840554683620507
0.003311598187024164 24.42792197774546 0.30549138575854706 0.02235547649234925 0.6806730072337324
0.0033073255741513283 24.419801433409525 0.30218685742553003 0.02265827442869329 0.6855433693497439
0.003304523703694508 24.417987622850593 0.30500529148166416 0.022332494262180338 0.6807572908928743
0.003299538206699523 24.411227941946436 0.3077136962481728 0.022573778533482643 0.6805972788011102
0.0033068585519596327 24.401947017471144 0.30708269256155346 0.022602629305651236 0.6807656994405413
0.0033038266971029363 24.40142864002763 0.30698204787079153 0.02261781128285315 0.6813982824634404
0.0032872405677919292 24.400433970776074 0.29458056948857847 0.022557175061586297 0.6894277000456266
0.0032813737996875677 24.39344590903989 0.3064275394474577 0.022336253676337656 0.6792318474574341
0.0032781270813794306 24.390842529809778 0.2935150081292525 0.022580907402019935 0.6908543199959247
0.0032675469366966383 24.388371619359077 0.2963768044546044 0.022768430721102167 0.6899665861482449
0.003273337140316072 24.375788482972744 0.2941338434891975 0.022547720322768007 0.6902660043611002
0.003281813374366937 24.37159598709869 0.30214933463903104 0.02236924925723733 0.6823092546848699
0.00327667822270749 24.36736260295439 0.29965215579222787 0.02271800534625532 0.6877366028435525
0.003292817437533386 24.350247693977078 0.2994528932776132 0.022733506750719498 0.687116552143093
0.0033291286559040145 24.333760122469076 0.30583277380693397 0.02237285129178437 0.6805759217786057
0.0033391980032104677 24.332456718931716 0.30110397700588415 0.022571550414780123 0.685787884076511
0.003323262232687134 24.331676013978036 0.3047572173048406 0.022317248661690582 0.6806661384640721
0.003311678110445472 24.327815899122648 0.3016822616038803 0.022751895169889607 0.6859633042705325
0.0032999468214819742 24.32716520557284 0.29900841824878743 0.022770804896004908 0.6880001779814902
0.003287573487696174 24.323752171640486 0.3010439419484552 0.022338515293370373 0.6831144121341922
0.003274486445372406 24.323586230660652 0.29611305504647534 0.02253226853305532 0.6879534697866743
0.0032616195880227775 24.320101875143315 0.2967882739811347 0.022419075851427304 0.687258529225377
0.0032565617419157704 24.315175589858924 0.3080556037102241 0.022385676654728685 0.6784835145297752
0.0032468366732321366 24.314579433130092 0.29571990368444817 0.02274962661808237 0.6905694582214599
0.0032480367691991277 24.302969687255327 0.30280154487531097 0.022412316117537717 0.6820592917034286
0.0032498115348085564 24.301949504145878 0.29795819048511507 0.022380480953548134 0.6859269442163792
0.003237308966508486 24.29920160676278 0.30171565995686905 0.022589876043009563 0.6841037235530698
0.0032278214595447413 24.296359750531664 0.30073586113234374 0.022393268690685118 0.6844780213961892
0.003217707012670517 24.294038266577534 0.2954476938760982 0.022738021317161676 0.6907214433489478
0.0032047346977435516 24.29302451539944 0.30226076048390776 0.022402026495546803 0.6835019223064446
0.0031917062064926826 24.29079921522236 0.2935917965069415 0.02261964259886624 0.6911337468632982
0.0031847966230832115 24.28598994630833 0.2959587024725162 0.022517466210682804 0.6880051612324828
0.003179134516994625 24.28299239568596 0.30479370406879536 0.022379858163270927 0.6804928648482329
0.003168297070488873 24.281477366863108 0.3044165548328169 0.02243441919064781 0.6810615036781142
0.003153933683327384 24.28076791105992 0.30861901680619497 0.022522889989332787 0.679328292095558
0.0031408026130683043 24.278537405037234 0.2997360769498469 0.022386551236896136 0.6842629735467501
0.003136103657143961 24.2724944144959 0.2976953954026902 0.022657050791321225 0.6888131486592679
0.0031317921440586916 24.270014130625324 0.30484332347686366 0.02256695795632382 0.681778788791154
0.0031189462731888657 24.269471946708702 0.30710190484914596 0.022391082924021755 0.6797430470291574
0.003112965024903675 24.262635451575996 0.3053944883027068 0.02258645112293684 0.682601847810806
0.003110061515316913 24.260104588384266 0.30653315921899815 0.02237117624026847 0.679986249075381
0.0031020676582453684 24.256576683611407 0.2973167840012376 0.02256724485986188 0.6884326499056466
0.003098748939569399 24.25104906215448 0.3018918296941244 0.02261252098462225 0.6841844796913071
0.003093389350631863 24.248842324754378 0.297993999559586 0.022442914903702784 0.6868342645319938
0.0030819230961784704 24.247308474486676 0.2976803248977118 0.022539873030889696 0.6867437362941113
0.0030853433119965887 24.23548439971842 0.29438297213604503 0.022695770403262188 0.6911827639040008
0.003089553777240103 24.233364739986584 0.3004861523311403 0.02240457064320575 0.6847572053708839
0.003091340255280347 24.223167127910465 0.294403118826527 0.02261139865491942 0.6906500749877611
0.003096312460401575 24.218932955836255 0.29965809407517097 0.022600190585854177 0.6856963223037721
0.0030897985943673387 24.216193528959394 0.2994421420007047 0.02235974452105651 0.6845295261295329
0.003084167159038502 24.211413670500434 0.2975564224596399 0.022762969799244862 0.6892943708616703
0.0030772483337192834 24.209522678633377 0.30346579490471187 0.022703292295063952 0.6846195946470425
0.0030641146096746143 24.208835783055147 0.30552030908347044 0.0223288512026409 0.6798998999120837
0.00304965231029309 24.207882541353634 0.2940410775081904 0.022686950402505675 0.691269472069245
0.003035669614016747 24.20695255184408 0.30118962564978363 0.02252328960411763 0.6853388093052486
0.00302142582057205 24.206243061168315 0.2995824650987867 0.02276047533870528 0.687794248954097
0.0030101039073427535 24.203439837575317 0.3028574760821154 0.02272702970085023 0.6849094438034347
0.003014408344128657 24.192382033990288 0.30508248129012644 0.022675557915221804 0.6831123503301246
0.003022370293503222 24.187092977435896 0.30755054809163435 0.022364150712962407 0.6787790089428832
0.0030198607112099283 24.18299797441272 0.3048997381188031 0.022530731322997363 0.6826159930373986
0.0030095759493427576 24.18288984001845 0.3031553473238096 0.022620939987995504 0.6834063141238597
0.002996048691020735 24.18101374074344 0.2943658135312465 0.022676356218149417 0.6910812314975541
0.0030010629258012374 24.168578275377712 0.3033364358592511 0.022333471939208933 0.6818890902691388
0.0030079509548514355 24.165373786647375 0.296623348944931 0.022739791861417766 0.6894078038728777
0.0030002749319790294 24.162684531437282 0.2962290996465712 0.02254470708904096 0.687974268856939
0.002993493442642668 24.15891150656899 0.30787111189010957 0.022512260118929855 0.6795036168065689
0.0029945871271166934 24.1509742280907 0.2943090703024728 0.022543065526249826 0.689987479434355
0.002990083483718943 24.1509229913921 0.29562600266227335 0.022720153836754423 0.6900008983247297
0.0029856329699000073 24.142995049149018 0.29509676045980404 0.022708504811559626 0.6907866595789695
0.0030003230898884643 24.1301288266076 0.30134853284026375 0.02272744638820165 0.6858091810085853
0.0030088083013076533 24.1262886876892 0.30673411877108114 0.022346391593166207 0.6793876360181906
0.0030128253972428907 24.116452378536117 0.30147909974829656 0.02250104248243217 0.6836162800661314
0.003013575722011478 24.114737198124914 0.30791972605354967 0.022500918330406752 0.6799182596333706
0.0030030296751773584 24.112455389557983 0.30327604427586063 0.022648456211550635 0.6836142364655527
0.0030026430969187015 24.104003151353407 0.3047455452976526 0.022509016958394697 0.6813984879172359
0.0030067684150601745 24.098682345876696 0.30850566255434764 0.022488961335416387 0.6792112162554637
0.0030003275859792015 24.097281943778842 0.2960225435960481 0.022461046778492415 0.6881415036641221
0.002988149192184817 24.09583793435931 0.2994938602824391 0.022719298753024423 0.6869910442661435
0.00298749730669098 24.08676068505052 0.29952841506008304 0.02238965718160869 0.6845017746793516
0.002995885910217656 24.079229054138455 0.29560267356026937 0.022657745545343968 0.6901944803121036
0.002993043671844019 24.077656626156365 0.29851713580912453 0.0225613529668558 0.6862776454710877
0.0029798483332433776 24.077102989904432 0.30457664619118596 0.022673001208582465 0.6831356055309323
0.0029668785267298824 24.075444910192537 0.30788627686963266 0.022458351471994275 0.6796258829047939
0.0029591260335099672 24.071418435985564 0.29768510873469745 0.022621891370414298 0.6874038450494764
0.0029505884869144706 24.070316156805205 0.29594227478633567 0.02264011541996089 0.6889562760139342
0.0029370117861307623 24.069765725749818 0.30585552802084676 0.022642494065569382 0.6820752468328307
0.002923287911729863 24.068834769613233 0.29543022862111 0.022655305735127376 0.6895217958290492
0.002912557626353009 24.066294498015665 0.30757569685670905 0.022551171760318216 0.6804789022737822
0.0029079664861168387 24.061176677680002 0.30269587772602097 0.02261953027311809 0.6848646887502972
0.002905616306108167 24.057095688646612 0.29730603436196584 0.02270022208724986 0.6884340448526957
0.002897595010367593 24.05590437656328 0.301493424497304 0.022352538336412257 0.6828661454667615
0.002884821965817703 24.055159526754405 0.2993932601774855 0.022381458772411468 0.6846162169791548
0.002871955928955646 24.054098346717165 0.30742720067874507 0.022386373932187675 0.6789488389378645
0.0028623601365371913 24.051128358808654 0.2978881094922903 0.02267284213937098 0.688722785247667
0.0028567526520936384 24.047306278636952 0.30408931709025944 0.022490595276073118 0.6829063119929244
0.0028472645299720024 24.047081955694136 0.3031187737378427 0.022584170253797498 0.6843200593187668
0.002833571283286439 24.046279211228658 0.2939740388737046 0.022631278131306058 0.6907279331495093
0.0028261973894772984 24.041644455498005 0.2990359820637579 0.022376318680860485 0.6852289018396642
0.002826156647546883 24.035657557614147 0.3029922020442753 0.02243511248659496 0.6832412122649912
0.0028205495864041374 24.034964702338357 0.3064704323375371 0.02244418986541403 0.6798282389834157
0.0028177081013699107 24.027051820485877 0.3029547907008528 0.02234743068291215 0.6817562485064467
0.0028154537300229265 24.02591754692287 0.30265299456662415 0.02269488628563535 0.6845730981986202
0.00280625815568841 24.022982391661277 0.29813949071678575 0.022557649509953828 0.6865536589925465
0.002807350601325962 24.014538433953028 0.30401702409378745 0.02259670687482476 0.6836981433101821
0.002808624325272371 24.01144083830873 0.3022521975040686 0.022481687777328382 0.6829428866053979
0.0027982047558849426 24.01137151502772 0.3009230905398029 0.02271675890802638 0.6859881557731378
0.00278480627282903 24.010469383854634 0.3044859947778055 0.022538729728589828 0.6829575066413933
0.002775357344599119 24.007618747722777 0.3032999634244611 0.022618519976346757 0.6833236206260034
0.0027657536267387474 24.00686727132656 0.3076723284239807 0.02252395855076443 0.6797809772417943
0.002753533242900788 24.00596689569031 0.30287204590179945 0.022350888787364354 0.6824024272775064
0.0027442180345577227 24.003156776333824 0.2991492092395155 0.022753389551385648 0.6880183712855334
0.0027386066457442053 23.999583421851888 0.30388843178398556 0.022345109611091818 0.6810917334078583
0.0027312427094504776 23.998075547542847 0.30368734785149715 0.022472153812170288 0.6818687995448447
0.0027234817084235675 23.99482855237744 0.30057446050810127 0.022739335189449848 0.6869355427688348
0.0027181081056775135 23.991588184057818 0.2943305509232145 0.022676371399136454 0.6908962084392046
0.0027087003471596613 23.991341722650105 0.2993093576817442 0.022413941010677077 0.6847866814304224
0.00269653777682318 23.990194973046794 0.30095963307460677 0.022395158105901918 0.684268190537306
0.0026877795120555676 23.98747319484344 0.2969011981630804 0.022525484438856762 0.6873336929097095
0.002681745899005166 23.98432585115174 0.3076463826270719 0.022421568399733416 0.6794723891520016
0.0026733764160886764 23.98337484846183 0.3004106422703651 0.022432435621648615 0.6850423620796754
0.0026668491821754516 23.978885190465157 0.2960752158450775 0.022467855032814968 0.6881483159677523
0.002662534439011227 23.976284026136206 0.30264602904067806 0.0223494395429975 0.6825261684388995
0.00265307129755811 23.97569766401703 0.2948453804392134 0.02269582462994595 0.6907752167664999
0.0026417435639506824 23.97455764455506 0.2987584632757022 0.022711223195579673 0.688264355370344
0.002630293800292136 23.974123285604737 0.3078237670827472 0.02248885797730864 0.6798634445871072
0.00261912460311366 23.97282995433601 0.2974349125716864 0.022542521835056797 0.6880905328655322
0.002612509445685056 23.968958813724743 0.3063593215279009 0.022355472043622426 0.6797751422624999
0.0026063508292311455 23.967333880193713 0.29674988076428527 0.022436596090274322 0.6871684761215116
0.0025984936426558503 23.96480061515232 0.3081333846999374 0.022427863380634773 0.6790267035989516
0.0025890461501662993 23.96443850682607 0.307794952434993 0.02246784604534556 0.6792546186989503
0.002586900312376931 23.956301187065268 0.3018678556622197 0.02237307274997269 0.6833732612993906
0.0025872972415779405 23.953941431671996 0.304094154470654 0.022352505646317383 0.6809761867335172
0.0025792714211520327 23.952355117965986 0.3023324796015279 0.0224084773849165 0.6824544206248437
0.0025692494228265784 23.951588400472264 0.30553686251445017 0.022510279081663944 0.6809237423167893
0.0025577747228830968 23.951191489704136 0.2998361891899722 0.022364011025489895 0.6844804543752779
0.0025583592634641364 23.941040071075143 0.30083361842080714 0.022483766172670602 0.6840050674512992
0.0025588409492093753 23.940671236960775 0.2991445476938791 0.022752813238910357 0.6879375753222818
0.0025508069262480367 23.937230406886577 0.2990419803458011 0.022741481313692875 0.6881029080942606
0.002542660434953097 23.936980340537495 0.3016509117134348 0.022702445456142927 0.6853449731188868
0.0025329664868699586 23.934805069829892 0.29879876744806005 0.02243478355268549 0.6853021786274484
0.002524174430863297 23.933885056002012 0.30026623450321394 0.02269244404040824 0.6861783582239296
0.0025137578647687064 23.933047948478826 0.29485885357159275 0.022552428786711817 0.6897496839654659
0.002511445262523427 23.92571615385563 0.2988450114014579 0.022554267043623934 0.6872074854746837
0.002508963726055223 23.92499380582853 0.30182102977701136 0.022595111599148624 0.6853472264881112
0.0024990621149259392 23.923626954701106 0.2965110463374866 0.0225146839319599 0.6876146713836273
0.0024924282246448874 23.920327384259675 0.30811411379622516 0.02248671793584423 0.6795078851714526
0.0024986952810763124 23.908638421489183 0.306207242221582 0.02259607962811579 0.6818550828683085
0.0025080033546185272 23.902849033483033 0.29805771798286584 0.02273988008404768 0.6884001593312078
0.002507058890673278 23.899372192186185 0.30207785564842027 0.02257261774175195 0.6849986107691959
0.002504364781164681 23.894992409484356 0.2978646583386971 0.02244200250997846 0.6868010247583876
0.0025002774049486215 23.892635077402772 0.3006818913545943 0.022690347151038473 0.6858737238259516
0.002491485425755468 23.89205335287764 0.3027734909261134 0.02267248241165705 0.6842643672848425
0.002482623160784761 23.889797807984174 0.3078488858795585 0.022521282768191712 0.6797793496902939
0.00247398411179778 23.889076102734855 0.29615789001499404 0.02269642172648918 0.6893762058078189
0.0024661545233421165 23.88620714924565 0.3073023719495174 0.022529416994043483 0.6800690536047487
0.002462259563537331 23.882314708942232 0.30262029208202124 0.022626918365238786 0.6838887890732037
0.0024638912629254338 23.874964316305647 0.29978372452610924 0.022739806991590512 0.6874961500146863
0.002473067138308994 23.86494582887072 0.3024667775249315 0.02235126775009072 0.6822003111272954
0.0024739738252295496 23.8642583887712 0.29803001144029845 0.02274840764125775 0.6887147554256904
0.002469722265595491 23.85845480207391 0.30524577220887694 0.02264872527598018 0.6825805117798226
0.0024734930570697432 23.851264730810474 0.2985207136983773 0.022518281956500106 0.6871189193997752
0.002479364970651125 23.843755083896944 0.303072720596955 0.022448845390627747 0.6821768741372048
0.0024849923594417334 23.836758703489828 0.3028471997645789 0.022353540777943336 0.6823824286536119
0.0024908485151483887 23.829068286719775 0.2985267489530893 0.022618086136849135 0.6867729168408114
0.002489757170705026 23.82764141824546 0.296728405313446 0.022467088336857056 0.6877409090057925
0.002481257752324049 23.825945242449485 0.29699935237948427 0.022574814442384766 0.688614614556982
0.0024735918015881112 23.823883338628153 0.29610054637622 0.022657667427309434 0.6890527829604932
0.002464209249364934 23.823616536853567 0.3053646173180897 0.022551285897229857 0.6814078008592234
0.0024642046389375134 23.813982016679518 0.29627264548432786 0.02269477846929779 0.6892910886067766
0.0024647955948899542 23.813184478457245 0.298358153093136 0.0227450631573515 0.6883594381735916
0.0024552846525272235 23.811804322838302 0.29472343910612137 0.02262142193111279 0.6903661475749288
0.0024455865026475824 23.811208627012757 0.2984319051658265 0.02255849062478767 0.6875058721945058
0.0024348555965571267 23.810729923721066 0.2985321908962931 0.022709358797286985 0.6876693637855333
0.0024247176623063854 23.809704471748528 0.2965346160827459 0.02248068097319913 0.6880086639109355
0.002415810148873016 23.808259743344813 0.30689941349837946 0.022477475672204882 0.6805318967530731
0.0024101690846303433 23.80456303268462 0.30304928977297885 0.022349481937395065 0.6821560129059965
0.0024059908105110873 23.801916750517524 0.2944867670296453 0.02259434294366959 0.6902096339945002
0.002399009379417292 23.80057599690562 0.30333495423372114 0.022357213968296135 0.6820752424101375
0.002389163488077854 23.80036369555784 0.2946048211356542 0.02257200307557891 0.6899370098634652
0.0023852780613844837 23.7940710589291 0.3018539575979182 0.022628212616321034 0.6854998952370586
0.0023822661677540234 23.79311704512881 0.30737344365505814 0.02239938000933005 0.679300667315883
0.0023736161733908887 23.791599975328463 0.3058948216471926 0.02235705891686857 0.6799763391339271
0.0023660674946364524 23.789756440482837 0.30436089781677733 0.022342684319357004 0.6810024097316771
0.0023648275955857148 23.78293010061202 0.30278827074420417 0.022697346220027684 0.6846406989453074
0.0023646603892678642 23.780159444284735 0.30468266408074796 0.02266293939510395 0.6831786021323847
0.00236407370682955 23.773707353539297 0.29738830961399365 0.022593325631685982 0.688483206379406
0.0023645472122068214 23.770023430854827 0.3021396037713976 0.022712212462640886 0.6855249438487412
0.0023585457827418593 23.769070393613195 0.2997070559078369 0.022740273622434894 0.6873501027463651
0.002358391244572965 23.760456688642424 0.29519808371866374 0.022523891835403674 0.689085667917672
0.0023582347049732177 23.759469044292768 0.2971499921343789 0.022552828283803898 0.6883181709885049
0.002352613206375243 23.755529034847207 0.29985337289791086 0.022374295035896462 0.6844998220142041
0.002346025207216295 23.755382281720344 0.3036117962662086 0.022674442263118544 0.6842691230535851
0.002335500048932685 23.75485182229835 0.30647859824145557 0.02237843242359618 0.6796234767891346
0.0023270791211872383 23.75295404301213 0.297723003321107 0.022686071238744793 0.6880476110927131
0.002322911457121263 23.74879535357104 0.2979871004582385 0.02242735956328046 0.6860452806435112
0.00232003405998496 23.745791696847636 0.3045510360844346 0.022445450143406875 0.6811564800557043
0.0023131494369230837 23.745111551602207 0.29592101734611737 0.022621295580057366 0.6889087615736709
0.002305077842850683 23.74317436449577 0.29926868394189665 0.02263407631568743 0.6874363842992328
0.0023029143261032547 23.737392127425355 0.30068991896687375 0.022370721632770305 0.6840172872593254
0.002300361967202139 23.735784730850433 0.3048984414070842 0.022365692563428127 0.6805540554475098
0.0022927818364357603 23.734408629016485 0.3026289564247392 0.022360373150257587 0.6821411688401804
0.002287057316581516 23.73121345492042 0.30080883876947484 0.022428966753910245 0.6837469511389567
0.0022809244879035137 23.730215783056867 0.2970799228605292 0.02270626774420264 0.6887925938108042
0.0022763235419979923 23.725705051735194 0.3003946274226858 0.022511638402656853 0.6857267089440224
0.002272996713501832 23.723592006356704 0.29830285281487595 0.022410879690384314 0.6857895666689622
0.0022708749310417576 23.718038789234363 0.29953953252876353 0.02263136403477438 0.6861516006896722
0.0022664422762503325 23.717960242006512 0.3034962249119551 0.02241467827327926 0.6826018877781651
0.0022605582869102275 23.713722303825453 0.2971976423330012 0.022444167500766755 0.6870992030069918
0.0022559785524973257 23.712501281424622 0.3048367402233333 0.02235655635449737 0.6806144046686854
0.002247136954271996 23.712082654488423 0.2981782629495275 0.022711540317686976 0.6879999408888512
0.002239737894400914 23.709620679997343 0.29604508148609593 0.02253309839051279 0.6888201293421949
0.002232261280625129 23.70930538805962 0.3059894692067994 0.022582704500950446 0.6819173375535807
0.002224575424553802 23.707072078520113 0.29705218036835235 0.022713882720410757 0.6893698501529801
0.0022219493378745955 23.702229772188417 0.30403600347098925 0.022572193247058437 0.6834628345760917
0.0022176261894104312 23.701527503870214 0.3008663229274577 0.022727553072707494 0.6864854253564664
0.002212555833175277 23.69738817136438 0.2974018246641325 0.0225281838032725 0.6870110708711432
0.002209630835456849 23.6947527931547 0.30227295408838845 0.022382051252011037 0.6824600370919776
0.0022056691061154597 23.691568092775125 0.2958425968450097 0.022543694874898667 0.6890337928247979
0.002203000276070967 23.687770679795097 0.30645816705033946 0.02259113101174161 0.6814021223261861
0.0022045080704878018 23.68080060243605 0.3069160208728046 0.022418992955476696 0.6799427081789265
0.0022058295382172484 23.677153049690443 0.2963240595488729 0.02271422949739543 0.6895989597555596
0.0022000120714327476 23.676680297636732 0.3060456025600082 0.022476508800425943 0.6804171244806918
0.0021924727091655704 23.674636217665235 0.30434076513440234 0.022649847221227187 0.683559005764347
0.0021890052837465162 23.670472548426712 0.3057842806058114 0.022509375567908285 0.6816461360990547
0.0021857041912664837 23.668281473484036 0.2996674752939463 0.02262146079997928 0.6859790056147157
0.0021790968289776944 23.66717008486525 0.299617511623035 0.022651242297303132 0.6872677068318724
0.0021701655974297397 23.667156387701528 0.2972264744269752 0.022611488713125637 0.6886991191980081
0.0021634092856291846 23.664083432449946 0.296651234108861 0.022486281463145075 0.6879472168260794
0.002157602815973845 23.66321569192996 0.30612240021786385 0.022442469931121114 0.6801435532924865
0.0021534002558770736 23.658682558338036 0.3045121220149772 0.022556414244869604 0.6829779107129186
0.00214850995027697 23.65846226719623 0.30598408173772595 0.022478476337168006 0.6812480834750378
0.0021404033676008464 23.656964461423073 0.30020942235452713 0.022446627760247147 0.6852467173140707
0.002132547597884873 23.656552299867865 0.2952457002356443 0.022551042191868147 0.6890911824306879
0.0021260078643301813 23.65385861314567 0.2994977036827217 0.022418745080204736 0.6854143045515934
0.0021190845311468407 23.653837676745184 0.30122880579641287 0.022502213716704928 0.6850355997001074
0.002118772641847712 23.64493700121269 0.3042877622214515 0.022620313168464353 0.6835071928860463
0.002118933996223769 23.644429507579694 0.2993107727164228 0.02242029633025464 0.6849205490065512
0.00211104374511622 23.643178295810237 0.3022262298362681 0.022704852692284026 0.6853723020028895
0.0021032437517413947 23.642627903047114 0.2977914502994448 0.022690832423234802 0.6880811239025781
0.002094966220159046 23.641877008109134 0.29941511081077554 0.022455908715132932 0.6849872654475843
0.002087692318676399 23.64041104379671 0.30712906202610984 0.02241275120238923 0.6796162370822536
0.0020828804936338804 23.63733000585257 0.30550999822752567 0.022419171936088386 0.6804005678696877
0.002079069975955723 23.634916141641835 0.3040393265888194 0.022377013436665948 0.6811992897142791
0.002072134428015288 23.634869152983434 0.3017726938369284 0.022707082744581778 0.6857807457287591
0.0020630798891125286 23.63455046936612 0.30015308570040555 0.022658424852246176 0.6859797231515548
0.0020565185482495398 23.63213041936477 0.2979020537363142 0.022563128137258512 0.6868644684761537
0.0020531770497847785 23.62869991970183 0.3019247484166883 0.02238004658158979 0.6833052879857975
0.0020480019361896824 23.62808105127863 0.2986346747108514 0.022614435400057455 0.6867034146956896
0.002042068926200577 23.625421876070817 0.30534165043012373 0.02261062831382028 0.6820938612541131
0.002036073388067996 23.62488995615658 0.3035538733341615 0.022649246267156614 0.6835884441681885
0.0020329305744584106 23.619454947200758 0.301446973996152 0.022705765002925715 0.6860556531035814
0.0020313931469599575 23.617336110442995 0.30427545943730794 0.022620649124100226 0.6828221927656809
0.0020257682026399693 23.615950596683966 0.29705590981874597 0.02262587941796578 0.6880434262167432
0.002018179439026129 23.615807739281298 0.2973125527696766 0.022595363937894755 0.6885111572682578
0.0020101258663510527 23.614929720217788 0.30198979716252083 0.022513966721591294 0.68457048405453
0.0020019832167924414 23.614923891532115 0.30334930117227593 0.022684233555965962 0.6842917445123755
0.002002982054652264 23.604953232266617 0.30271417063307327 0.022693467231466397 0.6849442999772148
0.002007820987651776 23.60106347980066 0.2985587146955793 0.02242943281049287 0.6856025098086493
0.002003095523141753 23.60065812699631 0.30192044875495383 0.022707502211519067 0.6854566191105256
0.0019966075080768237 23.598562072391104 0.30715007845211595 0.022466663834260964 0.6801317524098505
0.0019916210040528464 23.596678166262777 0.2978992660327722 0.022426647214144873 0.6863338810582909
0.0019858416150038438 23.59540433907557 0.2967241322285469 0.022574714302590185 0.6879153475106339
0.001978538009776012 23.595092265990527 0.3024930895684956 0.022633182046835804 0.6849884548059416
0.0019739040692256216 23.59115242612085 0.2972725383365453 0.02244842229447129 0.6870354858883005
0.0019721227886754004 23.587954686180193 0.3033787196169955 0.022354712295977526 0.6818208774767498
0.0019674003187914522 23.58701262316666 0.2964704065204069 0.02249954555690254 0.6877029443122257
0.0019615413428236044 23.58499972656373 0.2969280577390921 0.022472880599375286 0.6871942859473923
0.001957559319211194 23.582165126110283 0.3071329282825161 0.022511293669708932 0.6801420907105354
0.0019569488025245494 23.57671749455665 0.3021838079572718 0.022377133193920404 0.6830647821235931
0.0019550655468058868 23.575176194516988 0.2987847264576176 0.022727601883696987 0.6880760617320202
0.0019479965717190116 23.575067901085184 0.2995222897483884 0.02269538815214679 0.6868537957667695
0.001940835369256474 23.57366340631574 0.29907324391494156 0.022535655266906728 0.6857642703114846
0.0019364279766499596 23.57074607740174 0.2972258376462631 0.022454992016514172 0.6869027327556182
0.0019311227050772426 23.57028855205653 0.2986210131224154 0.02270161426981827 0.6875965399948526
0.0019290547993486332 23.56404298993161 0.3047619117205883 0.022362803244442075 0.680782524897279
0.0019270248499616827 23.56353305034556 0.29627488555664905 0.02248794604604803 0.687938261578395
0.0019217784375500052 23.56065649461719 0.3020312128680626 0.022548365508232034 0.6847927406412422
0.0019209289360621038 23.555582379332638 0.29741199614997554 0.022505635830019806 0.6876634604944318
0.0019174969455955405 23.55539408814326 0.30195916781175525 0.022624272658002917 0.6843913125278295
0.0019107036717495502 23.553862279110888 0.30301078072439624 0.02246387120996783 0.6823798433211511
0.001907614336981382 23.54982128246348 0.3069148591367031 0.022539376932486373 0.6805597457291621
0.0019034467182478746 23.549428190075474 0.3018445439238901 0.022594473352231855 0.6841979717622592
0.0018955270953170318 23.54937154160497 0.3029646646456878 0.022446691476963765 0.6832606918756212
0.0018876648985858503 23.54896834916361 0.3017937827855696 0.022641316863207646 0.6846750116019549
0.0018821358392561171 23.546478162493933 0.3070643244434923 0.022531976864902895 0.6804465767647192
0.001881448545102348 23.54094471951361 0.3025457926889664 0.022419101765491604 0.6824574451776824
0.001879685062618721 23.539589778441762 0.3056130770493841 0.0224420253097234 0.6811983938722939
0.0018746548222198704 23.537558094244496 0.29635948356130515 0.022704579284757487 0.689616073573984
0.0018709984992820498 23.534756051885132 0.2966085718343863 0.022692656411251125 0.689113503322032
0.001868082820560131 23.531943828181753 0.30380947840830924 0.022397031490940272 0.6814639287245123
0.0018681319417379353 23.525976868080747 0.30537799139132976 0.022512481014873423 0.6811512236178656
0.001865770929099569 23.525735424806133 0.3012458065914356 0.022401800806174564 0.6833588460625173
0.0018592615884202872 23.52425150142389 0.29732543993088856 0.022638879077672616 0.6879673818612443
0.001853016907134327 23.52376038640965 0.3028754598008159 0.022377868708932852 0.682567101950235
0.001854549429965879 23.513915965909547 0.30101484514293986 0.022519194357438314 0.6853009807076349
0.0018567556604144662 23.512647987833898 0.29600856424377553 0.022689820540659864 0.6898115684893851
0.0018503363484230827 23.51214429352612 0.3047433078056969 0.022456551635971378 0.6811592034215737
0.0018447838352136268 23.50997301629287 0.3028655277132208 0.022588913007021986 0.6844284522525375
0.0018389962462908125 23.50975239551696 0.30608575876905064 0.022558363828787127 0.6811561106464044
0.0018318962272532513 23.50904878372493 0.29674028140521136 0.022482554847064712 0.6874446486558321
0.0018264328217403136 23.50707694448943 0.2997115638916094 0.022479824407793864 0.6849226334849029
0.0018223498268319048 23.504883239401664 0.29666766261385336 0.022664132721483682 0.6887534681618284
0.001818176325550859 23.50302878264681 0.3022911946436549 0.02269014630330839 0.6849740228366613
0.0018129193881097371 23.502050753516272 0.3044632766387004 0.02256072618739998 0.6830035747583645
0.0018069980060248397 23.500960933623478 0.29925648159635376 0.022406413290136307 0.6852997190129083
0.001800348742446033 23.5008257905174 0.29865472622918665 0.02262001637592443 0.6867663954943366
0.0017959879085799888 23.497225512898016 0.3003024663702125 0.02261507441974724 0.6854941806076946
0.0017962223216192114 23.49197897249171 0.29712002134015575 0.022668574053670214 0.6884305557415532
0.0017936898703061813 23.491456080657194 0.3024298967077056 0.022512540294350014 0.6842086437826468
0.0017908678616397346 23.486555275287145 0.30626165244588477 0.022431088538010006 0.6805403916954389
0.001792576307365893 23.48096870507056 0.30201050902754084 0.02242730386499822 0.6837439510097776
0.0017906371253011318 23.480134143113435 0.3057153503067786 0.022400022232024426 0.6802560494512739
0.0017844741921457842 23.479298190396648 0.30277042336203097 0.022469177785789125 0.68359102242001
0.001779260765281135 23.477431036461816 0.3019316196779034 0.02257844370582809 0.6850608121491826
0.001773333615863499 23.477427350034674 0.30245453841742964 0.0226909178468657 0.6849421945625962
0.0017719789076918477 23.470430862314284 0.30341091590419733 0.022504755788086733 0.6834091094086666
0.0017718826260346716 23.468983641318744 0.29918940551081885 0.022722271556543695 0.6875811216574167
0.0017657999116452608 23.468779499997275 0.3028735216562112 0.02266886429739122 0.6847657564630373
0.001759391924054183 23.46773934562618 0.3008882610501313 0.022574334087764363 0.6847261434351759
0.001754216979838962 23.466165892483946 0.30675819845386015 0.0225053895104342 0.6803240908095056
0.0017512860365318473 23.462586917811322 0.29902370061046224 0.022593521955701284 0.6872786525921762
0.0017481502693450408 23.46125432579961 0.29627534486869955 0.022615361364709423 0.6886530140499856
0.0017423881900795212 23.460708061779197 0.3057612872252998 0.022599616721282616 0.6819681724144306
0.001736122374615006 23.459990535485943 0.3041128443556731 0.0224577073716349 0.6816021212840232
0.0017325197874014815 23.456403809603287 0.3019739885598315 0.02244529935824017 0.6839436983481018
0.0017283910617365643 23.456305627770085 0.2959223238237142 0.022677928523369733 0.689622734818126
0.001721579984954686 23.45586094616796 0.29559430566438216 0.02266449526239741 0.6897958748505327
0.0017177277365383662 23.452356740476983 0.3023141879061838 0.022372995921011257 0.6825383075060634
0.0017135377140566441 23.45231862521876 0.2953276434584574 0.02260853526023636 0.6894939563046121
0.0017090049474667872 23.44924195819478 0.2973578863838882 0.022709050009573767 0.6889959745603969
0.0017053784231604821 23.44815765161303 0.3030948853984431 0.022507840650224063 0.6836661806956884
0.0016991677805078239 23.448143567622147 0.3053846578143759 0.02259143427560563 0.6823732556768108
0.0016945724217578481 23.44519033161925 0.30511876020856626 0.022611738934452726 0.6826639126678278
0.0016977844510295066 23.435982992851784 0.30418636897689305 0.02261765714751579 0.6835066202730301
0.0017013777599879385 23.432544214520256 0.305673637151763 0.0225034626374332 0.6809256534487356
0.0016984483769276442 23.43103357202221 0.30024592835430547 0.022521076898438457 0.685848624484003
0.0016939138961760533 23.429506463429835 0.29671435721023165 0.022501773345621187 0.6875595969068374
0.0016901789396415307 23.42707221511323 0.30458255855855315 0.02253788750586573 0.6818929394639582
0.0016868419256052393 23.42508828730297 0.29924030743027097 0.022621811386349208 0.6873054516272481
0.00168255455292371 23.423799726455538 0.30055033622960814 0.02271283116334289 0.6865322746488393
0.001676929698902256 23.423434759525087 0.29739618243985766 0.022529768282095925 0.6878627489242379
0.001674844165492431 23.41794982887546 0.3038807860261525 0.022644608600045985 0.6834321767344476
0.0016752578408508732 23.414589050729354 0.29818628138074815 0.02271736245302212 0.6883642518773397
0.001673559348369804 23.41163427203457 0.3065204944905215 0.02250818376107673 0.6809158743457273
0.0016691693714889996 23.411505152468745 0.30528157690183966 0.02261286374494471 0.6824474193551874
0.0016677463523614782 23.405018539125216 0.30544786103389854 0.022395489916643637 0.6804497796359504
0.0016689340582792317 23.401739087717292 0.30379116358482067 0.022376943316348367 0.6814918841358758
0.0016683232653970487 23.39741941164575 0.295921578683032 0.022619074264071063 0.689494755789022
0.0016701933221246927 23.391166673040008 0.29817522645404165 0.022452079799198364 0.6860895985837865
0.0016699158110986725 23.38940636607604 0.3025809290580792 0.022422510036730264 0.6832583963854136
0.001664916131252378 23.388836536057795 0.30039552843378814 0.022601512919329304 0.6853317713100305
0.0016592981062807414 23.387851544789143 0.301912373797597 0.02259668695704644 0.6842077293608978
0.0016535291822576577 23.38749833544892 0.3063022908575796 0.022552036087591223 0.6813272786931884
0.0016517770662117827 23.38168029784338 0.29839375816605257 0.022443693068220385 0.6862900263843291
0.0016523435586094824 23.378505411164536 0.30231632417684895 0.022666236569722366 0.6846658338533004
0.0016493863546659154 23.37696572647203 0.29635942802361814 0.022519839480812272 0.6883461607844641
0.0016467173240329155 23.373457000259606 0.2980518109671384 0.022668341788083628 0.687727744561665
0.0016478866065111313 23.367260362620378 0.30524947847807066 0.02241279778015013 0.681129565242175
0.0016473568356588555 23.365799816564035 0.3037074551181006 0.02264996389615749 0.6839565707226746
0.0016469079119474275 23.3595244800706 0.3036962315066817 0.022618384444541968 0.6832423055363044
0.0016458991870340995 23.35872722758612 0.3023420706965915 0.022504232702534037 0.683170214434175
0.0016402467586864092 23.358127783736197 0.30195933826630994 0.022378992115575064 0.6831069824937996
0.00163593143152705 23.35572901002455 0.30338622761819445 0.022644070800407517 0.6837360793040509
0.0016339571439585613 23.352280084817398 0.29729703120532547 0.02246672091456281 0.6871294637805472
0.0016309264929535595 23.351181090963802 0.3010174522427476 0.02269256948089799 0.6858789627834732
0.0016307339196548255 23.344269999190164 0.2976997523057665 0.02270833961400911 0.6886270635589589
0.00163021789232455 23.343545402331518 0.30139284550804846 0.022668400774082966 0.6859196485242517
0.0016265822326116846 23.340487948408708 0.30026874667406955 0.0224060470638216 0.6842339552423079
0.0016232499259696584 23.339401975852457 0.29941584849427144 0.022413887878486763 0.6849897305959508
0.0016188117932208698 23.337730040339423 0.30474363037681007 0.02262328904834793 0.6827558527446841
0.001614465503697252 23.336553271938797 0.30195265671320004 0.022489149880228713 0.6843305253060827
0.0016088561432421242 23.336476607683707 0.302692446193849 0.022423845123124328 0.6831754636225766
0.0016043556748990679 23.33395227335076 0.29994867183883034 0.022468722583578928 0.6847206672045056
0.0016024082015678237 23.330705709722334 0.29606540528841147 0.022649040245325804 0.689550772037669
0.0015986113509536025 23.330500661265614 0.2999087823700084 0.02241582749083064 0.6849784973337214
0.001594371948844369 23.327833329915915 0.3020243583614705 0.0225690559205738 0.6848933022078509
0.001591722409870406 23.325646715738387 0.3061445945421341 0.022467261348412447 0.680900093005512
0.001587500496598965 23.32497284781477 0.2997421038916189 0.022490987005587954 0.6859128510991528
0.0015827237174522797 23.323512479730574 0.2983341225541013 0.02258360796186818 0.6876535674837472
0.001585112785995612 23.313812677938696 0.304726427503195 0.022623149931345597 0.6829317729494679
0.0015869771249182117 23.312967972363378 0.29673484356760127 0.022637199213341917 0.6885098006965232
0.0015827653316200032 23.310966702589425 0.30494267729894536 0.02253629008112032 0.6816859177827256
0.0015783945970903324 23.310344573111983 0.2959577135359869 0.022559060136097944 0.6889264614895726
0.0015729946859973111 23.309678503821704 0.2999420001506462 0.02269700286252252 0.6870874851514712
0.0015703738085202546 23.305546873499296 0.30144926531463007 0.022643648107775728 0.6850048885994089
0.0015689527263651115 23.30335199478202 0.30422720065559283 0.022379109064821795 0.6813040691095803
0.0015667664190211893 23.3002072983929 0.29766579452577335 0.022506190713402353 0.6867817341051311
0.001563006424211923 23.300032767586828 0.30350818132829027 0.02265820772515084 0.6840195725002134
0.001557774539306237 23.298801803431243 0.30091099319634007 0.022682987509086622 0.6863147284771476
0.001559855257730535 23.289269581726344 0.30631279222309166 0.022529736887967687 0.6808766865863313
0.00156297448975379 23.28666323810515 0.30651353020670813 0.022529975373108392 0.6808651136878592
0.0015600143687020836 23.28494379337092 0.30630753034013236 0.022541695219564555 0.6810294002048269
0.0015579065406306153 23.281258038172638 0.30468213908419794 0.022594807526505833 0.6824243698775703
0.0015558497850591327 23.27947546233967 0.30014568928019575 0.02240585920949735 0.6843876780809116
0.001551131448627294 23.279233327521094 0.3029790331834631 0.022650933980440956 0.6845561366903379
0.0015468153194298977 23.276959847394732 0.304681595820927 0.022581877857092158 0.6822861715146283
0.0015426726931073915 23.27651411191585 0.2960286013339916 0.02253818515022609 0.6885569269178966
0.0015370944051885701 23.276134604982328 0.2997668107906952 0.022546026144552946 0.6863542530766131
0.0015321513421774572 23.27489610767267 0.3007538888087799 0.022401778858191668 0.6838683752705748
0.001529139495416031 23.272017309084845 0.3051805676397827 0.022570052543343353 0.6823863854964238
0.00152624492013673 23.270635406746546 0.29581478679886775 0.022566420091517426 0.6890142606792536
0.0015229071291892398 23.268354885443095 0.2968033071134569 0.022534021862272848 0.6876983524453903
0.0015189282123785849 23.267832509433 0.29970745183451897 0.022618792866665974 0.6860212476827309
0.0015145439299783417 23.266111623933803 0.3005066380333566 0.022697981844368467 0.6863638796504337
0.0015117968467843654 23.26344480349724 0.3018706850617492 0.02259483209184514 0.6842510071733356
0.0015104890224536495 23.25982700337268 0.30503790781585155 0.02260704935602631 0.6825802633778951
0.0015074525510040317 23.25945518672301 0.30042745782893115 0.022623588541448716 0.686411658829698
0.0015034536087011818 23.257137993705253 0.3051728802646992 0.022601653146953987 0.6824388226491912
0.0015004825078394415 23.255413886714855 0.29654392650892414 0.02251467119522187 0.6878936252754873
0.0014975414574565323 23.25307152046766 0.2980766437662135 0.022450673755459418 0.6862998984238518
0.0014936938184440314 23.252574415768976 0.30278255849360547 0.02259366926245133 0.6836193718057051
0.001490788041557838 23.24899162226811 0.3048297802149088 0.022582799653068232 0.6822219001486693
0.001489275609249287 23.246628138714318 0.2997460515040822 0.022543223273741666 0.685380186633303
0.001485658831410792 23.245886080120343 0.30581764966608493 0.0224517145091694 0.6805494028308756
0.0014821667433635437 23.243375880346704 0.2965900346857292 0.022536044696707003 0.6879197046439873
0.001478334479141956 23.24310976711437 0.29580462409132563 0.022614064854424076 0.6892087051106053
0.0014732359653389412 23.2423431722681 0.3051249023823148 0.02245625534015656 0.6816149866073938
0.001469687934148601 23.239998156214412 0.2988187907592781 0.022685071162430872 0.6878628688763118
0.0014666159113038168 23.238598027957817 0.30298502168337327 0.022657533516674593 0.6845267529016973
0.0014618827616921044 23.238542957729994 0.2962168259675829 0.022583820052781603 0.6885594184844691
0.0014564045244731436 23.23819821193493 0.3023609997826592 0.022587317137551317 0.6847364836281392
0.001453590673688982 23.23451111368616 0.2979931868197341 0.022478565590799113 0.6864020034919667
0.0014522489385392378 23.232142796324602 0.30429620035659344 0.022392462234338693 0.6815507721894883
0.0014492989108972898 23.23068261817583 0.29627022904762823 0.022541425090500705 0.6885348810814155
0.001444829161425007 23.23043445560752 0.30200243494372836 0.022665579147430472 0.6849246870459224
0.00144145863276844 23.227477125472618 0.3017881729033362 0.022655124505096588 0.6849308376421683
0.0014389692006814487 23.226016063286835 0.3014320467338192 0.022458254521029265 0.6835671580776502
0.0014346253560647904 23.225658122967165 0.2989164577204664 0.022633118210993126 0.6875513651993904
0.0014298650843674167 23.22480796689201 0.3053208402003811 0.022400690716238472 0.6807688835402275
0.001424976594934251 23.224661610047523 0.2969652602757788 0.022532042050258 0.6880756424870158
0.0014198724790580163 23.224149153641996 0.30158725320746965 0.022508829749566 0.6847357731327834
0.0014173609458539205 23.220375432445266 0.3061622205028492 0.022475237173824554 0.6805250999149817
0.0014204192252995024 23.21201563957145 0.3041656933794775 0.02258130858142578 0.6826169869306562
0.0014231023904855732 23.208744217481936 0.3013175309713209 0.022476104728304986 0.6846404851620727
0.001421203649762999 23.206845909947763 0.29734084306679776 0.022651921735970054 0.6881913005417345
0.0014187416566799013 23.204379242797934 0.3049949065670546 0.02259859367368653 0.682366378964556
0.0014151960196819367 23.204022803820042 0.30527651010015217 0.02257029365796829 0.6822669451938896
0.0014105802571989182 23.203096316405574 0.2997712305675543 0.022677468159290216 0.6866023346962169
0.0014064401069168284 23.202092989727344 0.29771432747106075 0.022519007412109163 0.6874850868994049
0.0014022494286934741 23.20126417505393 0.2986788193164152 0.022699586207132718 0.6877453388460578
0.001398057149157657 23.200289543953506 0.2965029958706798 0.02257004109216366 0.6886858180463802
0.001397023325644725 23.19496076621981 0.3006490354120857 0.022619352289846982 0.6862055930286395
0.0013955521015585636 23.194602999786266 0.3061827619578016 0.022539448151982215 0.6811849053853589
0.0013907496052588432 23.194078052651637 0.30393705792264486 0.022509108583683976 0.6829713628219762
0.0013870198831283471 23.192204901422276 0.30549561897011757 0.02256808838639095 0.6820428847900782
0.0013838875904441793 23.190835878459893 0.30262896335395134 0.022487900632402354 0.6828953909788122
0.0013805709912051184 23.189247169320364 0.3061890229412615 0.02244422016579622 0.6803724954224923
0.0013784442936397292 23.186168337467297 0.29964464099930144 0.022450153176538385 0.684920484485149
0.0013773446051733396 23.183093002396312 0.2969361008162569 0.02254587583158287 0.687684457417663
0.0013765471588219828 23.179578592288536 0.3039855943622705 0.022496403230477812 0.6828297913702094
0.001373766756353408 23.179390502148493 0.29972404702190714 0.02269131628488792 0.6871718349129186
0.0013694883754244067 23.178082801990236 0.30184073133829875 0.02260915116784562 0.6852470622027189
0.0013695204946972078 23.171618934901073 0.3028283873149415 0.02246623440849753 0.6834428125599497
0.0013687740782526115 23.171429519492683 0.29743530012809233 0.02268189290286028 0.6884984477875771
0.0013644214757808175 23.170264787022962 0.29785371120603754 0.02259590460675712 0.6872793917236337
0.0013607438236308634 23.16911047640665 0.29618918898238544 0.022557611984162954 0.6884850151217041
0.001357047438697582 23.167995347524204 0.3051850861281271 0.022409025352640465 0.6810014488913472
0.001352588606392147 23.167991589004057 0.3034903896124819 0.02263646502177217 0.6836759149450744
0.0013475315080651814 23.167796389159818 0.3023002592194225 0.022506295314977547 0.6832606826187914
0.0013434787228500961 23.16633377847524 0.3043616878001176 0.022580729091880955 0.6825085808053892
0.0013396454500064223 23.16583571369418 0.2980484395068844 0.02247052941728257 0.6867248737081373
0.0013358988213591266 23.1642682857579 0.302287793125347 0.022508590092873048 0.6842052907524121
0.001332400466819616 23.163419265562535 0.3038206688834215 0.022388453478264025 0.6817734367095236
0.0013297052022633337 23.16066488664419 0.2999629468654769 0.022683671561959138 0.686978044665041
0.001327997634806229 23.158337193040577 0.297872987946389 0.022685115385262487 0.688181970223892
0.0013247615542946087 23.157898111877884 0.2977351980739055 0.02251646375487335 0.6874302732675008
0.0013215436080724317 23.155563972828784 0.29967878660296116 0.022678621950253684 0.6867060230775511
0.0013180682545673647 23.155531578807167 0.3028883760549911 0.022397952099952368 0.68264623003308
0.0013130817432018967 23.155523065023896 0.29855754674896257 0.02244760671946527 0.6858927888920456
0.0013088051711624788 23.154443209645496 0.297572363920404 0.022487029968862482 0.6868605495886406
0.0013073207633717407 23.150186817880314 0.29632028945897926 0.02260996405882742 0.6887161824090198
0.0013056181223960065 23.14943859453256 0.298572053126824 0.02268803714210788 0.6876682763412341
0.0013020499794752754 23.148060907062366 0.3038024160340222 0.02249979973398921 0.6821833243383847
0.0012995862586871478 23.145632927455132 0.30035417470965464 0.022481759594254077 0.684535439114187
0.0012966903706242482 23.144932335560735 0.30303629064102416 0.02265351134160305 0.68440349768977
0.0012925756082623587 23.144408941635128 0.3054666538588242 0.022576208056619338 0.6819399771021335
0.0012881440630713229 23.1442292693611 0.29907782020400675 0.02262832345685175 0.6873841974192518
0.001284368622175177 23.14271579485957 0.29948839161374363 0.022570608033093707 0.6858098982736582
0.0012806949378407456 23.142400734062303 0.30408634141655744 0.022399126660813895 0.6817523020371986
0.0012760949599288857 23.142364687509 0.3038102319718389 0.022448147256159005 0.6818431467572853
0.0012717541380790564 23.141676851809997 0.2981777366403642 0.022505783968431527 0.6870406162557274
0.00127120392929852 23.1357011734352 0.3018105376104365 0.022677730100275066 0.685419090486528
0.0012703987421646811 23.135398986007345 0.30030878790455495 0.02269343037912237 0.6865453909782784
0.0012660421000082734 23.13504422101768 0.2961162921688344 0.02256291344544696 0.6886656754334952
0.001263174371590975 23.13241434200815 0.29915852139395904 0.022675722164059657 0.687542498668304
0.0012609263352653841 23.131088242662486 0.30229653792115196 0.022618655531804876 0.6842259425385727
0.0012584632031821057 23.128813606063648 0.30474659495045053 0.02250524307495147 0.682284315107967
0.001257926461522793 23.124433741190035 0.30591323144101656 0.02246750792750073 0.680993589457462
0.0012575318455545711 23.12192747928388 0.3061575959851957 0.02251639794593978 0.6809562704690969
0.001255900272323027 23.119523043213743 0.30370195664309874 0.02239264861650417 0.6817679847496998
0.001252895028171088 23.119216471685007 0.30283041523493226 0.02265201068329474 0.684585289087769
0.0012484394946306898 23.119155879132578 0.29647476085576213 0.022566934070122224 0.6882731319079025
0.0012438230859249172 23.119142709453627 0.2973905792685455 0.022614591455596276 0.6884429421457318
0.0012394446818626594 23.118734389948905 0.30163991116025 0.02239494056387272 0.6833654164635851
0.0012378753136514666 23.114210716771566 0.3028705716160136 0.02246992613019989 0.6826299625703296
0.0012380283755227734 23.11101319652053 0.30008195664940696 0.022419606842482287 0.6845453341297804
0.0012375715527257081 23.10747896764124 0.29764573421382434 0.022622468366751802 0.6876969654806584
0.0012389194002615617 23.10136924239817 0.29945116251931586 0.022483174805934477 0.6852597239772444
0.0012402131938023706 23.097909407808164 0.2991808960301333 0.022653746059406493 0.6868075482683963
0.0012380485382978775 23.09738875566086 0.2965480918971958 0.02254486635075256 0.6883465676541334
0.0012359519315338957 23.093835129175034 0.30112485570595354 0.02244817931812027 0.6837856640590669
0.0012337680990021141 23.093459786517727 0.30039742860828944 0.022688175494566996 0.6864098778562422
0.0012307406747397093 23.09129314748899 0.29963741594815674 0.02260365286318764 0.685986305314143
0.0012286200858086986 23.08945595461678 0.303076288026519 0.02265035175508021 0.6843038204112194
0.001225958071983932 23.088183568173648 0.29901177964393527 0.022451472887234484 0.6858800695577697
0.001222321962075216 23.08795634402784 0.2996485749982937 0.022656289739362775 0.6870985327307151
0.0012184383164716322 23.087116263220928 0.29766578351643114 0.022596415421848308 0.6881263620378054
0.0012161350549989495 23.08431487474351 0.3036751048471543 0.022480371055332904 0.682152258826915
0.0012138741097553753 23.083413228821083 0.30344826406579584 0.022639964169616576 0.6839780548865243
0.0012111412893192556 23.081405886166518 0.29999563150212616 0.0226472269257795 0.6868012164643584
0.0012083141212132337 23.080674564430097 0.2987715658894782 0.022551550070780465 0.6870385386666025
0.0012048081224812711 23.079812668839807 0.3036827018791792 0.022439548591666733 0.6825181389891328
0.0012008809928655086 23.079807156382124 0.30408089238885405 0.02249623671442624 0.6819932757971905
0.0011975976522031874 23.077898897003454 0.3046576070155015 0.022535737452300666 0.6825537065680225
0.0011947236273144655 23.07722714124161 0.3019012816170223 0.022467623471631785 0.6833190401508983
0.0011914939768762232 23.07593487644775 0.30217760657580073 0.022603936119998794 0.6841771259924543
0.0011882186458465347 23.075360621796285 0.3053694604016305 0.02249373882367954 0.6811705444042748
0.0011874340764620574 23.069893244391597 0.3047220142170323 0.022513191814576058 0.682342174046337
0.001188291315486801 23.06654087194864 0.3042166600000985 0.022540074284316848 0.6822549021921787
0.001186375801594789 23.06574925245751 0.30397380625888726 0.022490021235239924 0.6827524310815292
0.0011829653250059696 23.064937471746344 0.3010544358307375 0.022646683927215458 0.6859974385594586
0.0011791790863220728 23.064807115196437 0.29798015685292245 0.02251447817620077 0.6872215270830275
0.0011757991249151138 23.06333223723184 0.2996897607046541 0.022685985862630497 0.686868531764075
0.0011727147907541308 23.062719354511227 0.29770650275744287 0.022496669506360603 0.6871844648567642
0.0011698221688277786 23.060937463156435 0.29843976869049715 0.022686134872666602 0.687826371251163
0.0011666191036907398 23.060873869217303 0.3037252417471847 0.022479290222930385 0.6828516614322298
0.0011628140223817792 23.060150775132957 0.30210672917230696 0.022425115997974882 0.6835098492705388
0.0011592513010983514 23.059697346259547 0.3048555612932676 0.02247576092945495 0.6819337253878519
0.0011554411841503656 23.0594289988825 0.30554851999058635 0.02245539523207096 0.6811646430467184
0.0011520059389460995 23.058353579101368 0.3060243675811888 0.022491049045565568 0.6808327675433921
0.0011494563815046144 23.056566709990147 0.30040556910711136 0.02267670625658825 0.6862241978735821
0.0011466332879010758 23.055982615364446 0.2989211214589091 0.022621861247287812 0.6867030300398435
0.0011428475754204992 23.055899967406614 0.2979455407841961 0.02261636725647642 0.6880647351384233
0.0011398948122226247 23.05388284630753 0.30358821384381607 0.022626629550642388 0.6838534465249884
0.0011369670418230375 23.05377348661449 0.30387120378551535 0.02245179478551864 0.6818536975607137
0.0011329339167651402 23.05372907693389 0.3033620319343475 0.022396357903594753 0.6821670485331841
0.0011311057582471754 23.049750098053607 0.29777672670868904 0.022589275541909842 0.6879884072130584
0.0011319066339745526 23.045056178881442 0.3008087831790486 0.022661826756725012 0.685749888237926
0.0011310066384814966 23.044078636668125 0.2982936784946598 0.022464185218715904 0.6863996837536157
0.0011278428139901405 23.04340787868852 0.29973671143951414 0.022465892489401718 0.6855807525744186
0.0011261095435376822 23.039910300936885 0.30409764967947694 0.022405413273453415 0.6815539771986383
0.0011241178299690189 23.039702037890322 0.2986426188841573 0.022651831196169765 0.6872204966531492
0.0011207798117982015 23.038621751433105 0.300939644276495 0.022470788150977562 0.6848087100233684
0.001118191017254097 23.0370959088796 0.29786845607864415 0.022519149533421143 0.6873253731882295
0.0011150966512509747 23.036938242467837 0.30058957018419796 0.022501688153378014 0.6845108168358996
0.0011117948716852816 23.03580838064347 0.30052825640956626 0.0225166505311722 0.6855140195219301
0.001108865292863262 23.035002318526978 0.3033282020508744 0.02258827822718447 0.6832767872431291
0.0011055206553730495 23.034643882439195 0.30570577684581585 0.022480130857588203 0.6809116623544205
0.0011017996788992368 23.034546695575628 0.29755651227124474 0.022672013728071018 0.6885369361405902
0.0010981542268365433 23.03408089824301 0.30394480012318675 0.022592225862119328 0.6829355949135624
0.0010946566224013623 23.033742532329505 0.2990860495690716 0.02260215197969814 0.6864072753736248
0.00109149551453682 23.032687083838603 0.2985465737635213 0.022671195034341535 0.6875267029623326
0.001088224314223786 23.032573841336628 0.3057579288448057 0.022502305863363884 0.6813530558711061
0.0010845596315673038 23.03226957352247 0.2998631978795407 0.02268451797369869 0.6869547519867755
0.001081268395613915 23.0314949863712 0.3046945111311876 0.022561692283529174 0.6821778606041559
0.001080257733584844 23.026989330154105 0.3056366450404247 0.0225354119379218 0.6816535748295585
0.0010789451423509038 23.02676872983456 0.2991407447816978 0.022683073878964274 0.6874922224944413
0.001076109892595593 23.025105383839897 0.3030426464925682 0.022639827577552545 0.6843299030979717
0.0010752132365960862 23.021293498299958 0.3002642141123145 0.022654986166200305 0.686611074874403
0.0010735748264634154 23.021009632636257 0.3028710726105865 0.022444789190014067 0.6831569297441816
0.0010702822946447677 23.020301329733496 0.3059369489305844 0.022504985675917365 0.6811660001295884
0.0010693121708267967 23.015694942290683 0.3023042191808529 0.022527252799490576 0.6843018744654826
0.0010683843069663483 23.014900705412252 0.30242343973635466 0.022652045912037767 0.6846116298440783
0.0010652723860046867 23.014403377297597 0.29637540552779273 0.022594337909221513 0.6888128836602185
0.0010617908942016834 23.014329219867403 0.3015736034243262 0.022633470823716195 0.6849102609222859
0.0010594976754271397 23.011615539105097 0.30023864698492564 0.02244368967630859 0.684982764526891
0.0010577517895141205 23.010515702191867 0.29723470499118704 0.022588532462059302 0.6877927640825259
0.0010554356678190524 23.008894278415617 0.3049278529518652 0.022463946769345308 0.6812627472043508
0.0010528130310793757 23.00839056852965 0.30105360510372087 0.022572071282354066 0.6855538558067347
0.0010494703270287264 23.008160570228412 0.3033884256557473 0.022534966255768698 0.6827711167795305
0.0010463785625197202 23.007203914548413 0.3014980158042123 0.02264347738370233 0.6856179768225469
0.0010439966038132199 23.005636068112782 0.2985830289133884 0.02247508023865842 0.6863923154837971
0.0010417388027255817 23.004455311909695 0.29820700313710846 0.022560922716911732 0.6867787684066287
0.0010392072384230399 23.003428909385473 0.30355232072781946 0.02263171314290595 0.6837836195859793
0.0010360961864358336 23.00338435832804 0.3021469373887198 0.02240137390659992 0.6829868253013738
0.0010326771752503904 23.00297947624782 0.30423716391810895 0.022520169232665505 0.682098936990672
0.0010294054621219687 23.002677138658456 0.29684709357986416 0.022545321586733218 0.6881429717879869
0.0010280413409540813 22.998584805885137 0.3007626223816792 0.022619222566868345 0.6853344455725331
0.001026682833638381 22.998269447696043 0.30270814099291543 0.022444852895028847 0.6826402747327114
0.0010232644165374001 22.998213704751624 0.30498685600392317 0.022578636013399444 0.6823926856355672
0.0010207436807315108 22.996167133388393 0.3031194861039685 0.02254605330713948 0.683816086888094
0.0010182516992617745 22.99607000673628 0.2965152586212638 0.022592575503205665 0.6887304045671009
0.0010149777981488049 22.99558323907781 0.3058789941695853 0.022497715763012675 0.6810102577901302
0.0010135894910940097 22.991789091830917 0.30303806080927526 0.02264056375306886 0.6841224365952024
0.0010121935701577348 22.991316832452753 0.2975223406460551 0.022623685394576175 0.6878587296902113
0.0010094021966172402 22.99029882349191 0.2975267627427114 0.022605732606044527 0.6876943778638572
0.0010069186138571319 22.989235206022148 0.3038307729784827 0.022469733499176945 0.6820103224472842
0.0010040978842309218 22.98890616128345 0.30555048574471355 0.02252608482166775 0.681400650397259
0.0010022826479395197 22.985857100440704 0.2990387593442845 0.022545210818826062 0.6867761133252319
0.0010021324258892548 22.982207918352742 0.2970001274407997 0.022565980006430952 0.688253685749048
0.00100047847788562 22.982161636956608 0.30460373536008445 0.02247516286189623 0.6820999782857627
0.0009973275454346134 22.981527398367152 0.2984680730125189 0.022505427143495994 0.6867910550492299
0.0009953313384074276 22.979184617900856 0.2994694262515691 0.022442711463584116 0.6854103871222504
0.000993629267606721 22.9779674262722 0.3051607186888501 0.022452375342404806 0.6814207451489924
0.0009908452129683294 22.977819494751117 0.2995867497378996 0.022586123380960756 0.6859068944765648
0.0009875671432509336 22.977625243088983 0.30569217909643387 0.022529450218381857 0.6814941396340967
0.0009845461084653359 22.976983278262253 0.2988010209189769 0.02258283211236461 0.6864834426456341
0.0009817650225101596 22.976324466176628 0.29737292748228317 0.02256273121746442 0.6880054351195564
0.000979284154077082 22.975090552819076 0.3028921224645768 0.022421307214630738 0.6828581599017743
0.0009768535089273278 22.974346099041668 0.2965639509499898 0.022606001514404554 0.6887822939520724
0.0009742021320743087 22.97358322782463 0.29940703704607224 0.02246477558762451 0.6852610412719942
0.0009719134294599021 22.972112109624064 0.3005216758089134 0.022532962872223037 0.6847939504002546
0.0009693525364053025 22.971926041243435 0.2982019247746607 0.022622095841923193 0.6878960739515354
0.000966129969107985 22.971845131528408 0.3012504495993151 0.0226246765380498 0.6857145027913667
0.0009629306911884206 22.971639363203874 0.29946343991692725 0.0226829226077913 0.6870837479693905
0.0009598656074156948 22.971307045116806 0.2990927444214577 0.02245154414293011 0.6855223215662488
0.0009574941143742432 22.969677749676237 0.30097406339344907 0.022531596784768407 0.6852997341094478
0.0009551077736022694 22.96939228931196 0.30201179409259815 0.022431664592638633 0.6836145139934001
0.0009528513668255557 22.967508760629087 0.3045145061828933 0.02259521585375472 0.6827441815617876
0.0009504956849427927 22.967446359366836 0.30086408918656043 0.022423685926077606 0.6842817462565445
0.0009484546993853983 22.964917976255947 0.30306388773894216 0.022631077180003907 0.6842688212705141
0.0009464500688191416 22.964788832890214 0.3029723144609214 0.022628241874720924 0.6843478097927632
0.0009447565961692813 22.961618102030915 0.30494644883594646 0.022460780911668577 0.6812572829427663
0.0009430593449850514 22.961501776596307 0.30026097193089263 0.022424603153600002 0.6846160924700089
0.0009400278946830097 22.961182749200518 0.30279947783988964 0.02261169411180986 0.6844376387835596
0.0009373419208741834 22.960355447111937 0.3019041273443539 0.02250745305920771 0.6836065130024163
0.0009358335504601558 22.957539248874347 0.2973546732775336 0.02264067335473573 0.6885336238228302
0.0009343917243196332 22.95657402900906 0.30445998729092133 0.022471713563384656 0.6816250698908801
0.000931956530369196 22.95589975306947 0.30245094987704446 0.02250578669104738 0.6840046728234548
0.0009294084110159495 22.95519640908809 0.30470996743112955 0.02258625639082062 0.6826356013701422
0.0009268114436494744 22.954647715036288 0.29708433830649134 0.022628679737107235 0.6886336294864307
0.0009240191351512344 22.954388416629588 0.298642055220248 0.02267591261493873 0.6877805107154517
0.0009219328725850926 22.952331011563032 0.3023723206590974 0.022414883916227535 0.6828040107098718
0.000920806960929637 22.949996493300873 0.2972819489601909 0.022634306107353144 0.6881938423863103
0.0009191885038858299 22.94901530138057 0.30457856898224744 0.022532386982201506 0.6820087761966063
0.0009169177621206245 22.948114884147742 0.29998144609796135 0.022539949641218988 0.6852569769977537
0.0009143389852723501 22.947824650976777 0.30261042157795426 0.022457100941052743 0.6827913981605389
0.000912191885389351 22.945998750093544 0.30570464408762665 0.022481737040639528 0.6811619076780254
0.0009101761484487983 22.94543339196172 0.2984464534708631 0.02267628276620333 0.6878843505971387
0.0009078731678675934 22.944255614756322 0.29712063880241724 0.022523626568196092 0.687594236166044
0.0009060250351105619 22.942702511651166 0.2967515942921475 0.02254993500897674 0.6880947743398556
0.0009042530055234953 22.94136785973687 0.3052200882049447 0.022536135592966744 0.6820012626038857
0.0009028173352166736 22.939081059511338 0.30410019102106434 0.02253892680018066 0.6823644583756647
0.0009010276176006778 22.93853867208614 0.30553786373632275 0.02253131070559596 0.6816378088860373
0.000899206155148748 22.93633638681364 0.29773357593891825 0.022666861929485714 0.6882856639185745
0.0008972921042874851 22.936010074773503 0.303771320643016 0.022420558808264747 0.6818461235512816
0.0008949655004620304 22.934744836143476 0.2993326242116322 0.02244777900576003 0.6853361447633084
0.0008934861704218919 22.93253798871006 0.29831156966043804 0.022484374515564665 0.6866164278877538
0.0008932394468255429 22.928518967127165 0.3048305463312204 0.022551006047978737 0.682426792078431
0.0008928241200757623 22.926684735434787 0.30295017702301 0.02262626832871775 0.683988145045587
0.0008907592983591887 22.92637280592667 0.3018127823155325 0.022608743907153343 0.6851868859047854
0.0008882715992765976 22.92550718926323 0.3039529053994925 0.022495182828119593 0.6821217976659537
0.0008858311215890481 22.92510890349955 0.3034936470229681 0.022606021426814036 0.6838205361673754
0.0008841690470227935 22.922502069254712 0.3031480380737438 0.02245367433694602 0.6824057120721988
0.0008824524634995435 22.92223448277077 0.30294413890377725 0.022562354546267375 0.6840378324743693
0.0008798003411083568 22.921767820231157 0.30341057976022623 0.022414470304586213 0.6820937477738658
0.0008775618491767004 22.92058024700335 0.29923738676206846 0.022592271838051275 0.6862419790596921
0.0008759162564914665 22.918775816042057 0.299149183653382 0.022676087592982896 0.6873916231385437
0.0008750537989701977 22.91580724145597 0.29954370956819065 0.0224960078290925 0.6859717572619974
0.0008745209468564115 22.91324992414012 0.3035208560155543 0.022569757704861537 0.6830195470069305
0.0008727285440190397 22.91316900009923 0.2993917243665427 0.02249671830653703 0.6854460497433472
0.0008707323004911469 22.911094972378116 0.30480419510506707 0.02257392157929419 0.6823637366067877
0.0008688179967663686 22.910837627233988 0.3017326171320957 0.02241936262954235 0.6833205847712904
0.0008660485119124257 22.910753825897054 0.30034426548602444 0.022485236243637872 0.6853214710696176
0.0008632504683909771 22.91058871834487 0.3009294947387933 0.022425800243583528 0.6842301425707951
0.0008605173596718508 22.91038047284401 0.29693012221013154 0.022627696278800288 0.6886641867771853
0.0008582560263555834 22.909140753039264 0.3029429841247732 0.022466054796624897 0.6826217095409816
0.0008559410827680761 22.909075531586396 0.30121712378425636 0.022667401354868017 0.6857492786527933
0.0008532171468748164 22.90881476929352 0.301705061410789 0.02250469791358977 0.6845310101607379
0.0008505018603527292 22.908754996263145 0.3051636715692725 0.02254225300809089 0.6820573166467677
0.000849508643702653 22.90446284046787 0.30353769263240055 0.02241056977914534 0.6821173905767267
0.0008486540164557388 22.904071703316692 0.30533482389981825 0.02253718454534068 0.6818495397976596
0.0008464677998362017 22.90293455795247 0.29859264034813787 0.022485927522664255 0.6860688812674722
0.000844185830515415 22.90278756628634 0.3002807704524243 0.02257477099902159 0.6861049736557918
0.0008414963295682977 22.902639090187023 0.2982671517912259 0.02253143166510757 0.687138293833697
0.000840492847041435 22.89850280386736 0.3001702444191242 0.022675295379889406 0.6865513301074422
0.0008401289182510767 22.89682696719803 0.30311260423246134 0.02241781570930814 0.6823158863774246
0.0008380856387295374 22.896701600677115 0.3028323623326774 0.022507695359366166 0.683716554584741
0.0008368892607736059 22.893019178915438 0.3043611071148078 0.02246903387630989 0.6822008752557306
0.0008368844716867068 22.890043638977332 0.2982035449371584 0.02266759803107892 0.6879924704579615
0.0008356252613758717 22.889362919037406 0.2978068081611395 0.02258380081218277 0.68732344582866
0.0008332974957484924 22.88896160220764 0.3008636193659744 0.02266913458120161 0.6860328420907326
0.0008309649701079433 22.888312754993514 0.29891601929322476 0.022516008898129904 0.686569431797535
0.0008285426578702578 22.888148604016585 0.30021785831057396 0.022479002187647264 0.6847082045585626
0.0008264834051168371 22.886642874524203 0.303134349446663 0.022628279419295155 0.6839634591209091
0.0008243968842840884 22.886560342586062 0.303673566943906 0.02258520332468604 0.6830910889708894
0.0008223980809515124 22.884859379691928 0.29750626633067406 0.022521508321852554 0.6872137491306104
0.0008210019377145657 22.883321954674212 0.2977193815032163 0.02254435503385972 0.6875879137216012
0.0008191274194618828 22.88279780801805 0.29711974190077955 0.0226393953885948 0.688507302304919
0.0008176426622015205 22.880322209883982 0.30252424965495595 0.022639186280447185 0.6846816806494391
0.0008164807953568579 22.87901332805353 0.30369294763024324 0.022548214277084363 0.6827263896338599
0.0008147470964378576 22.8779494207601 0.2977319308576669 0.022535475122010068 0.687065466703554
0.0008127398392413891 22.877326634188268 0.3042657737689207 0.022421969845978596 0.6816891040479593
0.0008123460309780996 22.872305836151526 0.2996799537064669 0.022604328140363884 0.6867229905694832
0.0008124535819483526 22.870437103631378 0.2979340084547801 0.02250677940484576 0.6867605419829224
0.0008106329346315687 22.87017617508603 0.3050500253310573 0.022535059236215273 0.6818152939260826
0.0008083899950681871 22.86936752400188 0.305123801458931 0.02253536171236258 0.6817860014385293
0.000807299712916371 22.86626863736782 0.3001787695033189 0.02265883311933368 0.6862465936424782
0.0008064716293364878 22.86481084283097 0.299433491391221 0.022493225223644157 0.6854124319113555
0.0008046286908387009 22.864240126037473 0.3015662079873892 0.022589187122619477 0.6845268027198949
0.0008024129878924217 22.863726585885296 0.3046445459785706 0.022498375304341345 0.6817339680393808
0.0008006398770753323 22.86206940218879 0.30036191617750807 0.022515285860155086 0.6855689571389016
0.0007987758900048971 22.861795639472057 0.3033719725228628 0.022426668121529297 0.6825000171309369
0.000796473712744339 22.8612547000208 0.3038096571145704 0.022590158653946934 0.6830815281668983
0.0007945359424733388 22.860084247467277 0.3051650500974685 0.02253435847561216 0.6817681179337493
0.0007927377303166177 22.859206261888964 0.29880888042249165 0.02247161243952206 0.6858785115652495
0.0007908341421648629 22.85831654093707 0.2980834433447772 0.02264559816290084 0.6876918359293017
0.0007890125741339015 22.857245956225544 0.2984823265254267 0.022608898570864917 0.6875802400607154
0.0007873129635492063 22.85606044250992 0.301617914891529 0.022564074268947906 0.6842733755821372
0.0007852350605429822 22.85596620514001 0.2983278633746914 0.022640651374516922 0.6874357235658786
0.000783780854394112 22.85320771450932 0.3046115203535153 0.022552986121380045 0.6825866707107408
0.0007823972967475042 22.852938743819454 0.3011812352539195 0.022623005045162587 0.6857143965415751
0.0007800637127337195 22.852627352620665 0.30075780011403885 0.02253774196345371 0.6854706764275855
0.0007777923073923841 22.852220946342946 0.29725927734438296 0.02253665927571323 0.6875541341773149
0.0007754956697516654 22.85199623585864 0.29856323850444727 0.022515332887350057 0.6867750219022619
0.0007746086647309539 22.847970299096385 0.30094292363512787 0.022425201900311553 0.684037088996047
0.0007740577427957065 22.84687296787063 0.2990216841365224 0.022499201113806305 0.686318606314412
0.0007719548450906802 22.846872564560663 0.2971741355654816 0.022624511597717393 0.688470676321137
0.0007696235242474323 22.84638860988355 0.3040730138539163 0.022592327069832857 0.6832029035407383
0.0007673972031558412 22.846137242798957 0.30097765665322757 0.022486127712244165 0.684866758752517
0.0007655550003299924 22.844670618705845 0.2990135867360636 0.022503727185912627 0.6858174428284943
0.0007641797181571464 22.843210667253874 0.3004157783980742 0.022517557328044654 0.6848036745818112
0.0007626796547913974 22.842080505720883 0.30462372330383725 0.022442105802216505 0.6816630273323472
0.0007606656636570699 22.841983020503463 0.3047070656881905 0.02248736803034606 0.6820538601842894
0.0007586790814170525 22.840799264838182 0.3029745390513542 0.02262468451936066 0.6842481961052359
0.0007573727246736019 22.83892120684375 0.2975649758596507 0.02254104404381881 0.6872713320183758
0.0007560430924162876 22.837806531072854 0.30451092340154745 0.022579237124604436 0.6827106342104248
0.0007548996258888495 22.835445321311152 0.2994215453055538 0.022605649850988598 0.6862476432575383
0.0007535309147637834 22.83493331070991 0.3047678479775382 0.02250183189705817 0.68211491729157
0.0007515097632773352 22.83431969416324 0.29943421252375435 0.022667518910734666 0.6871252018833476
0.0007497624421283002 22.83309532024678 0.3028130260527579 0.022617997678634892 0.6840174204154944
0.0007478972737629104 22.832810782108474 0.3001391385708945 0.022574787332362106 0.6861853369522791
0.0007462844262877302 22.830926976679542 0.2989311625688952 0.022625537414680815 0.6868136954467547
0.0007447875569015156 22.830341643744323 0.29828636486905546 0.022601856891847072 0.6871038712778894
0.0007426103444601581 22.830302453560382 0.3007619647836522 0.022548496986979593 0.6855442610533677
0.0007410826098522738 22.827985247308405 0.3019405504284917 0.022527341912816384 0.6845185039097061
0.0007402902103162803 22.82596687642235 0.30216127007991334 0.022582145870818894 0.6840641761189263
0.000739007185094861 22.824981434045167 0.30115614655409517 0.0224725941666201 0.6839801790309612
0.000737347579007096 22.823994376326674 0.30185833203555124 0.022572410729387572 0.6841861327208874
0.0007357963684014219 22.82272767129665 0.30057699769483837 0.022552732361540328 0.6857072575819643
0.0007340516257108977 22.822279714979217 0.30315889347643693 0.022444196721218886 0.682397129594858
0.0007321599288071617 22.82142996272048 0.30044117388959557 0.02264615070686791 0.6859228910952038
0.0007304609220583966 22.820471022479328 0.303644436932462 0.022465501989519455 0.6827001078772531
0.0007291900291184471 22.818460802620557 0.30016652319823667 0.022651341334606688 0.6861846834363611
0.0007278626601037832 22.817664139719863 0.3035363553736323 0.022440527048070556 0.6825190751184605
0.0007259957768639602 22.817150788318326 0.2973956441848303 0.022638473971851224 0.6883355794377073
0.0007242909507004527 22.81592362426766 0.298580126648071 0.022584326975445185 0.6867259466299647
0.0007229148878475302 22.814514161167267 0.30127843980212754 0.02254211270842945 0.6851156883826346
0.0007216007672741732 22.813125051869477 0.2996262494208831 0.022605004719081646 0.6867447590774963
0.0007198578654997887 22.81291619219288 0.2991342603683965 0.022667631478536645 0.6872332755271962
0.0007178422074049473 22.812303185439706 0.30457187816636255 0.022517403307019537 0.6819511059341425
0.0007158955373954243 22.811921108973714 0.2983767486086438 0.022642431869281884 0.6874428618673611
0.0007151319859362707 22.808016698920916 0.3028200660323717 0.02248151352503675 0.6834720331503898
0.0007143022982629951 22.807816155889054 0.300225138829153 0.02264145089600217 0.686027088730649
0.0007125673773310241 22.806461319241894 0.3033109817327137 0.02260039752577143 0.6838910766222221
0.0007116595723846104 22.80394929621284 0.29863937407656266 0.022570545358430942 0.6865742226892481
0.0007106104893373193 22.802994930159514 0.3032775535942013 0.022436359967211474 0.6826586226539262
0.0007087112386930258 22.802889947574005 0.29703380917593686 0.02260950438097998 0.6883777285997142
0.0007065237252426435 22.802770385587756 0.298184437363684 0.02265530929588493 0.6879267833974605
0.0007044067058650329 22.802488666397444 0.2984232249401887 0.022648627837287518 0.687488152228638
0.0007024928660762611 22.801812541054662 0.30196732176393587 0.02247204958580902 0.6833875198824949
0.0007010901613976482 22.80009035928027 0.2976453505105741 0.02251852082362667 0.6872550576863641
0.0006996771290744865 22.79945332172349 0.3029149938857497 0.022440867414328394 0.6829845743310433
0.0006977851448251024 22.79911595749742 0.29825822939564917 0.02249644849418091 0.6864865703824428
0.0006957591502035939 22.79888291994925 0.30360437212220603 0.0224510627446883 0.6825741367519799
0.0006936741342012164 22.798736857008926 0.29938737704505974 0.022456449967808753 0.6854699977381072
0.0006916746720653615 22.798278548700132 0.29985140429966206 0.022453258878749688 0.6852182695698495
0.0006896522785628711 22.79821964765749 0.30110565276221385 0.022468918293864187 0.68458926233973
0.0006875386240369522 22.798048280756966 0.3000926807939749 0.022560113285553036 0.6853703287987453
0.0006859997221264892 22.796335714319667 0.2975114681889311 0.02255766627803757 0.6877793356803015
0.0006847173525747716 22.79542627721334 0.30269232375154803 0.022628624126321644 0.6842766164955123
0.0006834871293076851 22.793571772745977 0.2997992542160937 0.02249319339011492 0.6857265229336024
0.0006826331448611143 22.79156739559496 0.29889572521420293 0.02251476034818825 0.6865312667356694
0.0006825553042874708 22.787443755122375 0.2988566507814744 0.02250326677036895 0.6859723116958396
0.0006818453400008704 22.787286629996096 0.30330974581360426 0.022452626367514304 0.6828118377906804
0.0006797450765184887 22.787260071362706 0.29877224905666744 0.02248152931085236 0.6862191087568348
0.0006778045843908366 22.786654527549494 0.3031150185808456 0.022576755592706024 0.6839391876560001
0.0006762491629391166 22.785508452664935 0.30002098304324887 0.0224529843741862 0.6848275429273459
0.0006748364584442255 22.7844929973041 0.30419412279101243 0.02254526175976496 0.682870225080849
0.000673466238373774 22.78323246899156 0.2998050291653313 0.02252625370284328 0.6853479415040531
0.0006720203069962259 22.78245311341911 0.2999355902291795 0.02257841749168182 0.6863395949563462
0.0006701901780331188 22.782351807384586 0.3031887899929882 0.02247724515890521 0.6831445986526758
0.0006681701761617432 22.782159820854552 0.30043822971689516 0.02245499294612953 0.684874399462587
0.0006669899805294124 22.77956104458225 0.2992683252708641 0.02246878986029301 0.6857632431409012
0.0006661210864461466 22.778439117865616 0.2983244084921064 0.022653246493518246 0.6878209903302859
0.0006646369417596225 22.777698443167118 0.30068408997779394 0.022637634918481035 0.6861188503781996
0.0006632770353938959 22.776215146449733 0.30317520826182465 0.02260355749667155 0.6836589951614218
0.0006617452169338692 22.776004497301262 0.3033981956446624 0.022610276917841038 0.6836563316085287
0.0006597468770879524 22.77595018904851 0.3037891690599951 0.022460490112348026 0.6825160646987857
0.0006577423447152774 22.77578074711 0.3006544892041294 0.022447270650756454 0.6842947176797869
0.0006559914068506994 22.774975353739734 0.30427929393817654 0.022461561320061912 0.6817720042591884
0.0006550384051040844 22.77238563889507 0.3021740011523036 0.022594137733607023 0.684189990706231
0.0006539227497922713 22.772080952127137 0.3009627681698669 0.022435194164379054 0.6842403114185012
0.0006523194474467793 22.770996750331644 0.2991795971451957 0.022536763325272047 0.6865371398980968
0.000650654127820444 22.77089753784835 0.30051352793861225 0.0224455372568141 0.6846864580224454
0.0006493227983488236 22.76880149094231 0.3028514795673592 0.022447626777512813 0.6830933746613216
0.0006479721666915795 22.768770771552614 0.3039842599191831 0.022564638004053214 0.6827535993123384
0.0006463992421312726 22.767375816352903 0.3035226354923614 0.022586888609534353 0.6836384499018342
0.0006449705508189621 22.766911574597692 0.30141015695992146 0.022450825511087968 0.6841642718090287
0.0006431624013180583 22.766710068817765 0.2985398981049122 0.02263919846786259 0.6873018205298586
0.0006412498289351041 22.76659115810294 0.29752604150463713 0.02253083145750853 0.6873802587856277
0.0006393499603043345 22.7663715211773 0.30449828463681966 0.02249285426095621 0.6822334210372648
0.0006374663570611963 22.76622299344447 0.30160009950321265 0.022542555302903382 0.6848675091983994
0.0006358408394007954 22.76521237025181 0.3027250400654496 0.022601074914877995 0.6839068917787117
0.0006343037682100952 22.764800630336218 0.2984549999364951 0.022531516237883697 0.6864735519577942
0.0006324528027320921 22.764798005161435 0.3047834751003713 0.022483086376565573 0.6819005653712132
0.0006306210001384541 22.764346379553373 0.3050482047066395 0.022523393319965265 0.6818120965545382
0.0006292902148611997 22.762770852191906 0.30518002614868217 0.022490691531218337 0.6815319696294592
0.0006279605037894564 22.762326269957473 0.30313207089395955 0.02250566727265736 0.6834263275738014
0.0006261980055335437 22.762145559405162 0.2998548153960621 0.022452086427794518 0.6851508400487027
0.0006248835400302142 22.76028586315962 0.30142401583639883 0.022472949755662063 0.6838069288829703
0.0006239254148125407 22.758972051122754 0.30114198482983046 0.022440477918700585 0.6839051743862137
0.0006234123915070083 22.755692325295815 0.30177766188950716 0.02264358597571989 0.6850767807778279
0.0006230360817121549 22.7539375334043 0.29847643592096573 0.022649942814370556 0.6875085342444953
0.0006217796221485949 22.753491315738806 0.30261725166391373 0.02262699419403431 0.6844861046037212
0.000620049597097579 22.753275760176056 0.29932833245716983 0.022533867310895787 0.6864053992821267
0.0006187151600118276 22.75156938819008 0.3041769684357727 0.022448911939025998 0.6820564479273962
0.000617965705667536 22.749470143659845 0.30238662068511973 0.02261734600178529 0.6843182851109741
0.0006168228071253464 22.749042876229236 0.2994373249359309 0.022558703505522 0.6865325625613552
0.0006154670826532485 22.74764618132121 0.3046387001329385 0.022493519234908464 0.6817687877122973
0.0006141898840590129 22.746974635277567 0.29960414686214637 0.022659722723787325 0.6869218120379414
0.000612497502963352 22.746945482372574 0.3001420689092838 0.022597623403805545 0.685666873805821
0.0006109619362487601 22.74577932904766 0.30345099408592735 0.022528880738858448 0.6833501852938709
0.0006094674719012663 22.745630242538997 0.30511053950835754 0.02250933851688412 0.6817273228060331
0.0006076976711953429 22.745385957280504 0.29864219316608454 0.022483385628222698 0.6862109557969371
0.0006059134437531669 22.745305001084347 0.2976082534816608 0.022532384669362766 0.6873985956827116
0.0006040911859648338 22.745207624364152 0.2988569163978286 0.02260752822306174 0.6872702892771032
0.0006023321222062729 22.744938560189233 0.29726321253547744 0.022572074912817985 0.6878340883480608
0.0006005568458560873 22.744915751393815 0.30364254757057557 0.022430755856478923 0.6821274619493967
0.0005989846268140442 22.743989422426544 0.30307540274123934 0.022433947898591863 0.6824760748948989
0.000597743470744802 22.74287474234123 0.29738260111691683 0.022606552614662278 0.687989196804786
0.000596346652439549 22.742481448260076 0.3029820827925967 0.02243973305322585 0.6828852648028712
0.0005954328017775917 22.739758757305808 0.30260559983364665 0.02262458231037275 0.6843097496851891
0.0005944465995235531 22.739611895591164 0.2991137915661026 0.022588947100420653 0.6869722391117209
0.0005928256303539617 22.7390402279298 0.29991733400049936 0.022464781762210867 0.684964472853984
0.0005913021983784643 22.73858132885471 0.30088732591547845 0.022637604030565278 0.6855540195982892
0.0005896152699786573 22.738580799112903 0.30107347074489027 0.022585595880281664 0.6855456512909863
0.0005878265136349886 22.73848833167666 0.3049837142303716 0.02248845919213379 0.6815756743267047
0.0005864687201842568 22.737039331705446 0.29966226952348457 0.02248885224564194 0.6857469142326037
0.0005857748968515567 22.734691037818983 0.29999845983035767 0.022659993934857642 0.6865522972920459
0.0005848624113670531 22.733992158550663 0.29777792609721526 0.022631006050959655 0.6880610877234886
0.0005834872952172928 22.73323787685252 0.29728205954607373 0.022574111888874503 0.6878429205873696
0.0005830365127038876 22.7293812905393 0.3019117295138873 0.022567528408951643 0.6847981593814401
0.0005827690447374402 22.72799271273906 0.29836267734592686 0.022577029933452147 0.6868811236430563
0.0005815245313444422 22.727499323191132 0.3001945579167803 0.022532056198011984 0.6857845868694065
0.0005801012998151044 22.726739325123667 0.30310165047503657 0.022452336290891575 0.682935166386127
0.0005792789524883384 22.72418535221825 0.29725694175092154 0.022574354681895246 0.6879472599028865
0.000578407226953632 22.723598829456773 0.2984717032161732 0.022533261037020025 0.6869447369794134
0.0005773659128033142 22.721641269892935 0.3028896623627415 0.02257321067451728 0.6835354598825464
0.0005766990195919121 22.719762720989717 0.3034202178964266 0.02245633739519762 0.6823278804739498
0.0005757357714861247 22.71883838811587 0.3003355688636157 0.022544519907539647 0.6857829863739039
0.000574317172791203 22.718553834602574 0.2984840364445757 0.022585625886458873 0.6873643273671945
0.0005730222902003688 22.71721306926497 0.30385851616070025 0.022504179261723795 0.6828261332976566
0.0005728606569785245 22.71298227254751 0.3002823700943451 0.022617270367065945 0.6857664750467296
0.000572721713934746 22.711554715671276 0.30475523041640795 0.022540487719405616 0.6822053949373603
0.00057166159169239 22.710550085525036 0.2977661848156582 0.02260198365555382 0.6876090821233125
0.0005704515061922342 22.70965773345477 0.3039278781112358 0.02244254670961594 0.6819816434441277
0.0005690224783216941 22.70943421986198 0.2973919159795594 0.02260753408681198 0.6881091114801173
0.0005674750714344476 22.708974974805994 0.29834002382320596 0.02262594714766228 0.6876932553999997
0.0005659180305897875 22.708803409585858 0.3041443361267651 0.02253183039618928 0.6823807780220442
0.0005643379920722551 22.708444038172882 0.30420608386429915 0.022519973984301722 0.6826553579887679
0.0005627597959348823 22.70828471050512 0.30177345920503246 0.022626905701593553 0.6848508972346449
0.0005611397703232384 22.708093420924325 0.3000941139459007 0.022505895010131477 0.6850226352475068
0.0005602384660439005 22.705386969548368 0.29815031107026535 0.022508290023607578 0.686777374147553
0.0005598101262107372 22.703508496540938 0.3027248496306635 0.022607035491281853 0.6843468354293177
0.0005586400259310534 22.703459457223133 0.3029065059464675 0.02244537587133708 0.6826441093536664
0.0005570575444302944 22.703073865195496 0.3023950209700895 0.022628213679726065 0.6846200183956461
0.0005555210568933452 22.702878381169622 0.3025315437092341 0.02261085256484449 0.6845205411161926
0.0005541526083122046 22.70190451888944 0.3030785249103599 0.022499776116024245 0.6833952416488145
0.0005527575710275996 22.701819761505952 0.30324726978235744 0.02243162589634879 0.6824388992795448
0.0005516756161503035 22.699726786188197 0.300382285356102 0.022595512976328582 0.6854885412701189
0.0005506238527365676 22.69953998072911 0.30486936095884676 0.02252232123401523 0.6820212784991464
0.0005490504958090302 22.699357618919247 0.29751907685516676 0.022551793612942315 0.6876083422802142
0.0005480881631984908 22.696959691329074 0.30465952310281585 0.02253707114585848 0.682328203128385
0.0005472236331532342 22.69642494794512 0.30280325670425823 0.022617055411511718 0.6842619480659555
0.000545793699650393 22.69610697880245 0.2977460406927086 0.02256540116875577 0.6876479517183332
0.0005443543146078258 22.695623648449168 0.3014941565750703 0.02260362772285658 0.6847782550819529
0.0005428569959354606 22.695535998024944 0.30292900093434627 0.022614298486892573 0.6840354574068673
0.0005413000275819689 22.695291450427447 0.29897953894814894 0.022633811781814315 0.686934281106867
0.0005397811969599443 22.695082056028973 0.29816159205430814 0.022640206547327523 0.6878012876384212
0.0005383802812639428 22.694418166070506 0.304048802078638 0.02248943204130727 0.6821224202793507
0.0005369567702198532 22.69430911461079 0.3040404747309785 0.02244577790744834 0.6819430590670635
0.0005354098945774949 22.694123259278545 0.29783399832974866 0.02258136254419447 0.6873852154672573
0.0005340927859564657 22.693173162913048 0.30234752684733374 0.022613867927204875 0.6846764862253526
0.0005327577611770797 22.69306895912224 0.29950766607703955 0.02248255186563195 0.6853897257395964
0.0005312656760441881 22.692725838263684 0.29864067825268903 0.022531798202766996 0.6863543628240183
0.0005299034032093891 22.692150156064336 0.302000112134025 0.02243090573467143 0.6833667161075645
0.000528565365988883 22.6917311328557 0.3030001248867734 0.022579151983073247 0.6840008884703864
0.00052717336536641 22.69137579615198 0.3010727275266638 0.022639246347705866 0.6854856477058521
0.0005257716808418694 22.6910103730226 0.298721637652165 0.022649364673207516 0.6874620863605938
0.0005244327655052465 22.69043258483652 0.3009520331908489 0.022648942028965068 0.6858200628237567
0.0005231452203229867 22.689886316326497 0.3004958804751703 0.022642422197535404 0.6862188087867408
0.0005219048339602004 22.689142471221814 0.30341164038282065 0.022593478627699493 0.6834681834275179
0.0005206076966539151 22.688827924200083 0.30406011413140843 0.02248481402097163 0.6820890993700516
0.0005194547359687511 22.687544118529367 0.29823072136777645 0.02251618939297629 0.6866554444540774
0.0005185448124402336 22.68630322958227 0.3043705076878034 0.02249542965188329 0.682313604439033
0.0005176440863222235 22.684991920747027 0.30154297017943155 0.022486894064877083 0.6844131460221862
0.0005164805130000215 22.684776533347055 0.3041973824721542 0.022541038607281287 0.6827830587391059
0.0005151151030754613 22.68426208346507 0.3002838145505462 0.022608755357464858 0.6856924648065306
0.000513998463615932 22.68309498696524 0.2992398104581628 0.022518467447657578 0.6862958217281206
0.0005130695893142122 22.68185953905529 0.29832294883863336 0.022565569813671048 0.6872988673971109
0.0005118514753765954 22.681830863867717 0.3043178464361303 0.02252349406145415 0.6825670442774618
0.000510582647658903 22.680808565223245 0.29854976782686193 0.022529550009551504 0.6864254535022972
0.0005093622014652184 22.680604193280978 0.29939847622026394 0.022536060549384663 0.6863486461671942
0.0005081018347381527 22.679753449700794 0.3032867738433561 0.022598390317963582 0.6838049620169048
0.0005069394844977817 22.679176705196344 0.2974628629805345 0.022602260378837037 0.6879955302495246
0.0005057416405052284 22.67847936756942 0.3022391973302237 0.022610808803647686 0.6843729799892593
0.0005045181391428816 22.678017891893315 0.30092730829765063 0.022572599294010082 0.6848973969846557
0.000503202047745635 22.677702959367288 0.3000707614558741 0.02245567005057772 0.6849068451182546
0.0005020252351977235 22.676702828338556 0.2986788638988738 0.022635892978222178 0.6874862160899102
0.0005009588708566464 22.67595968644421 0.30221980003748145 0.022564287351107486 0.6839180298453597
0.0005000942378913681 22.67416419151509 0.3013194308559608 0.022565138166391392 0.6852061994110586
0.0004993320455436193 22.67301705568613 0.29972431797260046 0.02247936461284327 0.6852088698914722
0.000498196312874521 22.672727671128044 0.30315866173791484 0.02245643099059709 0.6829056365042209
0.0004967993492452734 22.672645392817415 0.3020413642196154 0.022626988861923082 0.6849335517487893
0.000495494575336752 22.6720024073948 0.3005537005080369 0.022519509350220155 0.684770924815776
0.0004942198723909677 22.671814657545852 0.3008658962790031 0.022481341583403168 0.6843076040462852
0.0004937718895934938 22.66783851372577 0.300669955647811 0.02256012062542987 0.6856438851725082
0.0004934457626344206 22.66715132614232 0.30250950642275587 0.02243849271272797 0.6831560780007107
0.0004922922709157559 22.666540626865487 0.3029862222316122 0.02249325613500019 0.6828529503385989
0.0004910604048337965 22.666186026641363 0.3039567120801648 0.022468830313564846 0.6824002574665624
0.0004897215210002317 22.666027636899948 0.2994010374364725 0.022493675639226537 0.6855366091336761
0.0004884332194505013 22.665483525385778 0.30227499630158244 0.022453886436851485 0.6835323917752849
0.0004873805320329608 22.664374229257316 0.3031471133447298 0.022435882454767696 0.6825364216140082
0.00048697513736925394 22.66118207483738 0.30435998604250736 0.022469594105350862 0.6818565275861481
0.00048647187856887204 22.660472812178238 0.30419319048345683 0.022456369443470695 0.6819138237199732
0.0004853579291679402 22.659802308287727 0.29958830881013043 0.02247870318219196 0.6856267337342447
0.00048424285975636275 22.659110458384827 0.2986898692996165 0.022500310226106816 0.6862014264554313
0.0004834084036035589 22.657291614186054 0.29832872467471144 0.022589661438816192 0.6874613765113563
0.00048250626540754057 22.656886559520657 0.3040419672114466 0.022467144094972708 0.6820256916751656
0.0004819499824469766 22.65364344627335 0.2985250318720656 0.02264195942465517 0.6875038017907402
0.00048156606017875635 22.652520959269555 0.2988995437442799 0.022604142819931363 0.6867148960571212
0.0004804220511034551 22.65244515285817 0.3032769647939558 0.022460636490052737 0.68284820370166
0.0004797517686852431 22.64936217812107 0.3034464807384918 0.022464137792178113 0.6827514161399773
0.00047992505375066237 22.645769897628234 0.3045300663594533 0.022473663906619135 0.6818259621896656
0.00047942084223382526 22.645508451034896 0.2993967599694837 0.02256703797537463 0.6860108920896318
0.0004788095796634648 22.642372361585117 0.30291425180290515 0.022549023364801628 0.6838698563555824
0.00047826010591031355 22.641852034577838 0.29756144851815647 0.02257598709163759 0.6877437813527961
0.00047755806766662236 22.639362696256438 0.2999797080753065 0.0226434112329456 0.6863447744180154
0.00047680777798332413 22.639047570238716 0.30445050712806654 0.022500477237250145 0.6822461373443792
0.00047555759552012447 22.638668460800417 0.30393311452441485 0.022570795521417348 0.6830946688032795
0.00047432899339222833 22.638278610970843 0.3045278646303067 0.022483919705810165 0.6820188131341247
0.0004730313061330093 22.638207551610112 0.3039088296980674 0.022526267226140304 0.6825134548828022
0.0004716651765195541 22.638125719189773 0.30037738370346573 0.022594170527249793 0.6860717645993775
0.0004703720235663154 22.637763738883894 0.30100885302934244 0.02254399836718191 0.6846212275073111
0.0004693340151309976 22.6366118101205 0.29863529193824206 0.022571560657201707 0.6866584622320682
0.00046829781771658775 22.636253353019132 0.29904900777291016 0.022619614646568312 0.6867589553745986
0.00046712488021601625 22.635699275895927 0.30207330542610705 0.022567551636398765 0.6840628066005521
0.000466021003138779 22.63505921335078 0.3010839307811847 0.02249999104082786 0.6848433643446661
0.00046504818024000334 22.633954786489067 0.3035445951609765 0.022506434368597946 0.6830556560068292
0.00046429560568663516 22.632376130287923 0.2997343766649071 0.02258106313195742 0.6858707991273459
0.0004633377201567967 22.632163974559614 0.29930557094226573 0.02252093328351866 0.6862524185571316
0.00046213985340604324 22.63163522939046 0.3027993016262939 0.02247025791585434 0.6828623923051964
0.0004610945070656683 22.630776990338575 0.3029194842059098 0.022474601795919927 0.6828032014228054
0.0004601084023361905 22.630002821102902 0.30247272651626333 0.022588965668081558 0.6840059497240307
0.00045938635111790406 22.62800617174537 0.29856492583467975 0.022592686693612363 0.6873139298321942
0.0004585479167757549 22.627744346333046 0.3015189911407855 0.022593219172009432 0.685211951119316
0.00045762689123664827 22.626118771109777 0.30139023085758376 0.022484877440387564 0.6844780282329406
0.00045672544573530154 22.625779832465177 0.30286041074340847 0.022607269754714037 0.6840305571255191
0.0004558340438042096 22.624121055769354 0.3035724483550401 0.022448327195485004 0.6824203990254698
0.0004549333819267397 22.62383095015834 0.29948135044257806 0.022565187246344376 0.6865034896989166
0.0004539227855210987 22.622667335655343 0.29862125977637494 0.02262953160535873 0.6874568917070759
0.00045326330390397596 22.6208387674298 0.30363173082453454 0.022571439923503942 0.6831293823118291
0.0004524006121082022 22.62057795875878 0.30009344628468015 0.022497403174456466 0.6850137089140845
0.0004515702068928808 22.618617085896993 0.3022146462916699 0.02261984618664546 0.6845699454854168
0.00045079441952804975 22.618120416091493 0.30338465272538334 0.02253220853308897 0.682897899518957
0.0004496546152923098 22.617787053234142 0.3006555122634341 0.02250027344106372 0.6845946696015064
0.00044887441266276663 22.61570300818023 0.30339035225570377 0.02258920536321488 0.6836230097008176
0.0004482293557158037 22.614771939960615 0.29924085881805934 0.02264036227640579 0.6868855120313707
0.00044712547753105277 22.61474616139445 0.29797472712496553 0.022554208291085343 0.6871330486362275
0.0004459738798622386 22.614043917189136 0.30253122550662576 0.022440580929133744 0.68299611671986
0.0004448281180135804 22.61400728203282 0.3011088246501359 0.02246036228207787 0.684395316297151
0.0004436410975076888 22.613506858578667 0.3032708114377919 0.02258277237384725 0.683466254593335
0.0004425167331326219 22.613203488455966 0.3000507926071668 0.022499957872033485 0.6855468141922546
0.00044142573860771265 22.612567080634857 0.30025379177670036 0.022645255999043736 0.6862969601772353
0.0004405261787207942 22.611408576366046 0.30384489920237034 0.02255725493487525 0.6828623981216795
0.00043995888735487096 22.609271192316992 0.3033152762670198 0.022446384172030053 0.6824737088851176
0.0004391975920028773 22.608998858724526 0.29823224289477845 0.022523061032868302 0.6868519764893427
0.0004383536916244155 22.60724789596313 0.3000888609471718 0.022463491441438166 0.684954556732293
0.0004374576243770845 22.60722173954879 0.3004949228659249 0.022593766002407804 0.6859706896220075
0.0004361934870387103 22.607169398824244 0.30263624501842423 0.022535393838762754 0.6839767820346984
0.0004352459986629924 22.60570690591064 0.29803216798064125 0.022609699578710177 0.6877112085746079
0.0004345321290686666 22.604589159953335 0.29814438984848074 0.022536036612067385 0.6870668947500662
0.00043351755692844977 22.604520793400646 0.30183178156529084 0.022447924419736625 0.6835012677547039
0.0004323203313028266 22.604261536980875 0.3025455102409158 0.022580589363945296 0.6838859989479953
0.0004313704783619147 22.603063491267573 0.29893019584407626 0.022632193650530125 0.6872471375396024
0.0004304394119997846 22.602727830080934 0.2997730642287534 0.02256379495837322 0.6862828013793904
0.0004292872315318638 22.602571636056165 0.298933671647925 0.022629280611199835 0.6869872288338588
0.0004283574992045541 22.601213839570487 0.30242448128821936 0.022579753174068636 0.6839575953994308
0.0004276371693048316 22.60008832351683 0.3032061667355857 0.022579466451264317 0.6837730170853963
0.0004267040619462611 22.599734985817513 0.3000967153051623 0.022573466605028295 0.6855459742278962
0.0004257776201773402 22.59859015895486 0.2991654165642745 0.022552990994007347 0.6861082537911583
0.00042499782658818845 22.597557261367257 0.30188897232551026 0.022493848176100194 0.6836522872614195
0.0004240532203152769 22.597198053852544 0.299371452405244 0.02257157469286738 0.6860872969569616
0.0004231925808051347 22.595780642182216 0.30335652656324497 0.0225416737354316 0.6830074697236524
0.0004223031940374101 22.59556666559596 0.30078997786281614 0.022452660529599964 0.6844318471135942
0.0004212362177921253 22.59500382285025 0.30186238726215386 0.02251496041615459 0.6843954839522521
0.0004202556765796982 22.594393199000145 0.30119389321703754 0.022554980513332115 0.6851980806796198
0.0004193753734828895 22.593365069883042 0.30050785529225377 0.02255666680684981 0.6857075476923321
0.00041846719675131853 22.59289790804424 0.2982047166950506 0.02261849606890078 0.6876301305827726
0.00041735618643238767 22.592853334076437 0.30001091895879417 0.022468311694276842 0.6850239829879542
0.000416298843738546 22.592144790796983 0.2995007650960857 0.02264227105426686 0.6867557696667295
0.00041538879508427694 22.591405513508324 0.29829072206257246 0.022563343437796504 0.6872455098493739
0.0004144574354560582 22.59081120910381 0.30260064500943434 0.022554979148533792 0.6836151452440553
0.0004136889455678277 22.589296545674905 0.30368806506237506 0.022508651830529195 0.6825384310647182
0.0004128644893029189 22.5889808529247 0.30374400813076347 0.0225102383009561 0.6828995396326187
0.00041189327473120223 22.588189265111634 0.29786054625133357 0.022567148766657892 0.6874918247673849
0.0004109641195076265 22.587681630442255 0.29961340320807756 0.022522885779865078 0.6855548527433247
0.00040990107473950056 22.587555595558225 0.3037916041400791 0.02255849274887892 0.6829258176015894
0.000408751501110167 22.587487106754434 0.30274478820009826 0.022449753202332307 0.6828602562379185
0.00040758444584065807 22.587465007802003 0.30255456989369905 0.022592600803155977 0.6843676583600485
0.000406556564972774 22.586730342179564 0.3040956441946178 0.022546312848357928 0.6826464802818951
0.00040564906919718553 22.58612903270903 0.3005908351547677 0.022633497700257296 0.6858151468331156
0.0004047441601356569 22.585393494687672 0.30283692832185627 0.022463211968556912 0.682832121114507
0.0004037952776145118 22.58502172432401 0.30080901717328745 0.022611186438244123 0.685386991914361
0.00040271829857981754 22.584935511555447 0.2999835802329108 0.02263945914395207 0.6865017555956692
0.00040158598306085373 22.584855913421862 0.3016295465235405 0.02247514908304664 0.6837452295263148
0.00040062705243441767 22.583921981558596 0.2997483924634692 0.02262109065941524 0.6862680115663149
0.0003998140372188702 22.583125143118316 0.30072864950175904 0.022590108392664152 0.6852343142923457
0.00039882997131863144 22.583058930530854 0.3035213009800627 0.022486825635192585 0.6828771302236163
0.00039772483993633724 22.582885340808566 0.302844325699764 0.02252144710334873 0.683182735372393
0.0003972354455197805 22.57973549941548 0.2984781739415759 0.02255223833015079 0.6870310918829023
0.00039678871631764644 22.57934585977906 0.3020046840731089 0.02244485599960925 0.6834194325295253
0.0003959533109612658 22.578165257309394 0.30361434595222836 0.022564864939119796 0.6830987531885078
0.0003954289547570396 22.57621202161137 0.2996976410681185 0.022641628659500347 0.6866593442565267
0.0003948544290335969 22.575288839783422 0.3044512861767681 0.022508342620690187 0.6821808302057775
0.0003940434378787018 22.574541967894564 0.3011249419389068 0.022454619565163224 0.6842626290927564
0.00039316017993201236 22.573996619887346 0.30216986122216377 0.022548297352070375 0.6838564028712857
0.00039225254758602204 22.573386017278448 0.2982446005843227 0.02254118418823547 0.6870453168559992
0.00039126957123493275 22.57323832638993 0.30040680100151657 0.02262628880330668 0.6858547228766236
0.00039025327536344794 22.572813258872706 0.2984137244477092 0.022599712303985244 0.6874160059061089
0.00038924026452865664 22.572664199883445 0.2987416203276634 0.02261699018508146 0.6872965119609524
0.00038820043273103243 22.57239298792712 0.29861549650465546 0.02251237138377664 0.6865003962304626
0.00038735187774844725 22.571272402590886 0.30267572923405717 0.02254889350704614 0.6840245763424879
0.00038668705793520886 22.570061345913313 0.30094039183689125 0.02248567014331586 0.684774943021927
0.0003859055193337844 22.569552698494356 0.29939258713851374 0.022623828133757965 0.6865816386098997
0.00038493631631727923 22.56932683773424 0.29807238438426564 0.022547066997902866 0.687173767667022
0.0003841008523232831 22.568136438489304 0.3010021147084609 0.022565540829059632 0.6854026645483793
0.0003833110357622935 22.567682787373208 0.3011827302582414 0.022616130097588377 0.6855415746157344
0.0003822989495418354 22.56766562353661 0.3000681744460558 0.022545165465473332 0.685358898507882
0.0003812765264717067 22.567282344834524 0.3041384163394078 0.022493205471145437 0.6821885596270756
0.0003802798792185266 22.56714592116493 0.2990162910696038 0.022622686632107626 0.686869100778133
0.00037931965187355137 22.56658637009184 0.30194954231130744 0.022503709736281227 0.6836841254303686
0.00037841948299708017 22.566147017672503 0.30282552880674635 0.022600936428834765 0.6840245031180006
0.00037768431066473855 22.56472682232896 0.3037400988152765 0.022461229850482874 0.6822920781666407
0.0003769269307855243 22.564413458799013 0.3005342877470352 0.02254257643527979 0.6855696261708436
0.00037617770409448714 22.562960472429243 0.30032408904910557 0.022481688743986886 0.6847918472446517
0.0003754571086643072 22.562502985571946 0.29881130127545075 0.022620277132789413 0.6872547680289043
0.0003745090707412686 22.562273947354438 0.3035637983790929 0.022518268075619113 0.6827035958180669
0.00037348325640542557 22.562247804063773 0.303479705434058 0.02245624278537939 0.6825348279330264
0.0003724461068017186 22.562096815604278 0.29908768619412485 0.022634161296701823 0.6870870643423428
0.00037141470880584863 22.56205726258486 0.30223914107879285 0.022448564700795454 0.6832488962623915
0.00037037841450996475 22.561950217435705 0.3035807575797225 0.02255233505504747 0.6829933952305607
0.000369361562008841 22.561823079303743 0.30131799459824665 0.022626804640537276 0.6854384380418683
0.0003686256292011416 22.560208583728755 0.299340459376616 0.022579596872487104 0.6866750427175313
0.00036790261802643334 22.56001932718929 0.30349507524049196 0.022574901472531408 0.6833119035524333
0.0003669494525724891 22.559669153568052 0.2994048688260997 0.02261379113562288 0.6868322525293944
0.0003660081130044067 22.559430614789708 0.29960929186249735 0.022479651716347204 0.6854519697458172
0.0003651282640167101 22.558758701366212 0.30273639952152387 0.0224494520508801 0.6829059690556246
0.00036434586782201246 22.557998256175736 0.3026977530946933 0.022595708483746535 0.6839990795576428
0.0003635029301068127 22.557670175406535 0.3019549982313104 0.022555119698154057 0.6840683136502063
0.00036261864021275216 22.557150474912746 0.30235634775004633 0.02256627535398486 0.6843783388977122
0.00036170317267701223 22.557008402536777 0.30291170654720095 0.022473557806103668 0.6828450997369158
0.0003611071372653857 22.554734092004605 0.3014446673114773 0.022454437882639604 0.684032207480432
0.00036067374965546774 22.553693910465153 0.3027585142772641 0.022448032543340525 0.6829616903213062
0.00035989675752760646 22.55333337748233 0.3033666882272228 0.02245403794154547 0.6825460873468527
0.00035918483797797365 22.55194226398235 0.299168524196384 0.022506491426390093 0.6861358267758491
0.0003584220997846615 22.551873728689205 0.3027512007337949 0.022590254613726563 0.6839019790975884
0.0003574395842623697 22.551723478618293 0.2990274042848734 0.02251186290730941 0.6862795991094711
0.0003565699004784799 22.551038928576688 0.3027338732107351 0.022517744994330808 0.6837426031785897
0.00035569845072658496 22.550912024691925 0.3041672727759762 0.022503997004395832 0.682263317821485
0.00035471649148648913 22.550864542883993 0.2991630924863877 0.022497588140583266 0.6858594457782081
0.00035387073344651153 22.54998492682134 0.2993757395294093 0.022487453793817176 0.6857259401511899
0.00035309526872453367 22.54955188688824 0.29960385382034876 0.02248738000342755 0.6854340212849701
0.000352205760526161 22.54933129976355 0.3016151690397655 0.02246576465576175 0.6840712356151564
0.0003514633080851493 22.548075923417898 0.30122950968871665 0.022470115473362976 0.6840473239123268
0.0003507080951672833 22.54793776966576 0.30222686974124613 0.02256838175622543 0.6844877286765066
0.00034979436127735504 22.54760006996466 0.30339047768263105 0.022506645464418665 0.6831346460455118
0.0003489276808061897 22.547207562528857 0.3016164192408368 0.022456115620100654 0.6839373817275992
0.0003482125890831504 22.54601308325109 0.29803026480180994 0.02259517202527469 0.687548263436894
0.00034746621600609853 22.545809885117926 0.3019553317456457 0.022618741950937892 0.6848458366846831
0.0003465937337560991 22.545354341218253 0.2998926767321487 0.022597883781711573 0.6859413702804102
0.0003457221105530032 22.545160506996126 0.2999428145439382 0.022501009851128625 0.6851921943968348
0.00034500608763094495 22.54381737417274 0.2981551390307665 0.022572263103009773 0.6871476584383874
0.0003444637817780316 22.542623825442412 0.29939255666534725 0.022607105920249868 0.6864165810703968
0.0003437114513390506 22.54250862203411 0.299767710335454 0.02260397687130222 0.6860968614156784
0.00034276654685079587 22.54245022621345 0.3007499445387848 0.022631354816806632 0.6858729449439107
0.00034184817709275876 22.54219682788235 0.3042376810080716 0.022497337559970264 0.6822095569553595
0.00034093683073955713 22.542113459262488 0.3021422498047159 0.022580378434173463 0.684618747219208
0.0003400566836089756 22.541692666609304 0.30282031294511635 0.022463959618627766 0.682878673578684
0.00033929413799345983 22.540930946902613 0.2989887264422428 0.022506609865542825 0.6860483237851862
0.0003384849726692227 22.540797075886232 0.30286214352292173 0.02245162213499233 0.6829394529592662
0.000337668294923041 22.540093174916432 0.2987218237022242 0.022520164141302076 0.6863367880511522
0.00033693169454752426 22.539496932848458 0.30010792500297995 0.022511838473831574 0.6851210213389798
0.00033610274016676297 22.53935368325534 0.30119011875509427 0.022514466454501194 0.6848578736076981
0.0003352059293206065 22.53917631128796 0.29907890212037164 0.022549995619620265 0.6861873310109996
0.0003343822568984249 22.53861159250331 0.29904489531558204 0.022515386992289985 0.6862997752550776
0.0003335450218670041 22.538529203424872 0.2996980063298289 0.022539242029587313 0.6861117908079705
0.00033269591943529747 22.538050257995536 0.3028053849201971 0.022451374326452275 0.6828948078184942
0.00033199102222759846 22.537113494542833 0.30245073661385086 0.022606410003076716 0.684413321293764
0.0003312734968330453 22.536720896884862 0.3007412533311826 0.022628857660313806 0.6858795501395782
0.000330443776645951 22.53647427374481 0.3030024314641469 0.02247719381899862 0.6828154441473946
0.0003296494064122968 22.535881489373896 0.2996259588341411 0.02253768503347255 0.6856644684566535
0.0003289978952071012 22.534779288555544 0.30176606652669097 0.0224525369204519 0.683755660459072
0.0003282918177217173 22.534527654012344 0.30406481601801155 0.02247996840312663 0.682236396255344
0.00032747107061664173 22.53413686879177 0.3041011437129669 0.022511434693491494 0.682369729719287
0.00032674275012737177 22.53333352998675 0.3029724723761608 0.02246706681851126 0.6830731882598038
0.000326079449765814 22.532555036955873 0.3035960326214159 0.022539388345359082 0.6828815433373264
0.0003253370773613096 22.532247375020034 0.30146585370009604 0.02259417895349401 0.6847796046568628
0.00032447331652072877 22.532229206475428 0.3030363465736283 0.022482722142151003 0.6831905649317613
0.00032392004256879067 22.530020089760285 0.2998701916455739 0.022619803671224775 0.6865098627879327
0.0003233842563125328 22.529898234554803 0.30155652442949044 0.022618381902563062 0.6852092910287756
0.0003225665689349506 22.52944460776839 0.30290755743055836 0.02249633393421935 0.6829915609368569
0.00032198338076467865 22.52788016124322 0.30370698422018527 0.022518402215514176 0.6826411778552421
0.0003213736557341966 22.527598302665478 0.29889118382113133 0.02259882180910262 0.68674504643017
0.0003205206986708345 22.52756048920606 0.2999443567166211 0.022524843487080146 0.6858141556082606
0.00031968143353350374 22.527208861706367 0.3001181321863155 0.022531575573173607 0.6857546348552566
0.0003188545510274119 22.52710875723576 0.3016731972522599 0.02247379514472986 0.6841096196575643
0.0003181807485242485 22.52580992383256 0.29872365657100325 0.02262308870370261 0.6872006156785543
0.0003178933917592273 22.523287342808867 0.2990408020498984 0.022550756372883774 0.6866345835995932
0.00031747578314274245 22.522808654838872 0.30265816265393536 0.02259829524562675 0.6842140939975493
0.00031680833125242666 22.521869196955866 0.3025369194141505 0.022554675276485494 0.6841473786045431
0.00031618200595469255 22.521140226137657 0.2989442848695036 0.02250697426573533 0.6861983479435706
0.00031548967936416905 22.5206283833818 0.2988305170431997 0.022622902146225633 0.6871866565587308
0.0003148234058303659 22.51974505783808 0.29996463650738975 0.022627272774271696 0.6864489971381929
0.00031417357393765473 22.519138571579717 0.3024778730646328 0.022451702438616154 0.6831620610859994
0.00031352258012359743 22.51827271549197 0.3018507263148704 0.02260214850817842 0.6849312997079495
0.0003130968414652345 22.516237054107474 0.30018199316041955 0.022491210684312275 0.6849737208741039
0.00031268004754488125 22.51531684279043 0.3018260965347561 0.02258953107443547 0.6844976700457064
0.0003120946075973472 22.51436718900467 0.30025679195579696 0.02257268895347835 0.6859676187178595
0.00031137701158179997 22.514303881821714 0.29844128558136185 0.022532604053721636 0.6867192945739273
0.0003105250250029678 22.514232162259233 0.29973239537014706 0.022580394734966466 0.6863882984584422
0.0003096681728354144 22.514217047887733 0.30355769435367796 0.02247602118301841 0.6826816019929386
0.0003088628534918553 22.513828569277337 0.30029805072386856 0.022586666566380812 0.6855491006073593
0.0003081597546218122 22.513164957763212 0.3005831770269559 0.022471559352487052 0.6845988525777377
0.0003075691469981577 22.512056577172764 0.30303004768402464 0.022570143633432103 0.6838223491610894
0.0003069180348131439 22.51179538879413 0.29918026386777213 0.022580806356174293 0.6867654972972009
0.0003060992206355664 22.511793356610113 0.2997723014529709 0.022534542124719933 0.6860083314840615
0.00030525897116954933 22.51168861538989 0.3003405362183197 0.022578664237570406 0.6854466632989327
0.00030456490848301994 22.510743141471355 0.2993574060121965 0.022595397651362068 0.6867380368476707
0.00030386683797643967 22.51067611882984 0.29888686607001735 0.02262008469130721 0.6871440136465676
0.0003031645696104622 22.509770724571535 0.3014533895676577 0.02259925978715218 0.6848552501250763
0.00030262055662721933 22.508669243524857 0.2996452489971263 0.022630302717123338 0.6865477158543913
0.0003019792924369841 22.508415198094365 0.3035601216793293 0.022520836128388497 0.6830805522751928
0.0003011913539090919 22.50829831077008 0.30067566520563405 0.022548525505837896 0.6849518649300166
0.000300372181685611 22.508267557259064 0.30110187560800217 0.022549426826515062 0.6851900601827801
0.00029956092556741285 22.508114324854475 0.3014382090667588 0.02247273768238084 0.6842498195090068
0.00029875997173557997 22.50803086401382 0.2992864280510427 0.022574674773839735 0.6862235036209176
0.00029814782315344804 22.506626804045297 0.29995441528815214 0.022583764015844384 0.6862510693070901
0.0002976344183317442 22.505888319860333 0.3010877533642397 0.022617451613863544 0.6853249894200224
0.0002970788711771148 22.50477554326299 0.3029609467122296 0.02252650690076245 0.6831829793306003
0.00029649853143946065 22.504212039543802 0.30054747054274655 0.02250755120043631 0.6847723251709728
0.0002958613311536007 22.50349281602147 0.2989032729360172 0.022525298154967458 0.686460066364544
0.0002951994893022866 22.503106712963465 0.30119916072057507 0.022460787002444194 0.6842266770796804
0.00029510750148526013 22.49853725811495 0.3031806412741158 0.022550347747302107 0.6832531961834912
0.00029506306073472674 22.497818854565825 0.2992642783358798 0.022624821701854012 0.6868942560624018
0.00029434811001947877 22.497806554062613 0.30060831522140796 0.02246817944806897 0.6846152227685789
0.0002935688924601514 22.49753943913699 0.3000922825592465 0.02262550649121951 0.6863303971449688
0.0002928426321149553 22.497180968999377 0.30191825789331794 0.022605422824350543 0.6848632397652691
0.00029211429913530415 22.496941770775873 0.302092776503235 0.02251827349783758 0.6842093698408837
0.00029138606801977566 22.49659652495047 0.29976686797419677 0.02262660539740672 0.6865602935829694
0.0002909417884418982 22.494418947148695 0.3021661770968708 0.02256561780226918 0.6844916245417098
0.00029061827648895074 22.49324573423102 0.3019320574086242 0.022455384122211583 0.6836005265638389
0.00029002279169445194 22.49294699418329 0.29879279789871865 0.022617139409245375 0.6871561790780649
0.0002896615425080789 22.490167207014707 0.30076829205916145 0.02251863275052001 0.6846789137294473
0.00028928723712123443 22.48995875866981 0.2989136701825282 0.022513818175099776 0.6862595523079261
0.00028852315910209435 22.48988578287413 0.29933008954397783 0.02255263253814788 0.6864435241233807
0.00028773468502061585 22.489862512773982 0.3010707772154854 0.02254751243357163 0.6851904769194704
0.0002870149897176368 22.48932674092381 0.3017101403206478 0.02259451567943988 0.6846444606488543
0.00028630814505723357 22.489227549392677 0.2992790100329845 0.02250327770022099 0.685962057554023
0.0002855942778758926 22.488754696353663 0.30330811410717334 0.022565936692410395 0.6833618452615968
0.00028496455296490717 22.4880786327264 0.30202179381772665 0.02259606981930103 0.6844631232778617
0.00028432701510781644 22.48767164738626 0.3026863256878999 0.02250571896047984 0.6832235750375176
0.00028363535768875277 22.48738865175445 0.29940084157783536 0.02254102854542366 0.6862978544707342
0.00028298010403658317 22.486737672559087 0.298478227260917 0.02259512230401396 0.6871076475154507
0.00028233093439815576 22.486423433076105 0.29929727348649576 0.02253510593033721 0.6859412261495611
0.00028160913138936986 22.486300310807785 0.30206795276780246 0.022473133869714577 0.6834774183506788
0.00028111431587414103 22.484385569583356 0.30378450587888234 0.022513675407581833 0.6828093746526352
0.00028067599873965476 22.483865130726116 0.3002152113421595 0.022534515914098417 0.6852081923985558
0.00027997635592799284 22.483823347191784 0.30118244039461706 0.022493030918190528 0.6842209259040938
0.00027923283087720685 22.483631242296337 0.3013003610669248 0.022466977277680437 0.6840406746358222
0.0002785903965749608 22.48287918579235 0.30215352270808427 0.022579346401145704 0.6845705448703734
0.0002779660563447008 22.48256852263195 0.2989060391233441 0.022549256863565813 0.6866790500044546
0.00027724775885451194 22.482505757935826 0.2989128649697592 0.02251990384956163 0.6862207561932274
0.000276578358818481 22.481856366523303 0.2988394951435082 0.02256418882987576 0.6868441381981745
0.00027614661791741 22.480084761596064 0.3020394936594482 0.02260442332374397 0.6845789171910788
0.0002758018516376115 22.478809088476368 0.303834733922986 0.0225291558966586 0.6827176532606033
0.00027534769550986797 22.477836125151313 0.3024627952804306 0.022512374171758165 0.6838709243896655
0.0002748045259536884 22.477214735676835 0.2984783665885546 0.02255701571288723 0.6869813620972228
0.0002741897390708781 22.476773232497727 0.30359971244088513 0.022478814172206398 0.6826215564527548
0.0002735581190800496 22.476286283947893 0.3026994565970809 0.02258642126972873 0.683958556065958
0.00027295401851304304 22.475655029586466 0.30005411666774906 0.022483596465074807 0.6851121578750605
0.0002723141943097063 22.475441382492495 0.30374285452173 0.022482769823641655 0.682482079079415
0.00027162360630334626 22.475196388148234 0.29891395050201713 0.02261693906650985 0.6870181657161591
0.00027091444206552966 22.475134202780218 0.30147596851444525 0.022472998570478013 0.6842013618965844
0.00027020734142100584 22.47488908133321 0.30067319242552537 0.022469576073482198 0.6846364347761675
0.0002696400580927652 22.473804656617382 0.303195109828134 0.022537432234689254 0.6831438044197408
0.00026906376079766683 22.473635975981903 0.29833082790891885 0.022568133340111516 0.6871333974308291
0.0002683490611323543 22.47359368051602 0.2993187500865248 0.022581165457183534 0.6862726241239963
0.00026764417043422407 22.47336731576483 0.3012284136316948 0.022586197770190407 0.6853188746173018
0.00026697142390472964 22.47309941101337 0.3021080491002775 0.02257643529641682 0.6845860654831671
0.0002663822285302047 22.47225967704126 0.3002518128703121 0.02255985391255803 0.6853738709768916
0.00026593551955603765 22.47093068412497 0.30169781472826046 0.022612792357754156 0.6849979570876606
0.0002654043870899843 22.470733045318127 0.29967003280133003 0.022524968944883778 0.6859664761897013
0.0002647448954975159 22.47038328072096 0.3016081709095012 0.022460356459615038 0.683891478160422
0.00026417002012432927 22.469558599230282 0.30047545136506293 0.022473988232952342 0.6848280584771214
0.0002635966325671517 22.46920788572065 0.30044556929587857 0.022536950135032974 0.6855452960741353
0.0002630049573249893 22.468533136044496 0.3012512538639819 0.02246771172489882 0.6840983123505056
0.0002626058925916895 22.466726506934936 0.29847735754358995 0.02256077427809375 0.6870018691396669
0.00026212464081237194 22.466682806359042 0.3039066051993408 0.022500929897507602 0.6825082718022873
0.0002614527918680086 22.466342560951617 0.29903236393686267 0.022562621898401802 0.6867007965916805
0.0002608292143456584 22.465943124440944 0.2999007151244603 0.022535868799834335 0.6859096293536004
0.0002602140120953858 22.465551155522643 0.30120362832231024 0.02248560565620116 0.6841808701998107
0.00025955315175342194 22.46551597332822 0.30081756281363947 0.02262327803402585 0.6856719134062412
0.00025885038629996335 22.4654621670087 0.300449022100746 0.02258696522890214 0.685465402112907
0.0002581830061469031 22.465168953213105 0.30303034251627403 0.022506142359288623 0.6830126877305699
0.0002575247940013751 22.465058585778927 0.30360292516313164 0.022529210168200392 0.6828443011037024
0.0002568651990615937 22.464790557010563 0.29907039180189915 0.022587240300523427 0.6868487215207649
0.00025626611379868836 22.464222327082997 0.30162541296306006 0.022523117008131883 0.6840925561873539
0.0002556825147707988 22.46384514793365 0.30315683162042806 0.02251059100555055 0.6829633606861233
0.00025518614172702743 22.462604981666036 0.3012875566995221 0.02247517859508738 0.6843477387141228
0.00025467350642344573 22.462363382937863 0.3013212554967978 0.022529234352661694 0.6843558234735456
0.00025405270038656054 22.461984333616357 0.301590736844257 0.02248652474591522 0.6842662757176846
0.0002536005293685071 22.460425763239332 0.2993954430323298 0.022511860028112424 0.6859881185703651
0.00025316355849647003 22.459932743188944 0.2989629493582634 0.022612107163881828 0.6870131766128731
0.0002525692090970725 22.45962766218404 0.30175837061657235 0.022477819296533297 0.6840484983451641
0.00025214290864406696 22.457813996516663 0.3019350215120898 0.02260474676799173 0.6847951153378564
0.00025183958772393843 22.456537137212255 0.2994648515410292 0.022499734376468142 0.6857468237522328
0.0002514352608201115 22.455530716025415 0.3032594983885881 0.022526666042221935 0.6833367811789748
0.00025087437681048385 22.45550775423974 0.2996022926855946 0.02257032148609574 0.6863773229690282
0.0002502130948574168 22.455315253607225 0.3025413172383771 0.02258489743307099 0.6842445040996692
0.0002496021121826613 22.454904431222495 0.3032831134395114 0.02247507813038905 0.682715412660166
0.00024904274673039317 22.454310478451685 0.30094854383712333 0.022575507465923888 0.6854557227276673
0.0002484553174021613 22.454136688254593 0.29998796020518115 0.02257985415169063 0.6861748975330362
0.0002478049421825332 22.45406325432334 0.30149148664065945 0.022538725354005293 0.6847991316528599
0.0002471398036741534 22.45402404610031 0.30120314104128654 0.022597482717771154 0.6853808491479416
0.0002465180807774232 22.453614123572073 0.30088367892260703 0.022554620282021633 0.6848713843903595
0.0002458941101773535 22.453607082957063 0.30242215640070463 0.02257352822067161 0.6839829468913581
0.0002452279822583864 22.453555206002378 0.30240376345979275 0.022553834369923465 0.684210224161336
0.00024460524715816113 22.453209366797182 0.3034263505799429 0.022480976653095577 0.6827754113343989
0.00024400234066442465 22.45300907527415 0.3013668664841182 0.022612383415888882 0.6852787775370759
0.0002433669246581022 22.452943875641704 0.30108547384717005 0.022467177925018154 0.6842863145839979
0.00024272030888908408 22.452850804984564 0.30347311942202637 0.022513515211135784 0.6828010260890188
0.000242153754791023 22.45213970020116 0.30095073886084767 0.022475653918048958 0.6845664339931772
0.0002415941838976252 22.452000640826796 0.29888898940286873 0.02253153682416207 0.6864810337902615
0.00024110105413146463 22.450750535706177 0.3017360074148527 0.02246874614538758 0.6839391929723381
0.00024064135089431335 22.450342196506558 0.3010351399558331 0.022612291623472766 0.6855502854310574
0.0002400560788558686 22.45014676648864 0.30063726471646907 0.02256182532581265 0.6855898510942406
0.00023947717061538736 22.44969839844087 0.300267431360541 0.022503533483658005 0.6853475009683535
0.00023890433043090962 22.449464924868618 0.3028391178245591 0.022486387442953025 0.6830316695372856
0.00023832837339312732 22.449055428458152 0.30024204465187143 0.022509576814648262 0.6854264689376279
0.00023773724639322135 22.44896236532502 0.2988560377765239 0.02255250716700079 0.6864557305634857
0.00023712160321312818 22.448773282956072 0.29958664587403916 0.022497830750448485 0.6856575833353
0.0002365465984534808 22.44835125359793 0.298696974077308 0.02258823871569422 0.6868813727505554
0.00023599694012191652 22.447960232266357 0.3011173120254777 0.02250250254050074 0.6843408530171625
0.00023545434254166958 22.447490184587522 0.29965334570596214 0.022596208199183395 0.6861658551841954
0.00023490677539123075 22.447153146546697 0.30227008914340053 0.02250537837311138 0.6839402616246698
0.00023432282466760224 22.447005656233124 0.3010137625716278 0.02248639994682508 0.6846577229936227
0.00023372328191906443 22.446815683545594 0.30010643882333937 0.022581206755270547 0.6860960100977166
0.00023311236417622 22.4467801534135 0.29887924319422365 0.022609390153170955 0.6870079583172215
0.0002325095312955717 22.446535600647145 0.29998584503275816 0.02260626156680592 0.6863139618639447
0.0002320254688293149 22.445490694098645 0.3029357785594215 0.022575903821127053 0.6837376922949161
0.00023159646262290763 22.444779793355938 0.3033187393889249 0.022486700369053862 0.6827386298206221
0.0002311078596847577 22.444258496845194 0.2990603591337671 0.02254493957555401 0.6865174024367914
0.00023055274701944573 22.444134516080236 0.3011689322860683 0.022481119511959826 0.6844872970555452
0.00022995184439803998 22.444024296732795 0.298635204733251 0.022542203253900092 0.6866446098015281
0.00022934835152303633 22.4439377680179 0.2985290700195289 0.022590698589984682 0.6871271982987021
0.00022879122489275822 22.443437217067824 0.2993265280255389 0.022512258731042453 0.685850329685286
0.00022825378391323344 22.443191017976744 0.2985228076990493 0.022576812448443628 0.6870721990348378
0.00022768822743255055 22.442949683042162 0.2996884892991979 0.022612716631645775 0.686538645923414
0.00022717106450574523 22.442290853447084 0.30272516841871155 0.022481213918038354 0.6833515857421782
0.00022663284597712756 22.44224656228441 0.30323203836881146 0.02255871332031798 0.6833668933337579
0.00022607877140996157 22.441740557585227 0.30237637983032706 0.02250840888577005 0.6834774921164419
0.00022554942566465505 22.44148993811184 0.29949647796821566 0.0225169879930587 0.6859721352778291
0.00022496493247375768 22.44148636718422 0.30379111071762804 0.022521691770958988 0.6827622600431335
0.0002243706057952192 22.441338110713748 0.30054819597685273 0.02261992089998895 0.6858081984724808
0.00022378900957095005 22.44123595267554 0.29931150553268804 0.022508210815306212 0.6859337041771216
0.00022320610163164948 22.441114127820274 0.3037200699449409 0.0225325920725431 0.6829052742322057
0.00022264561617372803 22.440825318480538 0.3018030885354791 0.022574592689823654 0.6844055548022163
0.00022207332475416425 22.440823597066107 0.3010583230123235 0.02246919378510356 0.6843456796379457
0.00022162960827213407 22.43938888781502 0.3017419604584902 0.022482948501696198 0.6841036839957385
0.0002212430242056631 22.438878458016333 0.2986634613222899 0.02259623959034061 0.6870252798990514
0.0002207477492356045 22.438435788903274 0.2992253006263612 0.02251168351394723 0.6859864929844273
0.0002202422912047591 22.438028915811454 0.3011356104807895 0.022591879560795423 0.685396970351519
0.00021973474188171813 22.437616839455362 0.3030550514101941 0.022471655363362066 0.6829368140391459
0.00021921105034400164 22.437368926592097 0.3012716276564344 0.022614048120940502 0.6853195461740788
0.00021864504235465196 22.437356450317427 0.2997186313020157 0.022599568960093637 0.6861570629295468
0.00021806817603120047 22.437222698173763 0.3015068720261684 0.022541413809868027 0.6847999644058471
0.00021751945756958327 22.436966498357883 0.3014743638743524 0.022588875023293743 0.6847754117990227
0.00021696555548924733 22.43689433675762 0.3035974483294658 0.02252868194973264 0.68303029566588
0.00021646706594593065 22.43614028770612 0.3017557022901425 0.0225136373056964 0.6843907606703277
0.00021600641860629205 22.43572900203208 0.29898856215666003 0.02259206849449104 0.6869027537876231
0.00021550743456301148 22.435340891221227 0.30058600096656773 0.02248331720192929 0.6846887821490291
0.00021507085698492209 22.43436098980708 0.30289288799034925 0.02248032339113171 0.6829847036022147
0.0002146151304566057 22.434160040746733 0.3034415995262287 0.022487528906777996 0.6826919257840993
0.0002141724026962991 22.433069170813223 0.2994431953131488 0.022511058123659323 0.6857496923731645
0.00021376074906271486 22.43258630633183 0.3001518692737002 0.022620496087977573 0.6861879546178793
0.00021330475638352367 22.431919748792087 0.29950737492494606 0.022503113620781785 0.6857060239694678
0.00021285608309429542 22.43137805701811 0.2992202688047507 0.02253302322219715 0.6862967519096421
0.00021239597823590275 22.430828986913724 0.30272866245205876 0.02257681774138515 0.684029078566842
0.00021193277858212847 22.430326798017322 0.3005692979591026 0.02260585404507028 0.6858753082898889
0.0002114428568671408 22.430040974558192 0.30063304826849235 0.022607859741263295 0.6855785879992216
0.0002109412654408638 22.429661225810158 0.2994329270187389 0.02261334255777875 0.6865624503876407
0.00021053874474478567 22.428446495490398 0.30212777104183314 0.022569215070665605 0.6845041713643449
0.00021010776141438923 22.42834513548896 0.3001470967203237 0.022610348422391683 0.6859631076258897
0.00020961817259089737 22.427699353917266 0.30286919397053275 0.022502234388146903 0.6834367423352674
0.00020928420940931615 22.42612221674225 0.29973699546437294 0.0226173327448066 0.6864783362778575
0.00020888941378485488 22.42606353117201 0.29978027237110133 0.022598706792832435 0.6864088795992614
0.0002083553105434994 22.42583200518832 0.30024517475034906 0.022499505903148507 0.6850213623617294
0.00020784138569865748 22.42559329778751 0.3032376481047058 0.022526923092754284 0.6833329136910946
0.00020735080099747145 22.425149875769627 0.30218500132377285 0.022557962965432842 0.6840028732720648
0.00020685228581013597 22.42499995907032 0.30260893591088567 0.02250562373843952 0.6836696911421154
0.00020634301814043116 22.424673453434313 0.3027787722500707 0.022579689425815473 0.6839282337649761
0.00020585688577270868 22.424311893540672 0.2992671781778598 0.022612260358294847 0.686769298523208
0.00020561533114668953 22.421618400055493 0.3015051695904779 0.02259731079561355 0.6851174216307706
0.00020536124732380324 22.421378545627174 0.30304112318496323 0.022518306075217397 0.683429391894572
0.00020486762246678983 22.42102804655291 0.29929543726541674 0.02261119449703659 0.6866666585365792
0.00020438350515025446 22.42070771196608 0.3012673563198056 0.02259770420931162 0.6853066504428533
0.00020387145339580235 22.42064345982593 0.29947811399450985 0.022590927821103144 0.6865698566067804
0.00020341806684555304 22.419759990008245 0.3036077915884527 0.022527313131737406 0.6828936915045262
0.0002029831645749984 22.419524033503723 0.3013996093658403 0.0225884926501945 0.6848339570386779
0.000202499315963982 22.41913428180398 0.301380482460209 0.022592196490882812 0.6851965446123048
0.0002020169626212783 22.4188958572738 0.30355595467918095 0.02253725737284052 0.683029670699881
0.0002015087502763765 22.41877517495496 0.3015843743066738 0.022479939349102175 0.6839089651227854
0.00020101486616402373 22.418407936394782 0.2999611997594124 0.022531742238425898 0.6858056000192769
0.00020060904190847986 22.417422200442743 0.3036678100116975 0.022512353676338772 0.6827929040858509
0.00020017088410193064 22.417386604719997 0.3002775724122475 0.02257383282439756 0.6859111918337986
0.00019974715375817734 22.416267392123835 0.3008049484309339 0.022491554739946993 0.684548826148755
0.0001993472021269002 22.416002408118484 0.30009758721043145 0.022617921214967626 0.6862024130004265
0.00019883961019897398 22.41597493139934 0.30040233018991624 0.022505663340839144 0.6849279290057723
0.00019831877008100358 22.415857643757395 0.30247602400737567 0.022576672342481636 0.684018142734919
0.00019780864126931277 22.41573667656873 0.29904184164310327 0.022584552063391182 0.6865752595999335
0.0001973456871685139 22.41515554777684 0.3024154614118627 0.02249576729897392 0.6837205684933666
0.00019688042930254805 22.415069757041174 0.30128032823881157 0.022569463503049052 0.6847325740800789
0.0001964495903293773 22.414150510965882 0.29945016854975204 0.022535857267031757 0.6861710271647454
0.00019603862528182992 22.413871995205167 0.30328896739089256 0.022549067680714262 0.6833969995569604
0.00019559919854226333 22.41325368493077 0.30354852635697394 0.022525472774302953 0.6829083143190797
0.00019532556601232627 22.411288264628848 0.29876993379965466 0.02254877356463351 0.686569965472323
0.00019502745328871626 22.41092370094589 0.30260760419832494 0.022495428168686535 0.6832619964037394
0.00019456114552977364 22.410693020544116 0.29978320622202 0.022542435186894534 0.685640198261957
0.00019406859957239814 22.41061132195673 0.3011950195299325 0.022578266552493398 0.6852641316079481
0.00019357830827650322 22.41037123492275 0.3017101484611585 0.022585633381828615 0.6846022014013609
0.00019309102983084336 22.410272109605977 0.3019858103604032 0.02259487360357504 0.6845531272964231
0.0001925909161563137 22.410179057125312 0.299285288053677 0.02260784167432432 0.6866420452112793
0.0001921305604494217 22.409680492511264 0.30023619096716603 0.02248864689260207 0.6850409091037856
0.00019170996811974253 22.409184831380642 0.3007128775474765 0.022544732646624193 0.6853886986811694
0.00019125308917224742 22.4090761751388 0.3033880038613098 0.022492983424383835 0.6827814707785423
0.00019078940466028338 22.40866429276742 0.3022112232828939 0.022576516791659933 0.6844575064656223
0.000190326776129286 22.40855719962965 0.30330600052013934 0.022497291334514273 0.682840123914775
0.0001898270572396305 22.408548912637414 0.30076772924090067 0.022510672412730963 0.6850556401533084
0.00018935099687239463 22.408206757746612 0.30183736072438033 0.0224687319898901 0.683752119880456
0.0001889125567128914 22.407813648676985 0.3006238801822864 0.022520839989797783 0.6848452081581706
0.00018847398621597698 22.407484506096207 0.3031014444776937 0.022529336002170136 0.6834500911616388
0.00018801306059224005 22.407340927981426 0.3033161198838403 0.02254812836387857 0.6832576361662902
0.00018753209781666494 22.407238468876116 0.3015148509824929 0.022502884930795358 0.6840727976731271
0.00018704061230995312 22.407221544242294 0.3019400359626867 0.022598677822781 0.684704604373416
0.00018654615600985534 22.40716573733201 0.2998102266862599 0.02253556755740396 0.6859326643981609
0.0001860654270545104 22.40701627028016 0.3022084003244882 0.022542332484446155 0.6842594476206458
0.0001855953363857119 22.406860107151953 0.3015109173745398 0.022591704474120684 0.6850821787287398
0.00018512589050894915 22.40671744265006 0.30046919311843234 0.022483178521482787 0.6848737252304942
0.00018465291141573888 22.40661335345453 0.30255724813182366 0.02254466723857858 0.6840001552238717
0.00018423018813693346 22.40593911921256 0.3016706714308924 0.022592207157099232 0.6847083911411717
0.00018389087924545393 22.40493884218555 0.2987891803244706 0.02256607929097579 0.6866609209453711
0.00018357782915784574 22.403985785260517 0.29946788484563763 0.022510149488668824 0.6857896075507004
0.0001832641569887552 22.40299878002309 0.3015803436255276 0.022496782269484136 0.6839946082125569
0.00018287283441252103 22.402901155520308 0.2995686308934721 0.02250715575515262 0.6856859632880691
0.00018241513037105047 22.4026521523528 0.30357849258931324 0.022516883418701193 0.6828569735365488
0.000181963056629533 22.40250611547673 0.3014040064949244 0.022471850746146205 0.6840921021952425
0.00018149855832926194 22.402407299675758 0.3023328813110886 0.022471759630759886 0.6834777445712875
0.00018103585319941844 22.402255483834924 0.30015900629077813 0.022528526719799193 0.685634149186252
0.00018061229264701163 22.401737126199965 0.2996467986157755 0.022513379116233828 0.6856046373289897
0.00018019667240525374 22.401508894227863 0.30109206147769163 0.022482895466515506 0.6845211301777054
0.00017975188753149073 22.40132658793464 0.3011134457765037 0.022610951509957993 0.6853813455205493
0.00017932128664911666 22.40095329162272 0.3020538213633113 0.022490905503661486 0.6839335851472061
0.00017888901283031624 22.40080203026111 0.30113091510755097 0.022578328585178314 0.6849290846918252
0.00017848231340344617 22.400154757252338 0.29924581256499855 0.022599185660115716 0.6867358450916782
0.0001780741344099399 22.40003111436378 0.3003806666750721 0.022610065624799263 0.6858209840618473
0.00017761040558879825 22.40002080103237 0.30166380447923363 0.02258688421638577 0.684936746392448
0.00017714368637126578 22.39994549301717 0.30003934468032456 0.022614697404352936 0.686157516065267
0.00017668249278176212 22.399887433877186 0.3022027590438624 0.02256528143136237 0.6844035788408656
0.00017624744139928361 22.39952997966284 0.3008566460545854 0.022610188511930952 0.6856246017197241
0.0001758222982755307 22.399372189474175 0.300236476180471 0.022612298181170592 0.6860962344219832
0.00017538563889589248 22.399158654019665 0.3013627916610707 0.02260525673833879 0.6850982043625563
0.00017494561978323922 22.39905253612989 0.30080555723423225 0.022606035472403384 0.6854663531898785
0.00017456800884448417 22.39813749428337 0.302624870668323 0.022515383371510107 0.6837232052955652
0.00017420541898571865 22.397868602172636 0.3029148138277118 0.022543681574617485 0.6834277532747157
0.00017376914135982337 22.397811202747693 0.29939323037115 0.022588537563200055 0.6865932430600215
0.0001733222444942665 22.39767836620486 0.3030894250111744 0.022552483902006565 0.6835813655841251
0.00017288584712321574 22.397513669737904 0.30027980229553647 0.022608876161561743 0.686062699058017
0.0001725292460106757 22.39646932202095 0.3025566663768108 0.022481828881953395 0.683444525675332
0.00017220776383277084 22.39590544513289 0.299669956581521 0.02258477333175091 0.6860790796702756
0.00017181439595187467 22.395705586293165 0.3012373044922355 0.02259521763848461 0.6850382974977779
0.00017137637333987566 22.39567419160857 0.29925318901146514 0.022543367190575415 0.6863455275096391
0.0001709528933589143 22.39531814309802 0.29877465851888085 0.022554114685093975 0.6866798829609384
0.00017063666736786052 22.394042498559433 0.2991365474832295 0.022533548839163475 0.6863044908037101
0.0001703730857340961 22.39307521345004 0.30226202830047066 0.022571780087177595 0.6843820267586053
0.00017001440921931237 22.392923373846138 0.29952880256401726 0.022523662621043536 0.6859809117913329
0.00016959360404438005 22.39269860980086 0.30183437181596134 0.022475827599993035 0.6839010736221546
0.00016920474651535065 22.392182251697893 0.3007255805392917 0.02253664348959428 0.6848827492043712
0.0001688203246723165 22.391916166754314 0.3003998089770353 0.022585277871653077 0.6858775360456595
0.00016839844332054387 22.3918558970893 0.30274587846144196 0.02253833603877184 0.6834885079566353
0.00016802083139031383 22.3910762669848 0.3027674553325792 0.022477725076977425 0.6831277011657542
0.000167670634357613 22.390699496389903 0.30180241852395284 0.022540813193412276 0.6845499198202135
0.0001672908751737201 22.39028286576667 0.3009392541771768 0.022484298876004703 0.6846263332572773
0.0001669461424853382 22.389497535607187 0.3020107346715928 0.02247563748994611 0.6836230932529422
0.0001665734893590094 22.389425119248028 0.30009284554783855 0.022546185438136503 0.6858222756987634
0.00016617250450071117 22.388991762334264 0.30344398219988966 0.022528122929067813 0.683025441834308
0.00016578089904116335 22.38881853266219 0.30270518027345666 0.022549185246012272 0.6836133976338906
0.00016536380140157845 22.38870549767187 0.3021011499531684 0.022502285357963305 0.6840029599967083
0.00016495398208801997 22.388457579628042 0.30073118277505684 0.022498527660699163 0.6849407165876439
0.00016455486837863912 22.388227553518 0.3017617337969656 0.022595830451446267 0.684726313415391
0.00016415729178236352 22.387973473701294 0.3008038837374504 0.022611589170267957 0.6856091444077851
0.00016375679600984128 22.387791621667713 0.3002573370733373 0.022613674583007146 0.6860244680354807
0.0001633500465785092 22.387626890665054 0.30189480218322723 0.022488185173579048 0.6837380891168426
0.000162948482136866 22.387394610162442 0.3016640977414382 0.02256873440210575 0.6848379720542042
0.0001625709885341594 22.38694666142193 0.2992590459672749 0.022524926437851405 0.686029352762235
0.00016219771379498966 22.386673821050355 0.3000429456301121 0.022528991232365868 0.6853616324191999
0.00016188628113851782 22.38547329625702 0.29955231624723616 0.022598957964718072 0.68633059635151
0.00016157714644855114 22.38517935126029 0.3013190155578425 0.02259940650140041 0.6850501467780192
0.00016125124323296313 22.384195327796267 0.2992707192961045 0.022584583699319358 0.686412431741888
0.00016092054694964955 22.383969333864847 0.2989111764784839 0.02254615514557521 0.6865199662982993
0.00016052088517650028 22.38385386272963 0.29948252136083486 0.02257426544562794 0.6864365430209489
0.0001601061433864464 22.383829469090713 0.3022270142858254 0.02251259699050737 0.6836426929695665
0.00015969551132634987 22.383676778552207 0.2994708872348343 0.02251925418912545 0.6858088251324904
0.00015934174111940453 22.382952599003644 0.29987196419302153 0.02259808919696964 0.6863052981458938
0.00015899428654377062 22.3827307716436 0.30121034773342475 0.022537390875770988 0.6845360783918856
0.00015860132123428691 22.382590859627904 0.30018837443050683 0.02250665930496967 0.6851331843854991
0.00015827263491961373 22.381569809285182 0.30109696911717637 0.02257518701622549 0.6853020975941315
0.00015793454539979638 22.381557756377195 0.2989570359972351 0.022575002061124238 0.6866058314292786
0.0001575257558809677 22.381444382282123 0.2988598602374253 0.02257010756075679 0.6867671373567912
0.00015720316294189312 22.380349809269777 0.3003707016195298 0.022511580429098257 0.6853144129395693
0.00015687415558482415 22.38032669585847 0.30056183587668106 0.022606165939832997 0.6856610229843778
0.00015646089005874698 22.380318806840435 0.2993053810389571 0.0225825703872948 0.6865987866395076
0.00015605572125222341 22.380206690756957 0.3023225188123771 0.02250911996178148 0.683891953149797
0.0001556619614193101 22.380066477803616 0.30182852443760244 0.022498809046403674 0.684165643151758
0.00015529291688471007 22.379649603424944 0.30098541414655466 0.022522891467833976 0.6846019175056635
0.00015494086516691516 22.379301980032906 0.29955184451927735 0.022583826048231326 0.6861778024717671
0.00015457161024895482 22.379118740812782 0.30029835653058307 0.0224956745415984 0.6850190387569023
0.00015419852201987633 22.378833029737134 0.299594711712567 0.0225763206376938 0.6860747990393907
0.00015381744667601404 22.378766078961462 0.29919093012085946 0.02253707222063917 0.6862963233218028
0.0001534154793381077 22.378765805500397 0.29967597568096527 0.02251085533971757 0.6857169273364886
0.0001530312384034634 22.378481690947577 0.3016895737945037 0.02247463722443959 0.6839452198963897
0.0001526603585763012 22.378319683260887 0.3029719386598756 0.02253002849629889 0.6835385125299949
0.00015228832810938947 22.378063252087085 0.2990596746538463 0.022542244190271628 0.6864137757791432
0.0001519514068578457 22.377451756919232 0.2989828482226315 0.022553576380436723 0.6865661684011217
0.00015161404501498344 22.377211489310774 0.2996047772392466 0.022511415818766964 0.6856948065943749
0.00015129904295045697 22.376315199682967 0.3019612258141443 0.02251159359971062 0.6838251698087787
0.00015097869871141188 22.376154627406546 0.3006172029036914 0.022572283115163662 0.6852579406263801
0.00015060156644134483 22.37602229555964 0.3022530052584465 0.022519448426124123 0.6840313977939269
0.00015022466001064498 22.375872015651964 0.3014922816903053 0.022598609020539822 0.6850732112507674
0.00014988903840289496 22.375202102459717 0.29986963927314386 0.022576818111694544 0.6858645481273019
0.00014955280089727925 22.375070544684384 0.30132611957624283 0.0225521169050324 0.684979076163014
0.0001491797056937764 22.37490567493663 0.3017739899815224 0.022564393957933616 0.6843690218746676
0.00014879832618490654 22.37489872694909 0.3019298651801214 0.022564116539043867 0.6842619390156995
0.0001484187425314544 22.3747235695584 0.3030851488891953 0.022494413629223005 0.682999020721769
0.00014807957212995083 22.374184533110224 0.3029206425394255 0.022502046996938183 0.6831301684335365
0.00014774294075555508 22.37398604259612 0.30061152141688113 0.022505586652638673 0.6847931663091111
0.00014739222791271232 22.37364923772125 0.30193214369792326 0.022527955049754946 0.6839591754366079
0.00014706039791845447 22.373205916372104 0.2995358501345665 0.022525138425580668 0.6857782556625596
0.00014671605312336936 22.37305051095905 0.2991343430802355 0.022539059296446805 0.6862156478409082
0.00014639315184301828 22.372326041417217 0.30262101222303917 0.022486033930116937 0.6832499011456848
0.0001460726779769921 22.372147523003363 0.29967540151859107 0.02251150799498914 0.6857130970118139
0.00014570543623023592 22.37207537942404 0.3007436970802619 0.022532451894855508 0.68524706441136
0.00014532861794900294 22.3720421127752 0.30000787139191 0.02256991535040193 0.685698937206384
0.00014497310855963067 22.371690166156263 0.3031652325569485 0.022516123761423392 0.6832590640809728
0.00014464519215022119 22.37128799844911 0.30244914204331247 0.022486868771796488 0.6835612272682284
0.00014429292110090748 22.371284529261004 0.3033214278348511 0.02251570822945894 0.683105490221372
0.0001439143104797497 22.371261091683373 0.3008683539426019 0.022579207840056473 0.6854881309476694
0.00014357145662931693 22.370774043452737 0.30041153611315013 0.022491083250079313 0.6849481534029008
0.00014323906695245018 22.370616450802896 0.3012338531088205 0.022570024657346914 0.6851622184760485
0.00014287477118441288 22.370587528355482 0.30322639276051405 0.022530868805622647 0.6833056621718684
0.00014251486468237572 22.370382076259087 0.30123916611809987 0.022537794300223554 0.6845251384484439
0.00014220233390409604 22.36970020428543 0.3032146599489395 0.022496036703958215 0.6829914077057375
0.00014191845833199016 22.369100981325786 0.3025617032259767 0.022510491207183347 0.683709819417709
0.0001416016741459702 22.36889244421362 0.29948996826030455 0.022588337992741583 0.6862829551344997
0.0001412521517078095 22.368767491731163 0.2991961909080185 0.02253592672186775 0.6862626734166087
0.00014091219466019997 22.368436142607862 0.2998413864667303 0.0225849923843129 0.6862505393840005
0.00014058888508637236 22.368086618252832 0.30299205525886064 0.022501381980095533 0.6832726741411552
0.0001402627875511653 22.367806237531788 0.30286145903863876 0.022546082629152007 0.6835109456900433
0.00013993866025928332 22.367440037801686 0.30252635947943934 0.022570758392082994 0.684119374868086
0.00013965493443422397 22.36659241291375 0.2994408953027391 0.022579523409802307 0.6864817415617254
0.00013936213082526978 22.366365013022182 0.3014293388078793 0.02259491834651176 0.6851141488231621
0.00013910236049612015 22.365052315314216 0.30084866883965344 0.022490500872330458 0.6847406698263915
0.00013887337008693703 22.364388280479407 0.3025569385735687 0.02257204630937621 0.6839883901045256
0.00013856005698382993 22.36429861792017 0.3009635287380329 0.022513456425026442 0.6845698440071344
0.00013820344179960666 22.364272173390884 0.30194047505201116 0.022585267987148692 0.6846656740824156
0.00013787367934710797 22.363806978287915 0.3007806901370806 0.022485406721404016 0.684672433246128
0.00013754659511918378 22.36375357870795 0.2999703759280065 0.02253517312120412 0.6854742360491735
0.00013723446733038326 22.363082501884932 0.29899776334189965 0.022551003215488814 0.6865004634641402
0.00013695928346581042 22.362500298488364 0.2998258254231563 0.022606973629465375 0.6862930009246841
0.0001366439076085729 22.36242605804983 0.302707420500277 0.02249689628206468 0.683457664013909
0.00013633026181178787 22.361829926137844 0.30035927702734416 0.022596224240868032 0.6859342328958485
0.00013601546487080265 22.361783652045837 0.3015150025858443 0.02249278399199495 0.6843139470640225
0.00013567430958696814 22.36158752848722 0.29976694901190243 0.022586123864980788 0.6863010111620348
0.00013534359669077725 22.361400236358964 0.30316849651288774 0.022543578360027974 0.6833737728174669
0.00013502586254712792 22.361024466984635 0.2989801377344575 0.022563472697219644 0.6866238229497039
0.0001347377726216012 22.360408781835634 0.29903682859147473 0.02257391356102708 0.686673141813745
0.00013442931864724556 22.36034556703637 0.3032039111439561 0.02254008436575749 0.6833217442644288
0.00013409588928999972 22.360113650607982 0.3017532015528427 0.02255096398051969 0.684640800877003
0.0001337770718575854 22.359844967293157 0.302152689752283 0.02248883838808379 0.6838000266916047
0.0001334465862768535 22.359799915136087 0.30325664519885065 0.022534148946859983 0.683233114951048
0.00013310965713462605 22.35964100913108 0.30329749586209875 0.022514789057393715 0.6830369139246225
0.0001328011848658136 22.359180819494245 0.3033079335162164 0.02252203720256662 0.6831298262308062
0.00013249201370670968 22.359043777875797 0.2990042029323502 0.022581536354643744 0.6866823449350508
0.0001321634979440578 22.358887901574324 0.30045178065332606 0.022508623572418885 0.6852121375827601
0.00013186119759490538 22.358366221560587 0.3022606311385988 0.02249890400637024 0.6835569920526368
0.00013154967317319748 22.35836158231666 0.302382471749928 0.022500975267423593 0.6837526511843928
0.00013121791219525747 22.358160278211376 0.29959825252765193 0.022546425286246688 0.6858558400659951
0.00013092058154476474 22.357643023293765 0.2998090560400527 0.022520366972915953 0.6855344531639651
0.00013062118130804362 22.357484204450785 0.3011534778652665 0.022489414150285846 0.684518090161566
0.00013033372086079448 22.356794978152962 0.3025793444594282 0.022490077289435983 0.6833090857710648
0.00013004691042039747 22.35663624069336 0.30294601893622114 0.022555778745846827 0.6836368187593254
0.00012972686861497865 22.35646975815861 0.30200636666290637 0.02258036139904366 0.6845898516326431
0.0001293974691263117 22.356468474156273 0.2992299575443568 0.022565139017652225 0.6865033118727092
0.0001290603409155557 22.356435399323512 0.30135245510068365 0.022570662598881443 0.685066957639473
0.00012872682741789254 22.356392267537444 0.30260079438075316 0.02254229490310815 0.6836421042901388
0.0001284256589004819 22.355869509288183 0.3010717642124391 0.022486710756586467 0.6845292281626542
0.00012812265920526624 22.355866430801466 0.3031314650942629 0.022497755045573553 0.6830611510738136
0.00012781286788386245 22.35546185886782 0.3009593889580102 0.02251832007885696 0.684607655427598
0.00012751467239283375 22.355289169280976 0.2989817111173335 0.02255611202132427 0.6865129446736873
0.0001271946067194687 22.355240057355893 0.3002937899299761 0.02251516835655701 0.6851075866562724
0.00012689696130183502 22.35472730634503 0.3025268300911206 0.02255556095746815 0.6840484404405401
0.00012660701456501062 22.354568034192223 0.3021803809031124 0.022511256419372575 0.6840016002696752
0.00012629135040974888 22.354473689087175 0.30253422761065135 0.02253251625903175 0.6836033548361145
0.00012597374528524157 22.3543583676146 0.3001744181453401 0.02258473909467562 0.68600725782497
0.00012565362731017894 22.35431736783746 0.30090375133481295 0.022504848633646293 0.684865531202274
0.0001253498084533594 22.35395559504662 0.30143286492959565 0.022517234076258996 0.6842521933751631
0.00012506819502034155 22.353571755135235 0.3018091396807278 0.022587693511819433 0.6847666186801099
0.00012476679667255318 22.353537809877484 0.30037983324403994 0.02260564801190602 0.6858309373512235
0.00012447093684049646 22.353077327317852 0.3025896361403343 0.022568551487718826 0.6840261155367284
0.00012417724931269408 22.35302017684154 0.2999261281883253 0.02250756746334503 0.6854130856577901
0.0001238651930206316 22.35286813358872 0.3024129085379831 0.02255449374274147 0.6841364228238325
0.00012355245481212963 22.352835330661318 0.29909170755680675 0.02254496962318314 0.6863443797013908
0.00012323504058344033 22.352772629105424 0.30291953124574267 0.022555918060944286 0.6836452745038409
0.000122933630872742 22.35249332168266 0.3006232000221075 0.02254268904537028 0.6854039871427089
0.00012263097167744286 22.35246358833975 0.29969781662109674 0.022521588945476227 0.685644814620819
0.00012231660931168845 22.35238846224895 0.30188203707162714 0.02248352268013608 0.6839227049067199
0.00012200752602292122 22.352286018964403 0.3009335264722028 0.02252482775644461 0.6850352823792811
0.00012169956997340178 22.35220581699013 0.3002589030177936 0.022498038761614346 0.685166523343926
0.00012140540325526645 22.351889618380405 0.3006656453705563 0.022596249010802705 0.6856988666167527
0.00012111965775778348 22.351682631250483 0.3016758361637327 0.02255163768551242 0.6843373176336212
0.00012082626619774203 22.351504721577783 0.30241272225494636 0.022481889181263662 0.6834795406496024
0.00012053413794577109 22.35128915578026 0.30056792338477895 0.022599095515344943 0.6857775999704366
0.00012023286327517375 22.35127572058167 0.30134628096002225 0.022575164398925318 0.6847814978555085
0.00011992274319195102 22.35122085815854 0.3008230130454591 0.022487855685237413 0.6846826195689489
0.00011963721220304479 22.350810306374456 0.3006746303729593 0.022605701795563683 0.6856684138334298
0.00011937322080129176 22.350406410787155 0.3028699164570072 0.022540639757224687 0.6836658280450354
0.00011911898143057718 22.349842446260116 0.3029399929750631 0.022514614683135908 0.6832232712573219
0.00011886236949543406 22.34948800868534 0.3010208067174408 0.0225677378022903 0.6849409390657533
0.00011858553330471846 22.34927501002162 0.29948467624353514 0.02255479510556343 0.6862619148855921
0.00011829246804193893 22.34920643833079 0.30256650983211575 0.022506114775944448 0.6834015388382437
0.00011800998527658721 22.34882696814903 0.3025336218251573 0.022551905168673773 0.6840176455499025
0.00011775700210562384 22.348269281575504 0.3010350904395168 0.02258037182639671 0.6850530471696689
0.00011749162872166377 22.34811036098844 0.29977221181080954 0.022548066009654418 0.6860231279518116
0.00011722068688866133 22.347658541320616 0.29974086521842613 0.02251959556362229 0.6857583906888829
0.00011697243970156478 22.347122706597908 0.300765643572418 0.02260448333951314 0.6855925045588366
0.0001167052341068917 22.347005207901365 0.30094433876878407 0.022589956527889136 0.685463188449292
0.00011642882464002454 22.34663860562265 0.29965011870813246 0.02259942606869915 0.686321640366791
0.00011616323236306892 22.34634661825757 0.29982716517830066 0.022600728372587253 0.6862898652142878
0.00011588496867612926 22.3462097007367 0.3000568552502418 0.022572778522747427 0.6857045586476744
0.00011560368326988387 22.345982109043955 0.30202772716351406 0.02256474799936465 0.684226242269599
0.00011532208227315025 22.345863051150587 0.3023423420973948 0.022554970586246774 0.6841910284179951
0.000115028919886261 22.3458489842124 0.30293117553764015 0.022495076185160365 0.6831416513155981
0.00011477369568797207 22.345082373115794 0.30173943600935205 0.022485287785388244 0.6838891296370146
0.00011453374845571198 22.344811614783115 0.3006216618581665 0.022500679787899804 0.6849956990201866
0.00011425123770732933 22.34479940462471 0.3010238490684446 0.022518402732793413 0.6849086186080271
0.00011395407240064871 22.344798672216697 0.3028572242716716 0.022522061881457712 0.6833305839801307
0.00011366866698095264 22.344593718487644 0.30208326540580016 0.022514754840300272 0.6840994274416018
0.00011339965361206576 22.344317007916093 0.30074247586812564 0.022604029103996937 0.6855844640443318
0.00011312288840362999 22.344260883003336 0.2990493358016572 0.022559170825089535 0.6864706459129636
0.00011285404352611834 22.343856371212333 0.30319930348950236 0.022512820250602646 0.6831276634075574
0.00011259292743358992 22.343674753999103 0.30064981662418583 0.022519684544614903 0.685179980199745
0.00011231601194450769 22.343562898763523 0.3010031148837423 0.02253123506459398 0.6846667451614267
0.00011204317250541044 22.34332124144535 0.3010909792955198 0.022497048842149512 0.6844102875286692
0.00011178862748128685 22.34289444408218 0.2991963252733858 0.02254130068969649 0.6862461573586514
0.00011152569081409695 22.342814089915805 0.29964464038584787 0.02259755271435213 0.686304127542395
0.00011126580204944102 22.342344240065575 0.30024561345403156 0.02258935988967633 0.6859690086603254
0.00011100400372886107 22.342309617422593 0.3008812468728035 0.022585587867441033 0.6852213112106331
0.00011078393954544974 22.34109817898162 0.29935730501626 0.02257104646651301 0.6864520868162896
0.00011056575417088602 22.341037166339298 0.3008183244075697 0.0225976722148631 0.6855717526343212
0.00011030144254739321 22.340670635741212 0.30025881359161055 0.02250103741944898 0.6851245318316976
0.00011004376227650058 22.340501037951725 0.30127270554474783 0.022524997049890392 0.6844281081524087
0.00010976722076762858 22.34048967541819 0.29971626417055786 0.022599870133429092 0.6863378738917768
0.00010948416894536102 22.340452269002114 0.3009201756329683 0.02249175313012484 0.6845400333280335
0.00010923281772472477 22.339874352974174 0.29954830477903 0.022530165069977345 0.6859776691935637
0.00010899964175038961 22.339514348835174 0.29939186840646786 0.022531240341671806 0.6860523178297431
0.00010874016670416025 22.339429771327282 0.30196239974361516 0.022557567384466962 0.6845064376522969
0.00010848674830509677 22.338970083580847 0.2997974858856162 0.022513270137435405 0.6855905943785041
0.00010827080470049514 22.33820453216564 0.30200953206180087 0.022536027856695652 0.6843238131975535
0.00010806393730928849 22.337585084177313 0.3026383630860213 0.022554261232990914 0.6839250809280298
0.00010784823579661842 22.33699115454736 0.3027609735103799 0.02252291191582341 0.6836233064623616
0.0001076020884170577 22.336945936638788 0.3014611497591778 0.02259469184407585 0.6849844854171275
0.00010738076193887769 22.335900925448215 0.29954074120458635 0.022536673466248665 0.685870770083028
0.0001071605006765191 22.335844219137464 0.2993129697772968 0.022570421079734886 0.6863030446649095
0.0001069052397150741 22.335463148563278 0.3003294354548809 0.022596917137145532 0.6859267977314165
0.00010667378413452282 22.334971925368002 0.30107015084547983 0.02259182056365383 0.6851714828690117
0.00010642383761448551 22.334948152211776 0.3012383734255464 0.02248858572306098 0.684417133990382
0.00010616645410108822 22.334608660243745 0.29925452152141035 0.022546797822333948 0.6862959482620072
0.00010591009081828037 22.334577831429225 0.3026928316173183 0.0225291084739434 0.683494446985743
0.00010565280593831161 22.334268070501327 0.30031648236451813 0.022575666514133334 0.6858402503621996
0.00010540415897233029 22.334085652435274 0.30216776399610434 0.022572832947016317 0.6844017406143534
0.00010514552950242144 22.333977419509246 0.2992203886060035 0.02254538821634064 0.6862374549446271
0.00010488899807223059 22.333767623238906 0.300213782877942 0.02256430591497282 0.6858387532446105
0.00010464243210022434 22.333481372307997 0.3002271186130202 0.022590656267411417 0.6859783699833741
0.00010439152813028416 22.33336626373132 0.29979398923178224 0.02253221941385871 0.6856285624130382
0.00010413588064611243 22.33318320026953 0.3002071799877449 0.02250731483961037 0.685316790887948
0.00010388715686364047 22.332947345988 0.30087207807279465 0.022551381667321495 0.6852806190204634
0.00010363083419698697 22.33292288767765 0.2995116429484357 0.022559883452363858 0.6862693021336779
0.00010338622789522212 22.332473157313274 0.30141725313018247 0.02249203376506914 0.6843427173489378
0.00010316717581666315 22.331964840393436 0.3013430732629944 0.022538165784329198 0.6848373580430761
0.00010294922176999108 22.33150320558927 0.30303255427413744 0.022526050421266052 0.6832869517599616
0.00010271060514545282 22.3314065956866 0.2994115929666254 0.022579056707095615 0.6864551897199098
0.00010247243737453017 22.330947572544595 0.3001750221728522 0.02259822778300273 0.6859034445940192
0.00010223780475529032 22.330792982208365 0.30194203495879723 0.022575895284257262 0.6844187941122494
0.00010202586668162172 22.329900229002632 0.3028228928316038 0.022531179362619898 0.6836227189407947
0.0001018068519953051 22.329893330100195 0.30077014037073846 0.022598953120905957 0.6854880352102132
0.00010154342758783347 22.329885061980132 0.2998558211613845 0.02259567865233451 0.6862387974323274
0.00010130759383476973 22.329347401947626 0.2993788064741796 0.02258865548834564 0.6864672299748716
0.00010107482524935167 22.32928964159675 0.3028470084192857 0.022542493488509004 0.6835342361668343
0.00010086767188475617 22.328255378937914 0.3006243250629942 0.022601492441941887 0.6856712301655199
0.0001006732525523294 22.32795293835141 0.30298638143054263 0.022521180482221202 0.6832764971197047
0.00010044517530645293 22.32759690684527 0.3027915865675791 0.022544359104216784 0.6835839978037714
0.0001002169649188885 22.32730787202285 0.30112297945246425 0.02254074358044233 0.6846578096359497
0.00010000322575473032 22.32667329352638 0.3002131238059476 0.022525257161581814 0.6855122266810819
9.977584612448427e-05 22.326667072896182 0.3004536800668342 0.02259366208799293 0.6856384845875547
9.953248705764324e-05 22.32636455563424 0.30203213079262164 0.022489924681525095 0.6837144108414787
9.932015158692226e-05 22.32574594927877 0.3002203608575606 0.02254619962182091 0.6853787372121072
9.909342980775987e-05 22.325743195607345 0.299543207471712 0.022548927739523134 0.6861520743502215
9.884183719556806e-05 22.32563884217542 0.30001711071218473 0.02252764908144784 0.6854242316199185
9.859805867943386e-05 22.325491024018664 0.3017544343857792 0.02248710027449067 0.6839122899210665
9.83544953246003e-05 22.325395002668404 0.29925197882087773 0.022546811290641098 0.6862355987374499
9.811752835422431e-05 22.325125479125287 0.30198472388464737 0.022562201888152177 0.6842466699558186
9.788043182079482e-05 22.32504421279906 0.3006859032888623 0.022599750188260687 0.6855743772400354
9.763778050295338e-05 22.324900710065307 0.30200922622439336 0.022486659723650035 0.6838258667002979
9.739499508751786e-05 22.324835028144218 0.29937352189446487 0.022537361584535148 0.6860757956326469
9.71486818238984e-05 22.32477707646829 0.3003380876006845 0.02254023062462935 0.6852455375963176
9.691396810556071e-05 22.32448534898427 0.29928469167701327 0.022581284098956825 0.6864741888432403
9.66832204127999e-05 22.324357508897872 0.3013313282823026 0.022486783177646994 0.684252031195493
9.644461990806668e-05 22.32424050669262 0.3012404924574722 0.022574509253477558 0.6851486697794047
9.621129177493295e-05 22.324015781352045 0.3018477857584529 0.022581628144453407 0.6845629169500786
9.598409993909066e-05 22.32378312335962 0.30178712963072485 0.02251751565089046 0.6840216807632657
9.575527675530004e-05 22.323604127424602 0.3026926098866483 0.022497925386946938 0.6833188036711655
9.552520659554599e-05 22.323409465266245 0.3021618233535558 0.022574656225180748 0.6843883319300216
9.529374344473745e-05 22.323271763167376 0.29957448357704375 0.022562550359397728 0.6860256916106621
9.5068980149503e-05 22.322948424063938 0.3013741304065872 0.022513787169234564 0.6846000261861516
9.48515707392158e-05 22.322667241181676 0.30086288908554704 0.022581489526587034 0.6854662768615857
9.462267396009344e-05 22.322597644203142 0.30221640095571123 0.02248928768635599 0.683597249696978
9.43844174554428e-05 22.322526982265817 0.3022368633937927 0.022571673762692687 0.6843153966935559
9.415434201339502e-05 22.322296814490514 0.299536903236299 0.022591346728260242 0.6863769454061469
9.392378044012408e-05 22.322248883024375 0.29953612398072976 0.02253799693790458 0.6859011125402207
9.37061866582807e-05 22.321754480821088 0.3024846453662117 0.022557721986979026 0.6840552747298964
9.351601547337916e-05 22.321131124262656 0.3003367890090948 0.022597610279171756 0.6858972101606562
9.330588675575036e-05 22.321073022308372 0.3002755422530411 0.02258721754969509 0.6857013710171587
9.307218903070021e-05 22.32096677799788 0.30226617828852903 0.022499792722701875 0.6837936246249312
9.28383916108658e-05 22.320923896622286 0.30239740599892573 0.022529311447694583 0.6836941860138419
9.260896822317751e-05 22.320736341260126 0.30160835755891247 0.02257070752866701 0.6848417158608447
9.238123631668742e-05 22.3206695538677 0.3017310744806449 0.02258581172763445 0.6847066342066218
9.215522703229726e-05 22.320457236606458 0.3017970447443674 0.022579644811090094 0.6847194986988444
9.192695969420347e-05 22.32045204029536 0.30024653540445734 0.022540279970249613 0.6853207221818414
9.170117298783716e-05 22.32019843073261 0.30057795262314313 0.022537292377888884 0.6850437421012672
9.149564611151977e-05 22.31976287776392 0.29930621679942704 0.022576802558750858 0.6864036131531922
9.129147966117888e-05 22.319489903969767 0.30196363153175004 0.022547579869723337 0.6844271700533208
9.10741980942423e-05 22.319352792434998 0.29981233658660567 0.022517950170158462 0.6856161444760178
9.086922545722845e-05 22.318820758781396 0.3009517459506408 0.022492065077520173 0.6845650085765709
9.066161880791098e-05 22.3187522087301 0.30041649876564064 0.02258871300335125 0.6856153578258444
9.044617409899148e-05 22.31840450437911 0.2997732741847056 0.022544404065472284 0.6857331019075534
9.024091890338663e-05 22.318121831796393 0.30194665426276923 0.022533648443187497 0.6840289105443234
9.002347622607787e-05 22.318055644662287 0.2997466826360873 0.02258965340120499 0.6862752327643241
8.979848439375643e-05 22.31795323925552 0.30033068569206584 0.022599674646926644 0.6858597799121864
8.958018365957513e-05 22.317750656678715 0.30143188591306647 0.022496613798717716 0.6841766728167231
8.936014500412771e-05 22.3176994480802 0.300204685780172 0.022543622686934363 0.6856763343383654
8.91350785942449e-05 22.317622261629506 0.3012790954624706 0.022550644876927695 0.6849675140857734
8.891451716989725e-05 22.317482912527552 0.2994508368499302 0.022573816267609122 0.6862373673350176
8.869264924357876e-05 22.31744792985616 0.3006896035998785 0.02259624384136907 0.6856301727710619
8.846861681182287e-05 22.31737048214354 0.30038162331691304 0.022584078112922863 0.6855913146119678
8.824807629968498e-05 22.31726962567432 0.2996839379452532 0.02257557141478744 0.6860536784895133
8.804216976355301e-05 22.3168726579393 0.3000302649774155 0.02253207563640714 0.6856871234011453
8.783733698345498e-05 22.316758628597 0.3018350806355048 0.022543154650621067 0.6844944091221261
8.762067158855794e-05 22.316643075581197 0.3017485664104278 0.02255768495862962 0.6846568407533163
8.740234065847799e-05 22.316579821241344 0.29952417284691796 0.022540149861082204 0.6860651133667214
8.718597582798379e-05 22.316432086031238 0.2995259612923562 0.02257647029795422 0.686352129319729
8.696791351976635e-05 22.316420611650308 0.302804408091527 0.02253207360876673 0.6836263855045539
8.674770493083072e-05 22.31633538080482 0.3011621645789706 0.02257336078612167 0.6851955502251668
8.653427526274343e-05 22.31618054155771 0.29949984397637397 0.02257163510879839 0.6861754474229467
8.63201848469332e-05 22.31612320521996 0.30284307275853306 0.02253103979647864 0.6834483467680881
8.611670493355584e-05 22.315734681123004 0.3018214559654861 0.022525385682097034 0.6843674355336459
8.591978393161121e-05 22.315536158849405 0.29929259602234215 0.022552777081732606 0.6862946229432161
8.570693117467423e-05 22.315530322628216 0.30159955364746077 0.022546084526868383 0.684368292718824
8.548766748245993e-05 22.31549456401888 0.29989735269034956 0.022520911087919662 0.6856409059391526
8.52766213877608e-05 22.315309577568122 0.3018781375829559 0.02251146369735869 0.6839273514256808
8.506598469204257e-05 22.315276847992624 0.3028112518978634 0.022540753229157995 0.6835591551523068
8.485511145776882e-05 22.315110136140415 0.30050943535548746 0.022588349776507546 0.6857474772753346
8.464647358638592e-05 22.315037345888392 0.3005135276600167 0.022573673748454468 0.6853908652202825
8.443880093979018e-05 22.314860349961638 0.3029764768885496 0.022519536751500823 0.6833025576109735
8.424121539421868e-05 22.31456056511217 0.2999798997260517 0.022516375711017434 0.685433489693435
8.403667910716711e-05 22.314560358483472 0.3028576930933473 0.022541865598065883 0.6835588596250632
8.383274032019831e-05 22.31425861985392 0.30019550389439276 0.022550407790816743 0.6854378809075814
8.364296538550948e-05 22.313931907171874 0.30008633591442013 0.022588858588346913 0.6858740629063458
8.344137446631371e-05 22.313924033113118 0.29984124569021325 0.022591230915892654 0.6862115407331016
8.323462982433435e-05 22.31373327564342 0.30279040415796626 0.022513835860513504 0.6834917266043842
8.30420885311815e-05 22.31339603112598 0.30163189431548865 0.022586471328188425 0.6848422224911014
8.284706734100876e-05 22.313276237346347 0.30274083846275507 0.022501101565982635 0.6833950901141961
8.26413712151127e-05 22.31320883616165 0.30047049396698405 0.022513962009667602 0.6852146853079059
8.243436470945086e-05 22.313133641473122 0.30080983081871226 0.022541429381161927 0.6849032226902496
8.224347048955182e-05 22.312687424565226 0.3003802940871228 0.02250726255228522 0.6851846821863143
8.205900652335703e-05 22.3124665589838 0.30004356130099147 0.022518089620303366 0.6853786430099206
8.186111534769748e-05 22.31235889432942 0.30116229974546255 0.02253794596359788 0.6846184195690875
8.165859875695771e-05 22.312263413640977 0.30242331322272964 0.02254488727232983 0.6840328201676159
8.145592543978963e-05 22.31217230414039 0.29930518780705473 0.0225586460650293 0.68633752083003
8.125240162302832e-05 22.31211054592833 0.30174416458231157 0.022489097054582848 0.6839461250153904
8.104886586817997e-05 22.31203268823666 0.3021896422848466 0.022495830180352807 0.6837958068497931
8.084480432994817e-05 22.311996956622565 0.3010876314882764 0.022565674074448667 0.6849011072217395
8.065061066514787e-05 22.311687532813185 0.3017274851209412 0.022584637836601848 0.6847170792699092
8.046085619999785e-05 22.311553385719016 0.29956715668318723 0.02256149996537358 0.6862233433532667
8.026492124312165e-05 22.31140949392263 0.30234924073239855 0.02249480693680972 0.6835389942497764
8.006558187056907e-05 22.311372696899262 0.3006347725512249 0.022499902456116418 0.6848367583385631
7.986254970693415e-05 22.311334089863017 0.2994674000058539 0.02258303651303153 0.68634076484956
7.966013809773169e-05 22.311295043874964 0.30144117361375655 0.022495580400841413 0.6841752068694845
7.94798830527927e-05 22.310712178060506 0.300830569613286 0.02251094412590364 0.6849417534043803
7.929904049512925e-05 22.31069842900991 0.3012603551537542 0.022528836657390017 0.6844834696932734
7.909831424717037e-05 22.310629147939856 0.3004864083189823 0.022501300558062456 0.6850058078345318
7.89019387036844e-05 22.310518387723704 0.30121570960593747 0.02256646384400667 0.6848191169006914
7.871545061871203e-05 22.31021065119228 0.30022300889042414 0.022570103329774455 0.6858518443230545
7.85320956331719e-05 22.31003165398336 0.3015514587432719 0.022556163465366024 0.6844917399484337
7.83387648449236e-05 22.309989882110806 0.3009779024161198 0.022573362046357362 0.6850541039022116
7.81410576513489e-05 22.3099354789568 0.3028493532775103 0.022506155937824845 0.6833347026447167
7.794265620730757e-05 22.30992472039207 0.3001231634009019 0.022561139401617185 0.6855821087054649
7.775549675433792e-05 22.30959449499283 0.3009881743559075 0.02253412949413212 0.6847207722831444
7.758234572352146e-05 22.309234491666327 0.300608496072165 0.02259695462866171 0.6856645838328407
7.74004318363349e-05 22.3091409732917 0.30208317201158874 0.022523848938870272 0.6841495236735314
7.72240359297193e-05 22.30864954551931 0.3018227357592958 0.022497856729669877 0.6840946785721365
7.704458597933126e-05 22.308645981102977 0.3004886274169072 0.02251045644474902 0.6849763613559936
7.685884567134772e-05 22.308329539617603 0.3006506205371095 0.022536078143327774 0.6853007080349736
7.667451691427944e-05 22.308301154738295 0.30125742679105444 0.02259085456299078 0.6850863842990673
7.647892599439448e-05 22.308291183068523 0.3006840882341963 0.0225536401445733 0.6854147644323758
7.628853018893349e-05 22.30814006488798 0.3020622620506317 0.022540049058149048 0.6840096608360848
7.6111287908314e-05 22.307797253985722 0.29997093344832415 0.022594240053722153 0.6861105792993324
7.592907460859735e-05 22.30778822738325 0.30076250812521554 0.02257746971553819 0.6855073660054741
7.574683794294424e-05 22.30745797248592 0.30040912386451835 0.022557522753060836 0.6853337709540729
7.557809278476797e-05 22.307103783140136 0.2996153316558115 0.022576941394010668 0.6862874220842428
7.540250833411048e-05 22.306965218266292 0.30282536050181413 0.02251507316026953 0.683457659932027
7.521518016425548e-05 22.30693451620228 0.2993360297186094 0.022561322272180544 0.6862632433689588
7.5034448465054e-05 22.306632912884346 0.2999767078154989 0.022516339590802577 0.685507194490185
7.485464758631666e-05 22.306589258666257 0.3002692535086773 0.022580527459894355 0.6856498783059731
7.466446022660117e-05 22.306577794999797 0.30092418678374855 0.022571005195813832 0.6850723724444269
7.44820466943286e-05 22.306338742557983 0.2994805428327034 0.022582000632670907 0.6863692396068963
7.431755383504991e-05 22.305857302359367 0.30180753934411725 0.02249206404339403 0.6839096998119658
7.414583743421318e-05 22.3058231275355 0.30167844406378946 0.0225704446420767 0.6847702463924298
7.396235584904518e-05 22.30567095904305 0.30035898023558383 0.022589340569641264 0.6858464623920526
7.377961805042566e-05 22.30562928459127 0.3018746806149267 0.02250209805857837 0.6838901200314809
7.360316004200121e-05 22.305319120758888 0.29987416221466456 0.022590138474804868 0.6861711065587279
7.343019611383019e-05 22.30519407416338 0.3012690112747873 0.022530660990884403 0.6848128476665702
7.32519113533141e-05 22.3050406553512 0.3000209961773089 0.022516643081324273 0.685494791903759
7.307066753101778e-05 22.30500880117191 0.3026154644422859 0.022527624263443152 0.6837459620060737
7.288449150879067e-05 22.30500340317979 0.3026655698245418 0.022524316821116486 0.6835080212735307
7.270420566009143e-05 22.30482293019655 0.3020845327993163 0.022559830036659078 0.6843887593857848
7.253290843012362e-05 22.30458230629709 0.30148120249579835 0.022495029269028 0.6842992982003817
7.235619512783416e-05 22.30456302108235 0.30000503838565473 0.022543389453487637 0.6857948865719223
7.217126972004065e-05 22.304562270499964 0.3006774412494023 0.022578646961041757 0.6855724923596604
7.199077757285263e-05 22.30443331579206 0.3006368797923645 0.02255341837562621 0.6851308027620098
7.181090865726573e-05 22.30442813072279 0.3006111008685359 0.02252973881726341 0.6849802965708258
7.162740631447651e-05 22.304413545876585 0.30262302784695566 0.02251321109319968 0.6834592727488409
7.14488098100289e-05 22.304284519528327 0.3010666849043974 0.022577900824673307 0.6852791791181501
7.127792332701718e-05 22.304066427995416 0.3022851077002454 0.022544616977294336 0.6839084466335857
7.110342667271863e-05 22.304050771300563 0.30172584717084405 0.022583132649480524 0.6847186940203904
7.092205715918756e-05 22.304038904870417 0.29970842595496616 0.022559645625296908 0.6861144672203552
7.075514080002353e-05 22.30362812211369 0.2994943922967831 0.022545654561746873 0.6860118356064004
7.058981393145762e-05 22.303582597933264 0.3017607529506223 0.022489148486101812 0.6839726625617012
7.042527028656835e-05 22.30316095776052 0.3024785146765062 0.02255920870954402 0.6839662391438883
7.026029060254739e-05 22.303139005210692 0.3004584925621658 0.0225838354121784 0.6855465205053938
7.008101640970515e-05 22.303136695990457 0.3020313491276305 0.02255899259422511 0.68442665120301
6.990346143045899e-05 22.303078998481546 0.3002851461385112 0.02259559413115912 0.6858863428372692
6.973332734416851e-05 22.302877093688338 0.3008562309616161 0.022547666407535968 0.684923237694671
6.95618188984857e-05 22.30287113915472 0.30134110338231324 0.022574407060359916 0.6850512692003562
6.938543179725103e-05 22.30282237571863 0.29990316675355977 0.022536383154487048 0.685591637859853
6.922381447605063e-05 22.30240294124863 0.3027165616391147 0.02250814679510225 0.6833855363086188
6.906423322774385e-05 22.30230635111789 0.3016225404308076 0.02256546840345661 0.6845376692936956
6.889208682625047e-05 22.30226272329616 0.30097107565695347 0.022593336973561275 0.685326372318762
6.871963751436904e-05 22.30218778456072 0.3024776607334356 0.022509872474585246 0.6837051189203155
6.854812214444485e-05 22.30212984371719 0.3018024147889669 0.022554176391937714 0.6843099439406628
6.837704674233293e-05 22.30205490058027 0.3008278123811695 0.022590465946637227 0.6853651328042742
6.823108673577674e-05 22.301273599958485 0.30174638839632695 0.02256220220572508 0.6846710973930243
6.808545449828103e-05 22.301198169909487 0.3016423936673342 0.022503897327662125 0.6840681528211802
6.792758005841302e-05 22.30078694361643 0.30236682270024756 0.022563316561314536 0.6840821188727964
6.777176040682977e-05 22.300661910056903 0.30259339174801836 0.022524736446593703 0.6837370972315787
6.760535689525295e-05 22.30057470809775 0.3024887069863232 0.02253605070130498 0.6837120720493005
6.743900441120067e-05 22.3004606143025 0.3019627713879428 0.02256965644940181 0.6845246728610738
6.728551878385213e-05 22.30000344431143 0.30093576898073854 0.022588987344005693 0.6852736577828755
6.713055319493031e-05 22.299944058604595 0.29939867216998417 0.022560460278106837 0.6862084619507148
6.697075829967681e-05 22.299642155286442 0.3027321905719035 0.022539380082014605 0.6836138331877338
6.681121806466362e-05 22.29958680786805 0.30221683905601926 0.02250052306311122 0.6838124674605762
6.664381031625818e-05 22.299532758199373 0.3028703772095496 0.022518934044817206 0.6833883974291912
6.647561061234929e-05 22.299514193502674 0.30237460059362736 0.02250060725249264 0.6836853170702318
6.630988259939813e-05 22.29939873245169 0.29958847900342217 0.02257443507721521 0.6862769384363331
6.614587751432973e-05 22.299340887571205 0.30126540470439506 0.022561285865560412 0.6847451898921857
6.598098428152947e-05 22.299264975907633 0.300883266501742 0.02249889690013536 0.6846444181788574
6.582047257347104e-05 22.299086808974547 0.30097719078206286 0.02250343100640883 0.6847439433483581
6.569214286504874e-05 22.29804328327152 0.3015253941153171 0.02251408536578319 0.6842079316609029
6.555886045372053e-05 22.29802356491944 0.29957365396065216 0.022565313527510334 0.6860817981442198
6.539573801306182e-05 22.297901298061664 0.2998136485002326 0.022548998909962335 0.6859572202684571
6.523855909741585e-05 22.297712122392966 0.3001189212041705 0.022536052962409063 0.6856492155719308
6.508182857176347e-05 22.297587988832362 0.300189847625359 0.022545281797139008 0.6854190096839824
6.492272593553552e-05 22.297483807858946 0.30210213243691514 0.022544972469978473 0.6840346312875597
6.476246455339436e-05 22.297407790253185 0.3025875879507921 0.022552955700796122 0.6838623527684813
6.460181021127471e-05 22.29732834493337 0.3010105144855181 0.02249608462773496 0.6845516934447242
6.444461548505268e-05 22.297157646104754 0.3012812994220203 0.022515111818091148 0.6843927380042544
6.430446912073745e-05 22.29656014790986 0.302111058036722 0.02255564776421093 0.6841297048939218
6.416196802546033e-05 22.296472462800615 0.3007792941713419 0.022541245763419093 0.6852440725656466
6.40077155959913e-05 22.296252387211766 0.30103326782408263 0.022528604586659354 0.684659752477166
6.385116208820935e-05 22.296248683262455 0.29938036460132034 0.02256294404791006 0.6862770654468142
6.369525117822162e-05 22.29602079041816 0.3000234541571388 0.02253064705766173 0.6856542966188187
6.354805121897022e-05 22.29575518369836 0.30283762574091877 0.022519709298029766 0.6834155916405825
6.341227619794335e-05 22.2951779836298 0.3021906950269728 0.02256862747445495 0.6842694568069986
6.329136008981495e-05 22.294452175423107 0.29975263065622504 0.022530469419764776 0.6857920672437734
6.316062660159004e-05 22.294193219380816 0.3010204841140058 0.022506967381455276 0.68455385187359
6.301916085910841e-05 22.293816970215858 0.3017570398751511 0.022491765394230225 0.6840179921999024
6.289122893359682e-05 22.293137975247443 0.302583304567998 0.022546905595138254 0.6837783954136989
6.27524271100745e-05 22.29311649199787 0.30209900847350496 0.02249675987265128 0.6838459849357047
6.260453001595796e-05 22.292738270215985 0.3019710912155822 0.0225734353154959 0.6844399498434833
6.245742648806902e-05 22.29270276042792 0.3010816087917316 0.02251828792080054 0.6848265593686673
6.230274843234278e-05 22.292579119019237 0.30095697756795403 0.02258061710245596 0.6853610775499243
6.21484926337531e-05 22.292542649548107 0.3021080957503285 0.022509047888655438 0.6839806291666497
6.199500334811777e-05 22.29240691573319 0.2999699220681084 0.022548349757421662 0.6856229442148944
6.184616562165645e-05 22.292232573028972 0.30128502315091876 0.02249440867677042 0.6843890464988278
6.17096095307907e-05 22.29171066738856 0.3025372761403864 0.02251345858847207 0.6835305598134527
6.157345851248036e-05 22.2915331125904 0.3018419892356264 0.022502465547596617 0.6839313615454438
6.142296889516016e-05 22.29148816579326 0.30273278933478487 0.022530227694907465 0.6835439543653945
6.126877361519779e-05 22.291443892830134 0.3008600133270782 0.02255902859812821 0.6850221517272085
6.112356135397284e-05 22.291117978756805 0.3000565842118518 0.022576538983323624 0.6859832214973993
6.098109713385882e-05 22.290995100316813 0.3011263526887433 0.02257863092537069 0.6852222652012048
6.083072420231936e-05 22.290940429159928 0.3007043662596121 0.022508507727228802 0.6848159512647778
6.0684156981842846e-05 22.29070465078072 0.30063987855977076 0.02252597150868782 0.6849468704686912
6.0543808729530134e-05 22.29045646803947 0.30246434724821486 0.022537264425880197 0.6839243784308904
6.0402095693555295e-05 22.290276901155266 0.30257350907964864 0.022534812543097082 0.6838124282397673
6.0253355958478405e-05 22.290273248995668 0.3007495456326311 0.022527643988801888 0.6848725764368184
6.010577106346353e-05 22.29006775634382 0.30205202132067266 0.022571493824347665 0.6843976238879622
5.9967981994657163e-05 22.28974971359889 0.3013577635535937 0.022546673889609486 0.6848603544017018
5.982480397134188e-05 22.289735176082615 0.3007402996870751 0.022571955122821796 0.6852294808511045
5.968124222917328e-05 22.289441781776187 0.3012162354284934 0.022512508483765546 0.6846712475017416
5.953985527258666e-05 22.289366003716438 0.30265231803865233 0.022544303198087208 0.6837730349249261
5.939638726205749e-05 22.289154276468786 0.3021773218861936 0.022505128923734123 0.6838809753622641
5.925168472413118e-05 22.289132105837336 0.30007919583481824 0.022517567673523198 0.6854299735521867
5.9113515964075984e-05 22.288711567621135 0.3026404552311458 0.022543864534003512 0.6837337946907815
5.898806736252105e-05 22.288269209378228 0.30197844280586394 0.022563551127475996 0.6843054380186591
5.885195406416809e-05 22.28822032763715 0.30097086154842856 0.022588043731963547 0.6853577308515434
5.870400875292042e-05 22.28819207829637 0.3000607106463368 0.022518499048938673 0.6854516415523777
5.856214604235485e-05 22.28794845582838 0.3008559465388279 0.022560658970715658 0.6850421602860407
5.842216192457033e-05 22.287867882991055 0.3012527566849487 0.022583832359866905 0.6850130841765255
5.82775130467949e-05 22.287796126552134 0.30198523102125613 0.022570930736150328 0.6844796434608568
5.81337354844831e-05 22.287698187649262 0.30062039910583377 0.022514536334948456 0.685095260926396
5.800832396611656e-05 22.287005710853837 0.30222364229174375 0.022508933211441467 0.6838816333236877
5.7884327867761054e-05 22.28686822974085 0.30244078455163714 0.022500486211016184 0.6835671945529076
5.7755086010163345e-05 22.286367009262094 0.3007520567977816 0.022515194675536813 0.6850148776281793
5.762294654894009e-05 22.286340255518986 0.30097217912639673 0.022566853159251728 0.6850158504134803
5.748046202378684e-05 22.286209822282398 0.3026111458672236 0.022529986688206452 0.6836118810434317
5.734066768519139e-05 22.28610179809297 0.3014108622698446 0.022523748045830787 0.6843596359230413
5.721142948054471e-05 22.285614512571016 0.30239351636439504 0.022537721246181208 0.6839815899925983
5.708631887800179e-05 22.285372228911868 0.3015399893993402 0.022580504018530442 0.6848775293607543
5.695039139030333e-05 22.285274688299474 0.3000584608192362 0.02257896415903736 0.6859859588625642
5.680952454234492e-05 22.285217974904818 0.3010422324552568 0.022501339752270054 0.6845373624647013
5.666881183328753e-05 22.285127575759905 0.29957082919937494 0.022550741073521823 0.686003962759027
5.652700667137273e-05 22.285122126091355 0.3023518278069665 0.02255523106106561 0.6840055874234163
5.638889148512885e-05 22.28491372227402 0.3005617008143463 0.022552613936100606 0.6854754028884026
5.6253912708921453e-05 22.28480900995989 0.3009727792500613 0.0225485169073267 0.6851525504767777
5.6117458299192635e-05 22.284664994634745 0.3012700919019254 0.02258190957786418 0.6849797320658935
5.598244642830628e-05 22.284520839116258 0.302738759626531 0.022527145368557856 0.6835839483820026
5.5845209613674716e-05 22.28446840715914 0.30032393016135334 0.022572654124415947 0.6855525362305335
5.5704530826391856e-05 22.28446019082173 0.3003224692459186 0.022531463102676372 0.6854609060102537
5.557415539989527e-05 22.284049986923083 0.3014210828067852 0.02249938257943889 0.6843675966317453
5.5447331839603105e-05 22.283924830386184 0.3016074504452282 0.022538262960414897 0.6843247690985554
5.53094841511966e-05 22.28392399431292 0.3016861842279347 0.0224950118936532 0.6841077730052139
5.517023500566767e-05 22.283862348469302 0.3012952340136448 0.022530817267080647 0.6847785903083556
5.503231803036743e-05 22.283826113077932 0.30192306407871433 0.022494739850092735 0.6839181219903042
5.49095698369972e-05 22.28322478782629 0.30160424344818576 0.02249445950140371 0.6841208557862002
5.478621567809535e-05 22.28322073426079 0.300444825061118 0.02259055916180064 0.6856854774294806
5.464713243891391e-05 22.283205493690044 0.3005191592049217 0.022540219526239334 0.6854060487118725
5.450988454972794e-05 22.28314732941844 0.30164275326967477 0.02257968266625414 0.6847629514249273
5.437260647977951e-05 22.283146151141246 0.3017190666863052 0.022546026181543652 0.684576643324779
5.424522508936929e-05 22.282736113493375 0.3022987806487984 0.02255001171798694 0.6841304010348144
5.4122324794623774e-05 22.282580533358104 0.3008606656336825 0.02252079641148299 0.6847543842659709
5.39930806053094e-05 22.282416079246698 0.3005547720223714 0.022539210414477633 0.6853724736726775
5.386202555550861e-05 22.28233945461544 0.30206209274937246 0.022552820799827074 0.6841484220218365
5.3735621752732104e-05 22.282014000765137 0.3022294238087837 0.022560708703794195 0.6841454215773791
5.360793424711773e-05 22.281996538727228 0.29995567893432634 0.022586480333765376 0.6860510004155855
5.347207787552831e-05 22.281988243951456 0.3019482376515043 0.02256407965706306 0.684492227880759
5.333662892980607e-05 22.28196868570769 0.3015586898662638 0.02256401675840984 0.6845856906528244
5.320322663961264e-05 22.281896618396267 0.3014518752011785 0.022495352621749946 0.6842379998478078
5.307016164554834e-05 22.281877186767932 0.30210134907362224 0.022498734130953726 0.6838467036771855
5.2947124668714886e-05 22.281439158655076 0.3002087228084745 0.022544307909238653 0.6856474536101971
5.282784488683401e-05 22.281288427253543 0.30186609646574347 0.022519782449079 0.6842562693711396
5.269819462811499e-05 22.28125443281131 0.30018853059210066 0.022517812210873827 0.6853753042881255
5.2567379916598134e-05 22.28116037873074 0.30148050372016055 0.022506090999452326 0.6844054051978624
5.243803777383579e-05 22.281082860873553 0.3014561578509114 0.02257294938532061 0.6847507708687878
5.230838915438913e-05 22.281012952550263 0.30083478254973783 0.02258485432391867 0.6854494246372613
5.218352158827022e-05 22.28076473693699 0.3011382274093214 0.022511548892467946 0.684497659045177
5.2064968244641746e-05 22.280463943926012 0.3009704976734056 0.02254858229538227 0.6848635568001726
5.1941826788891815e-05 22.280402971119095 0.3000067038771447 0.022575572135901806 0.6858361951402633
5.1811408807168146e-05 22.280394566108136 0.30140061571230436 0.022513414152116672 0.6845399914984149
5.168072315944124e-05 22.280356886656925 0.3010983470700109 0.02253730125125827 0.6846843673316925
5.1552844792219445e-05 22.280252616433245 0.3011200356358697 0.022498517584426968 0.6844993913255146
5.142592593385601e-05 22.280190176319184 0.301629668750912 0.02255643757445221 0.6847100710964804
5.129958705007558e-05 22.280075733446907 0.3020013297296245 0.022569852814247705 0.6844075548670059
5.117831049594735e-05 22.279827835315555 0.302005718794081 0.022534604705306462 0.6842686386851853
5.105569909200071e-05 22.279777130989423 0.3008555480310466 0.022524106114242284 0.6850280703417359
5.0927336563407984e-05 22.279766881694893 0.2995668462743095 0.022549295531681147 0.6860305769536006
5.0806952981235186e-05 22.279415042176907 0.3003948467623092 0.02254097331593666 0.6854933890044979
5.068793969990343e-05 22.2793621293398 0.3019363781497615 0.02253672348135104 0.6840921376618717
5.056685543023958e-05 22.279103513361846 0.3019537991362857 0.02254236418973924 0.6841267912023404
5.0445214731590116e-05 22.27908433943151 0.30008555887046945 0.02257681775943756 0.6857874638829968
5.031843975719465e-05 22.279041684119314 0.3017900099893654 0.022553285097639986 0.6843313765952149
5.019245653275364e-05 22.27900390822777 0.30192070197550036 0.022554715188157444 0.6842600126131487
5.006963883459703e-05 22.278847655740698 0.30045035533414305 0.022558543636680372 0.6855901678644515
4.994816263486757e-05 22.278768430025885 0.29990960840223657 0.02253182294672689 0.685602290634936
4.982695266610761e-05 22.27861357240439 0.3020023662740219 0.022516286092281467 0.6841169745323326
4.9713803235165226e-05 22.27822213223685 0.30062058024581545 0.022526614607849764 0.6852107495256824
4.960089004512446e-05 22.27806827058731 0.3021994376449788 0.022507298356279258 0.6837294067709911
4.9483721191938085e-05 22.277859461631753 0.29977344055356364 0.022538592624256955 0.685760633808655
4.936577752832838e-05 22.277748426657645 0.3009410563304308 0.02250144001673403 0.6846862804745507
4.924413296773449e-05 22.2777015851607 0.3010044646675158 0.022500597451067163 0.6846336973753643
4.9126344333467017e-05 22.27744602210073 0.3022140347622155 0.022499305688660425 0.6837277807107942
4.9010484655940204e-05 22.27733216348449 0.3023898590405574 0.022510214661049566 0.6836261697305341
4.889330521182729e-05 22.277142015335535 0.3013637466498018 0.022505205439993407 0.6843069197979836
4.8776559231191827e-05 22.277022093226854 0.30140448778294865 0.022577396528400184 0.684977996194016
4.866272809423546e-05 22.276723853034078 0.2998672327023294 0.022540961263999664 0.6856839175878401
4.857031761220528e-05 22.275733022217587 0.30262878273595034 0.022517808815928717 0.6835929873508773
4.847365562197768e-05 22.275617157474322 0.3014116737152593 0.02258184449632532 0.6849536242426637
4.835603249714038e-05 22.2755015192741 0.30088314613252365 0.022582387880568117 0.6853988701253185
4.8241976018711274e-05 22.27524985839546 0.30139722057790985 0.022531520381473533 0.6847025122536666
4.812716010599131e-05 22.27517716153898 0.3020573922424611 0.022524447210530454 0.6841426391432404
4.8009423051180676e-05 22.27505882245255 0.30059363062611183 0.022574157064131555 0.6853744748363819
4.789178564512958e-05 22.27499422313825 0.3025802718683408 0.022532944178122002 0.6837636349736815
4.777379642003003e-05 22.27490291904484 0.30140425819720634 0.022534145189454315 0.6847184758438688
4.7655967957456786e-05 22.27484400567982 0.3012145799953429 0.022503917972184408 0.6845554451859572
4.753787877979379e-05 22.274776134336072 0.30238462968941326 0.02254932775647188 0.6840330843739364
4.7421521707526035e-05 22.274656744656085 0.30217585160385213 0.02250016246758116 0.6837799834416052
4.731325972608545e-05 22.27425894403698 0.2998608842344357 0.022560072155747256 0.6859856855761566
4.721410634742436e-05 22.273764330323935 0.30266136327349386 0.022525607810995753 0.683600197211012
4.710839104889718e-05 22.27365405086696 0.29970813427816595 0.022540816906186083 0.685871179177069
4.6992165159745336e-05 22.27361708063699 0.30017271967840853 0.02258679839332966 0.6858920123475527
4.6873735044725e-05 22.273613322207407 0.30163567365880245 0.02255535455699309 0.6846924896979925
4.6755614821953896e-05 22.273576100262105 0.30015281796841864 0.022570248696250714 0.6856751444867906
4.663775518812787e-05 22.27357416657352 0.30016584448388495 0.0225205545297296 0.6853516387029048
4.65195513020396e-05 22.273564754489854 0.2999319263917102 0.022567037908742177 0.6858245769402826
4.640296419534329e-05 22.273506282171 0.30179567593964507 0.022509794687881175 0.6840182113427533
4.628768036506415e-05 22.27345341214177 0.30075276549701196 0.022511927499179022 0.6848114831584199
4.61746644570568e-05 22.273309341933963 0.30073815010716254 0.022512657591522996 0.6848257401765032
4.60628092969895e-05 22.273218270170734 0.29964154982452335 0.02257044500993388 0.6861554561538914
4.595072311341241e-05 22.273096277648627 0.3008285138993521 0.02255337945409732 0.6852817999249988
4.584548100052454e-05 22.2727187532343 0.299958261005344 0.022560674880883615 0.6859274238758013
4.574134379774124e-05 22.27255913545145 0.30128283693762387 0.022578077594419974 0.6849397534810157
4.5629273092814746e-05 22.272539931665584 0.29980614164125413 0.022564283184834506 0.6859089403180716
4.5514501763150735e-05 22.272511282292616 0.3015041052028726 0.022517994703688055 0.6845016904511353
4.5400008359347474e-05 22.272492781214485 0.30017182216614824 0.02252459908561865 0.6854632090152472
4.5289198546883185e-05 22.27231440489717 0.30115985216664565 0.022529263699643576 0.684590382299509
4.5181836753618745e-05 22.272155447543263 0.3007145213937004 0.022508342571031507 0.6848433780876205
4.507122133679169e-05 22.27213295252459 0.30046631771217974 0.022512717192551112 0.6851318902646004
4.495886784177691e-05 22.27206359083786 0.30120642584954144 0.02250193477610141 0.684525605081212
4.484759137184506e-05 22.2720057762347 0.3018820001649924 0.022542000501290835 0.6844116512564931
4.4736231588611345e-05 22.27195267503936 0.30177523239738957 0.022523181192447863 0.6843462631152507
4.462436950560501e-05 22.271929988746724 0.3019289697197141 0.022536813960050073 0.684337563108697
4.4514109129751874e-05 22.271817713982937 0.30041358053103245 0.02256191484994658 0.6853983428215512
4.441057538342775e-05 22.271504571843302 0.30212381688246626 0.022530952799365137 0.6839323168972122
4.4307187273465006e-05 22.27139675676111 0.299776954171088 0.022538368494936636 0.6857803936360741
4.419898102015507e-05 22.271312750093113 0.30011711880963887 0.022541978765023594 0.685675391507996
4.409347390026534e-05 22.27109471278095 0.3010848168408982 0.02256936094861396 0.6849755735612353
4.3987177343005065e-05 22.271058241769154 0.30207812512755955 0.022518566667205694 0.6838775406684359
4.3877081823385375e-05 22.27102527182811 0.3023594574393146 0.02252960929248679 0.6837757412896871
4.376709312320406e-05 22.270996731536385 0.30092693764380085 0.022527842299915453 0.6847560882069934
4.3660365007211866e-05 22.270827246076745 0.30104975543184676 0.022562021667311236 0.6849294732906457
4.355454168712589e-05 22.270769307247047 0.30179554601331593 0.022497794990926984 0.6840130090796213
4.345619583539766e-05 22.2702677257447 0.3013802168454727 0.022576851802477715 0.6848656402496986
4.3358088118590536e-05 22.270209117744873 0.30048060850871633 0.022570316717857142 0.6856346247755452
4.3258874214240066e-05 22.269769226202193 0.302488840358494 0.02254493079708346 0.683884605571607
4.3159963449568977e-05 22.269707194032076 0.3021570401545998 0.022540891885734552 0.6841804008542607
4.305189042503158e-05 22.26970366182983 0.3001472355978644 0.022584417255256978 0.6859066420955549
4.29450846460258e-05 22.269595432490664 0.30135097267950034 0.022498979049813402 0.6843464833141554
4.2840832066660415e-05 22.26948527843987 0.30156291122159506 0.02250435215245668 0.6841686446390383
4.273605617807314e-05 22.269413590695073 0.30216811846529906 0.022501606044838918 0.6837886106442699
4.263438810168152e-05 22.269169882676195 0.30118091264778 0.022532251895680373 0.6845978260156009
4.2532949530569174e-05 22.269098951891877 0.3021650786822331 0.022555503553837928 0.6841366409833751
4.243433218454459e-05 22.268733889277538 0.3022957733257615 0.02250467520195313 0.6836955383867803
4.233449261965607e-05 22.26873163498528 0.300920080880969 0.022560131063713365 0.6852569441772677
4.2231376159228714e-05 22.26853312714443 0.3014712500961254 0.022500074863546483 0.6843076681822587
4.213372693714799e-05 22.268283452678272 0.3024047736332529 0.022541846446773768 0.6838622242478893
4.203359799794298e-05 22.26821385149051 0.29963093878266056 0.02255831875993232 0.6860690785827844
4.193529784974464e-05 22.267888540692617 0.3004084227146294 0.02256514484157439 0.6856519653416935
4.184136999551497e-05 22.2676210783592 0.3022150043098375 0.022545267459081874 0.6840016400232213
4.174178488101695e-05 22.26757707814519 0.30198743299722974 0.02251853116430178 0.6841367460325511
4.163711986922972e-05 22.267565218878364 0.30111484432177743 0.022583966983283667 0.6851693354748145
4.153210420353091e-05 22.26755095286455 0.3020296202942137 0.02255154742165257 0.6843470637803998
4.143224237194813e-05 22.267303296470608 0.30088116661730424 0.022534079188469454 0.6848343187554844
4.133278342398336e-05 22.26728132275489 0.3013726980357465 0.022547870984447386 0.6848388199778079
4.1229167072808395e-05 22.267247132299836 0.3011296637088182 0.022563907683945693 0.6848940559902026
4.1131611888783406e-05 22.266943266177112 0.30130297658769234 0.022558036871167485 0.6849577572095981
4.1034870745259046e-05 22.266880799094604 0.30198741144068564 0.022551402585605274 0.6843804861809603
4.093439930488935e-05 22.266770523079757 0.3010792688373796 0.022581382599830217 0.6851305453865746
4.0836728988732335e-05 22.26658311249097 0.3005879048657355 0.022511447654053857 0.6849714323553195
4.07377590933142e-05 22.266548262136443 0.30251029476226915 0.022525641905072183 0.6836714761554926
4.0636894550086954e-05 22.266466113020222 0.3014836185570871 0.02254469605997206 0.6847321477336155
4.0536231293817655e-05 22.266433851560365 0.30210967894142937 0.022541956139636717 0.684222327301308
4.043735919275526e-05 22.26627565003523 0.2997888257320044 0.022552346282115443 0.6858429704136745
4.0338605303404004e-05 22.266249669778723 0.3020428196518612 0.022562903901754753 0.6843688609996944
4.023780100202255e-05 22.266205575048915 0.30117806015190945 0.022554265777338905 0.684772949489219
4.01397623543312e-05 22.266054542063905 0.29992889979175763 0.022568769133263323 0.6859874017327046
4.004291472098741e-05 22.265963075414387 0.30253998480860983 0.022533579111291637 0.6837278650776806
3.994710565274954e-05 22.265771946264934 0.30252766869065867 0.022538356155345825 0.6838083058540507
3.9850128508885946e-05 22.26575078474881 0.30063822961665065 0.022527202835217083 0.6851914695000674
3.976111178597561e-05 22.2651713183463 0.30153047280847334 0.02256891724320661 0.6848332900556194
3.967271843509271e-05 22.265128764696815 0.30133291627755493 0.02252071651428219 0.6844170367702639
3.957356820689069e-05 22.265103073991956 0.3007923756952304 0.02256747406723846 0.6853902746117636
3.9474984912936664e-05 22.26504454932628 0.30154080799489286 0.022534186385572023 0.6843572474782396
3.9376792147950395e-05 22.265011691813847 0.30025496214823894 0.022527543208233004 0.6854380735541576
3.928041056563113e-05 22.26487358159392 0.30223423794141296 0.02250557748970415 0.6837856422909532
3.9184722770093656e-05 22.264817536717118 0.30184543584751394 0.02249992068785425 0.6839883704349181
3.9089753119195416e-05 22.264654808994287 0.3025538391870964 0.02253370989152056 0.6837506437842912
3.899419250571188e-05 22.26464105814373 0.30010636497258397 0.02257938121790161 0.6858271792869284
3.88968542824581e-05 22.264581942905583 0.3016053167949746 0.022574530892693182 0.6847170853615292
3.8799977799758424e-05 22.264557107809537 0.3012385682953813 0.02252534935371748 0.6847549844933859
3.870266042237865e-05 22.264533439716814 0.3019867919880348 0.022557993777717455 0.6844088644751827
3.8606101818649767e-05 22.26448213474849 0.30037673437549445 0.02256808305829662 0.6856876392660904
3.8510771702869937e-05 22.26440736809182 0.30026761643762784 0.022539317070576846 0.6855472148329745
3.84147863941859e-05 22.26440261956431 0.30013347271655083 0.02253223522164478 0.6854246413599442
3.8321245214382295e-05 22.264212972909426 0.30070200001471675 0.02253412911983764 0.6849739508544974
3.822863690075943e-05 22.264171503636067 0.29988043804439257 0.02255081051086172 0.6857528982296528
3.8133650707469335e-05 22.264118501742352 0.30029472935626733 0.0225632860169282 0.6855106692115744
3.8038540373561047e-05 22.264096157897683 0.3015300320653264 0.022508552297330082 0.6842143550353972
3.794565421613846e-05 22.263938619143705 0.3019162006637294 0.022501792286125696 0.6839325001238006
3.7853942618644074e-05 22.263866373522433 0.30037027078629175 0.022535785574965668 0.6852457976969719
3.776183943966224e-05 22.263741505616565 0.3008201983545067 0.022510689863760244 0.6848834490373961
3.767150279541719e-05 22.2635875496554 0.30037359998997737 0.02254108737964525 0.6852772707602529
3.758272524939381e-05 22.2633913913193 0.3014175703802536 0.022504040588422248 0.6843964072238352
3.749274123857388e-05 22.26331311967862 0.30046270428278177 0.022553419138919263 0.6855301943404869
3.7401805101960926e-05 22.263179587347906 0.300572424548865 0.022516571787703072 0.6849920823471296
3.731009891384221e-05 22.26315459268934 0.3020836566506167 0.022559714127991477 0.6842481033967638
3.721832709712126e-05 22.263036861226755 0.3023247306757887 0.022549327256142244 0.6840003228286202
3.712735754025322e-05 22.262980985487523 0.30222969331780014 0.02252340955519857 0.683980230779144
3.7038711206487413e-05 22.262750001279265 0.29975010349340514 0.022552184601507465 0.6858892745262003
3.694961909312718e-05 22.262729863052456 0.3013353572252643 0.022575362156314747 0.6850055531440264
3.68607082626008e-05 22.262500874385076 0.3015918265121985 0.022547072083645724 0.6844258950802523
3.6772435532628374e-05 22.262457817637927 0.30022356887441604 0.022556928433067724 0.6857162765841228
3.66805542169507e-05 22.262437297738725 0.3020822234720965 0.02251558012492818 0.6840271203725193
3.6588450000463436e-05 22.262419158862755 0.3025244866450608 0.02252099043060812 0.6836843821786016
3.649982983330616e-05 22.262220582863932 0.30066054704453793 0.022585011095909116 0.6855301927020598
3.641505078996862e-05 22.262003421076464 0.3024211353085582 0.022531601672566362 0.6837728705730464
3.633341068660833e-05 22.261643074747724 0.3023481285689987 0.02254477081049979 0.6839371119652453
3.6250261485201886e-05 22.261519385981437 0.3010212251270649 0.022526875131614128 0.6846883175392675
3.616311365015838e-05 22.26139089763962 0.3011291676532276 0.02250471564243625 0.6845198860868758
3.6078901445748284e-05 22.26111626601221 0.30165321023893626 0.022501134190020755 0.6841242782066634
3.59936246357045e-05 22.26105796604384 0.3012824939469023 0.022529553036133514 0.6847570208174355
3.590439192400666e-05 22.26101510233743 0.30161221050862785 0.022555723091926893 0.684699709209464
3.581865516235808e-05 22.26077412935634 0.30155593093330163 0.0225741260066895 0.6848075637219458
3.57339667383182e-05 22.260684192050455 0.3006557074471685 0.02256499008810616 0.6852544592613203
3.564765723413278e-05 22.260545588612334 0.3008068096206525 0.02252722743747671 0.6848545315135214
3.55609716763709e-05 22.26048869187918 0.3020190221787923 0.02255045585003531 0.6841801094612137
3.547301923227383e-05 22.26043357959289 0.30238772478750775 0.02254551903335946 0.6839406591437825
3.538545224827738e-05 22.260367366973405 0.3018640692501929 0.022565910072993307 0.6844539456388019
3.52992745565619e-05 22.260245960617915 0.30150715204594514 0.022519785961684195 0.6842907285170632
3.5213489870141735e-05 22.260169513706554 0.3024198774476469 0.02253304156951403 0.6838839881119941
3.5126892346772845e-05 22.260106431319045 0.30049597683561896 0.02254295945309481 0.6851973259154609
3.504201313186505e-05 22.259944241702005 0.30065218452492953 0.022527416773713956 0.6849769083631546
3.496039210508237e-05 22.259706656983454 0.3003841424767696 0.022571241039152104 0.6855218717870846
3.4876287329454455e-05 22.25969794224529 0.30100581436344775 0.022515082263074505 0.6846404344500745
3.4789949443492334e-05 22.25960055015094 0.30068708631034724 0.02251676113409754 0.6850386621559734
3.470638575387653e-05 22.259444448514543 0.3004141270003995 0.022524336238465243 0.6851573427007712
3.4625860462559685e-05 22.25918331260611 0.30147955535311555 0.022512519470886564 0.6844490919453314
3.454770372178447e-05 22.25890105351484 0.3019865988370377 0.0225616322566579 0.6843337978501501
3.4468003762267505e-05 22.25873983961031 0.30080458699935175 0.022511616875905346 0.6847952914022885
3.438615226789978e-05 22.258593585575834 0.3005476210388286 0.02258438062973655 0.6855882065691277
3.4302715784812286e-05 22.25853627716867 0.30243628056588046 0.02253557768811658 0.6838106902303318
3.4224094813890324e-05 22.258120629605887 0.3017974684212188 0.022513024155180934 0.6840528045949801
3.4146103160232684e-05 22.258037087417822 0.30076352173186693 0.022511176006792498 0.6849101246858302
3.406186954276278e-05 22.25799855609559 0.30148805384812966 0.022560986944389717 0.6848225644842257
3.397824178436666e-05 22.257891754207293 0.2999650524470654 0.02257473991271677 0.6859713985993223
3.389665672163279e-05 22.257744972773516 0.3005604598920798 0.02251623223718478 0.6851024664726465
3.381484399170786e-05 22.257663379873712 0.30201266532396287 0.022513219706460703 0.6840510486093602
3.3730970208503866e-05 22.257650677293974 0.30007871870260927 0.022573009829239165 0.6859002978600519
3.3645943517812864e-05 22.257650152512134 0.3009641323750411 0.022557402838975362 0.6851965950780767
3.356389623832993e-05 22.25747284989777 0.3019268751103488 0.022509496774039756 0.6839511262827421
3.348768991349394e-05 22.25713556922528 0.3019984908478785 0.02255310582231406 0.6842248485975121
3.34140559832528e-05 22.25681477106658 0.3004693733015825 0.02257036919800104 0.685626391647944
3.333641270548882e-05 22.256727861170656 0.30031520865726513 0.022557678091775016 0.6856537856185122
3.325382842495315e-05 22.256715246346133 0.30171726272013394 0.02256443664228616 0.6845221697335315
3.317113072324076e-05 22.256647678440906 0.302048959395953 0.022540263308958204 0.6840728699637807
3.308843818208023e-05 22.256647345599006 0.30112818970174954 0.02252244451379231 0.6845872643400845
3.300953029647298e-05 22.256363128274614 0.30018183495235157 0.02252731213649424 0.6853836710101472
3.293109665120178e-05 22.256345538417527 0.30020403504501536 0.022566318186846 0.6856199916604384
3.28501751031529e-05 22.256224316101303 0.30011917966174884 0.02254439880352911 0.6856756155504448
3.276949104952163e-05 22.25620452178767 0.300186429358683 0.022564656528438358 0.6856189311672568
3.269110787254478e-05 22.255954830271907 0.299867340638 0.02256685758960478 0.6859891679167396
3.261400678792409e-05 22.255868035114048 0.302257117122075 0.022550669867014744 0.684073586531424
3.253686458201817e-05 22.25563222875973 0.29989450303408877 0.02257002543597478 0.6859874482833997
3.245853974634891e-05 22.25562967571511 0.30235219874936714 0.02254334121520742 0.6839389333163629
3.237737406471008e-05 22.255581167772753 0.3021207583958528 0.022516867327299777 0.683997848257403
3.22988877782231e-05 22.255425425955288 0.30232016039271564 0.022543531005732392 0.6839532800321604
3.222639059273522e-05 22.25501717920747 0.29999300144047447 0.022568432709519727 0.6858182408421247
3.2152001210860445e-05 22.254989330435492 0.3006510379834452 0.02254488232924742 0.6853267801585786
3.207142614317722e-05 22.25497769955785 0.30147481263482045 0.022506719353196623 0.684265271208855
3.1990887130699064e-05 22.25496038195334 0.30081395997064625 0.022529753949156003 0.6850846594417179
3.1914498496841346e-05 22.254701486239014 0.3014838148568488 0.022558237358293706 0.6848071735292347
3.18388400344281e-05 22.254649878047985 0.30098526160011296 0.02251523796711214 0.6848189051790924
3.176177576055032e-05 22.2544909720504 0.3000745864079184 0.022547266916145312 0.6857253165301929
3.168807940926102e-05 22.25423871084984 0.30060376090850605 0.022525931635801116 0.6851874198681049
3.161264437537468e-05 22.25420074435467 0.30011182674394876 0.022557949726467012 0.6857855010542959
3.153396982830329e-05 22.25416549547709 0.30165044449508865 0.022530942434128395 0.6842682204750693
3.1455431837538726e-05 22.254131452778406 0.3003166752563088 0.0225643671260704 0.6856935477422629
3.137692598849967e-05 22.25410678013171 0.30027335255060017 0.02256884212402466 0.685748291661646
3.130024470039136e-05 22.25396882798984 0.30189537012693146 0.022504207253057216 0.6839789055149879
3.1223612730846166e-05 22.253953143938304 0.3017850727568959 0.022552296351386183 0.6843536255023441
3.114557939561463e-05 22.253917386061687 0.30034466742248583 0.022557415710370215 0.6854330358384995
3.10714383085455e-05 22.25366386914215 0.3013546746418938 0.022547499930496418 0.6848368394028764
3.099776699017323e-05 22.253609304918722 0.3022957981187458 0.02252226064434103 0.6838972221369417
3.092124639738272e-05 22.25355153741566 0.30180235039727066 0.022503214436411775 0.6840556888188065
3.084448108206003e-05 22.253525242318798 0.30126933078684437 0.02257808477410795 0.685012521240736
3.076861776553731e-05 22.253421385933358 0.3001994333248006 0.022543175230453717 0.6856109489259364
3.069605231890792e-05 22.253192518200724 0.29983270644665244 0.022557335911812734 0.685869909297163
3.062398523217277e-05 22.25306741609403 0.30239165549047 0.022537008507038367 0.6839131807334053
3.0550330366270064e-05 22.25295372258357 0.2999188724830331 0.022557401503883957 0.6858952433432322
3.0481314612202567e-05 22.25253601113239 0.30241518293695774 0.02252167014578654 0.6837378338716769
3.0411920639165733e-05 22.252457500082212 0.3016309999943035 0.022537025411577507 0.6843281485615403
3.0338123247111992e-05 22.25234066186263 0.30048259580690206 0.022581889263188756 0.6856313921702049
3.026365722713353e-05 22.252318315074426 0.3014968685304666 0.02250333690814704 0.6842699881069605
3.0190181406729442e-05 22.252148144582353 0.3023360916950618 0.022532703820292214 0.6839414694571933
3.0118156408794443e-05 22.252041432434044 0.301007069709994 0.022572709297375027 0.685239371229341
3.0043931742850284e-05 22.252029274481213 0.30178603293338485 0.022532370852996683 0.6843939285296445
2.9970095252107152e-05 22.251909019212473 0.30166906149488076 0.022518564982811417 0.6841789744845275
2.9896303893727683e-05 22.25190612179081 0.30152633264801243 0.022531698426672284 0.6845861229602526
2.9822233623496322e-05 22.25181690963023 0.2998170638631773 0.022550330813461205 0.685869344561691
2.9749089691904117e-05 22.251764215308103 0.30164176117515534 0.022560044954309886 0.6845269135981115
2.968220725694305e-05 22.25126534326697 0.3018481465274099 0.022540761337149696 0.6844071079496671
2.9614960400655665e-05 22.251247424853833 0.3017880669621728 0.022559087827244025 0.684426105824771
2.954087398806749e-05 22.251222078984803 0.3016396923450437 0.022570464700753076 0.6846790332260203
2.947122715521929e-05 22.25091559755793 0.3023610394947394 0.022522859062059794 0.6838344872637241
2.9401866373918785e-05 22.250882055339844 0.3007791409674079 0.02256125821031155 0.6851392474607505
2.9328875221185203e-05 22.250834421380052 0.3023577344170729 0.022517505045542438 0.6837537140770962
2.9258436724292726e-05 22.250638918314863 0.3020225787449182 0.02251122347623335 0.6839091160039773
2.919044934497206e-05 22.250435057188966 0.3003025917550029 0.022543712299302625 0.6855460201340502
2.9120387964498956e-05 22.250392971045503 0.3001535601560218 0.022537715755964836 0.6854575204884978
2.904785422152896e-05 22.250371061185312 0.3004980434536372 0.022527704815850508 0.6852682444768808
2.89751682333961e-05 22.250352099834735 0.3005983479453349 0.022559454897425724 0.6852588609115045
2.890530157312828e-05 22.25014784295893 0.30130420847363354 0.022573431385425377 0.6850021776718789
2.883616522761734e-05 22.250090031276322 0.3016613511395177 0.022512059085357892 0.6841554877664033
2.87644462720401e-05 22.250076984774918 0.30206841862975314 0.02250800643364257 0.6838846634658259
2.8692217742346037e-05 22.25006727135828 0.30144412628425027 0.022566337517202068 0.6848707100351022
2.862023352017554e-05 22.250049970666435 0.30199071345797346 0.022506316173295442 0.6839467496885604
2.8550676143588038e-05 22.2498830453269 0.3002004875800138 0.022578061735993943 0.6857776736989701
2.8484597760025686e-05 22.24963346265338 0.3004311019976068 0.02257851157005707 0.685589862884051
2.841753189900406e-05 22.249546908611165 0.30137604876260354 0.022575074438732128 0.684925921637997
2.8349255525941144e-05 22.249394017651895 0.30063273354655573 0.022557655316256045 0.6852182676468721
2.828260690028472e-05 22.24920408772912 0.300451224964631 0.0225322279034665 0.6851782755491824
2.8214547111181823e-05 22.24916245598097 0.299961593899756 0.0225397734103196 0.6856905357736159
2.8144129309796625e-05 22.249151872637196 0.30024433553596314 0.022548784930155254 0.6856241196949644
2.807421192991461e-05 22.249087252395913 0.30200715605057404 0.0225249565435097 0.6841547302168085
2.8005398923337293e-05 22.249010340651996 0.30168758603482937 0.022562320766086504 0.6846537597647062
2.7936258422863283e-05 22.248981377696765 0.30183412894580797 0.022521499284134567 0.6840862437746289
2.7867362959235048e-05 22.248899271149245 0.3010790434868397 0.022513967870601115 0.6845958613410426
2.780220633749949e-05 22.24861370177637 0.30013323082541915 0.022539251306865196 0.6854867836063603
2.7736299227677582e-05 22.248596787986223 0.3006909261751858 0.02255132193843917 0.6851224912431881
2.7666813264340463e-05 22.248581364817447 0.3004803567214858 0.022572800600925567 0.6856176997101757
2.7598337860724318e-05 22.248503970296486 0.3004486964408378 0.022542279427355448 0.6852428379491723
2.7536507194282736e-05 22.248018367815938 0.30142817211912165 0.02250495618396157 0.6843512921301715
2.7475841476262395e-05 22.247866267923055 0.3001424062618266 0.022560089604125026 0.6857711926427136
2.740990354434094e-05 22.24777525412151 0.3004850156361364 0.0225623214321345 0.6853740581444003
2.734208852299481e-05 22.24777216491099 0.30227143366617476 0.02253832045968686 0.6840269471645876
2.72738245641996e-05 22.247726513960014 0.3006860572642092 0.022575395101304005 0.6853593129550957
2.7205901093747048e-05 22.247711058153847 0.3006387651892343 0.022517239200833185 0.6850478916803322
2.7140552224906317e-05 22.24748828462426 0.30116355669764683 0.02254202737231131 0.6849321620556399
2.7075866524900713e-05 22.247435542542153 0.3018027280880301 0.0225428703362821 0.6842651621839525
2.7009511637426282e-05 22.247347926004277 0.3001268942364469 0.022538546689815576 0.6855993855545526
2.6943347130183287e-05 22.247293252929392 0.30069952943409267 0.0225208302045254 0.6850589540995335
2.6876972213385706e-05 22.247233488500434 0.2999085665052359 0.022565058974979995 0.6858862745240979
2.6811860673548393e-05 22.247096904620122 0.29993891323294597 0.02256727700917417 0.6859242940970076
2.674649302078761e-05 22.247068208623922 0.3020542109595391 0.02252814082740459 0.6841405991492877
2.668047181781567e-05 22.246992698794593 0.3004590752258455 0.0225197379900998 0.6851621498363478
2.6614505111366805e-05 22.246972283417797 0.3014182305534477 0.022513217202000096 0.6843397604461029
2.654896270832508e-05 22.246877231007915 0.3020752027063711 0.022550598850182946 0.6842663294652932
2.648387257091437e-05 22.24683497687615 0.3015924939028847 0.02256612812981621 0.6847405321350664
2.642093301684143e-05 22.246589347158118 0.30119807949866917 0.02252699632558485 0.6847803086473604
2.6360113438703982e-05 22.246397690052856 0.30197776977540874 0.022534212516734885 0.6840825157936404
2.6300386230801484e-05 22.246079778197277 0.301804030764027 0.02255002844816702 0.6844951707576905
2.6239152159299653e-05 22.24601337071057 0.30178230020302144 0.022555838924693802 0.6845431526552667
2.6174612445882756e-05 22.245959071873866 0.30061985171899397 0.02257690788276557 0.6854320749268644
2.610939168226866e-05 22.245957122519368 0.3023406970874185 0.022526302556239865 0.6838175616212205
2.604381167204854e-05 22.245943023164493 0.30099899374165257 0.02257728978060026 0.6851724050147164
2.5979669803448782e-05 22.24584316992134 0.30139667387487246 0.02257258806722949 0.6849090568650789
2.5916790516882596e-05 22.245743949185897 0.3006942054989566 0.022518096360051518 0.6849265537346869
2.585311046938062e-05 22.2457179399728 0.3013236332043969 0.022516588631440036 0.6845865598813781
2.5788740738319618e-05 22.245684471088634 0.30182786075702617 0.022535052309946027 0.68437464089723
2.5725789260883112e-05 22.24556078935723 0.3019251580782028 0.022539266918441502 0.6841579197099075
2.5668842263588002e-05 22.245071566028347 0.3009679551369 0.022571072481808317 0.6852519276830737
2.5610842258161884e-05 22.245039958187494 0.30089906212027845 0.02257843721143185 0.6852628509077823
2.5549825628335694e-05 22.244797311055784 0.30074334021383065 0.02255772666064692 0.68514105839638
2.5489886859274877e-05 22.244692629701795 0.3000686820009856 0.02257066877850847 0.6858047198804224
2.5427230814017648e-05 22.244674894282365 0.3005050934886729 0.022551412847876276 0.685465995709002
2.5364489076741555e-05 22.244589243596362 0.30003659006762956 0.022542966014985556 0.6856041631946482
2.5304111148770116e-05 22.244397031304427 0.30009063653203805 0.02257072360971915 0.6858504372708022
2.524313053185246e-05 22.244370623176582 0.30147607441449503 0.022562572516888146 0.6846722260765029
2.5181839589547508e-05 22.24421486657929 0.3000641743588437 0.022562280549159625 0.6858262399548424
2.512236225116121e-05 22.244056033016808 0.30220988633845525 0.022514748343338768 0.6838438998183021
2.5062753457645282e-05 22.243922093826164 0.30099565424685354 0.022534773243639523 0.6849905412207312
2.5002231850632293e-05 22.243847710689302 0.30121759887915245 0.022531269673008263 0.6845892834784948
2.4940916866317015e-05 22.24378923534292 0.30197354812460214 0.022508954916361176 0.6839650308606201
2.4879217648897444e-05 22.24375795075406 0.3001052061084632 0.022554820249643715 0.6856218347003191
2.4817400888938297e-05 22.243721372654896 0.30083867147972065 0.022533576540791196 0.6848873793340281
2.475590031405805e-05 22.243677075594817 0.3009583604590031 0.02251052455070494 0.6847234522032625
2.4694336458604485e-05 22.243658088498638 0.3006462188502983 0.02251665234249962 0.6849825793745989
2.463311665128538e-05 22.24359841158814 0.30059305847162554 0.02251848871442546 0.68507746118944
2.4576446987042025e-05 22.243221605616746 0.29991427187990494 0.022557666534360952 0.6858252368807641
2.4520498706688466e-05 22.243113767235933 0.30091042188223105 0.02252568704544479 0.6849654814621129
2.446055164858072e-05 22.243074454073966 0.2999457003739981 0.022554586632452658 0.6858334833356479
2.4400485728855866e-05 22.242988494879455 0.30147951261268424 0.022549659663953347 0.6847451303277527
2.4341870654576937e-05 22.24284221135717 0.30231985347553814 0.022523281967403556 0.6838350006760759
2.4282437584651537e-05 22.242835331396332 0.301919093244851 0.022529942610821307 0.6840936336093459
2.4221507644910514e-05 22.242824750949296 0.3018054274602081 0.02251880657640103 0.6840992599965208
2.4161596403923285e-05 22.24274632256138 0.30026693405026134 0.02253712573970577 0.6853694163955278
2.4101918429296138e-05 22.242728798675717 0.30181616583542825 0.02252408209798241 0.6842888835534758
2.4045877037071037e-05 22.242360286342244 0.30204113948190225 0.022528239963268464 0.6840043783975288
2.3990385452818198e-05 22.242307833537854 0.3008566522495595 0.022514335119378864 0.6848629901287607
2.393176361187602e-05 22.242211755392404 0.3007661518166037 0.02257888585085365 0.6853932681234837
2.3874692888033027e-05 22.242041478189748 0.30020269358470175 0.02255210462347396 0.6856663449906143
2.381679405275581e-05 22.242026470949536 0.3020756244696022 0.022548484582189356 0.6841625159380818
2.3757441873744124e-05 22.24199048431778 0.30049396275919765 0.022577364023374687 0.6855481272895618
2.369869382955537e-05 22.24193709200464 0.30030015670280175 0.022535111512236077 0.6853320955366763
2.364006939222087e-05 22.241903054877127 0.30027417728585903 0.022571914722257384 0.6856482238439616
2.358107892284613e-05 22.241893124625314 0.3005991963549196 0.022549985631789102 0.6851893650686389
2.3521850390246753e-05 22.241891964037123 0.30214614550894825 0.02254823014564495 0.6841705310162741
2.3463152078195545e-05 22.24184963603367 0.30167053197542176 0.022563157358180205 0.6845646360440595
2.34051728618996e-05 22.24179965987684 0.3006020171638698 0.022571055775902592 0.6853811563241325
2.3347585660173053e-05 22.241736139283503 0.3023281595299988 0.022529738640275843 0.6838780126510873
2.329215840026902e-05 22.24151297873413 0.3002887229523308 0.022542808708569825 0.6853859336236947
2.323620153549048e-05 22.24150645564985 0.30048138026864796 0.02252119269781695 0.6851496407835683
2.3177872721984505e-05 22.24149968593519 0.3003868965282951 0.022569770495894547 0.685655854387658
2.3119719221105405e-05 22.24149077979587 0.3003339900356242 0.022528581931145708 0.6853561915883111
2.3062541641511357e-05 22.241412145291797 0.3015610031246685 0.0225616290130463 0.6847432475693398
2.3005950799333093e-05 22.241364635032483 0.2999662715617705 0.02256197111171956 0.6858669354948961
2.294982170603709e-05 22.241257977391676 0.3008032704953864 0.022519865939672763 0.6848483785040632
2.2895014307391003e-05 22.241107080239097 0.30166427262619755 0.022553966622352508 0.6844654171096858
2.2839632974245693e-05 22.24106224360167 0.301030050561653 0.02255468293772484 0.6851130473194326
2.2782870270024393e-05 22.241044484330622 0.3021965402009419 0.022533263499028948 0.68395311411801
2.272792160697094e-05 22.240852544537717 0.3012079671721012 0.022573139894161987 0.6850574656876032
2.267380711657578e-05 22.240772985406174 0.30013396836857914 0.022551182030069287 0.6855751991794118
2.261783677511789e-05 22.24075665427505 0.302220896250077 0.022532184095546706 0.6840164285790896
2.256151010609895e-05 22.240721043958448 0.2999808305608807 0.022549880969510758 0.6857088629534848
2.2505633219331376e-05 22.240677319343654 0.3010604207697919 0.022510496348123774 0.6846664514585554
2.2450455090336177e-05 22.240591899314374 0.30197666596750666 0.022510298229806755 0.6839892149574515
2.239501639326575e-05 22.240583633810395 0.3000357974236266 0.02254811321376925 0.6856436926709452
2.2339481287371323e-05 22.24051921507726 0.3002154052794375 0.02253270153935922 0.6854068118923297
2.228401900396212e-05 22.24051688263903 0.3007460115074036 0.022578122274659513 0.685383052537224
2.222888785963387e-05 22.24043517217295 0.301668179641791 0.022552839682924954 0.6844527749257494
2.2174855921989397e-05 22.240346106474238 0.30013565756355753 0.022568531659720788 0.6858060280168701
2.2121472522343943e-05 22.24021774386257 0.30049880879174357 0.022576465427639622 0.6855354433006849
2.2068013836406023e-05 22.24014725021573 0.3010646286635508 0.022510266555492833 0.6846456889298211
2.2013842359892946e-05 22.24009549217639 0.30149971234812767 0.02255285621647526 0.6847458702425259
2.1959226443288895e-05 22.240077697028177 0.30206908907435515 0.022530085888055884 0.6840042446596731
2.1904751248799486e-05 22.240025572424365 0.3020818358850111 0.022514564100288303 0.6839147674681569
2.185032323800749e-05 22.24001593556723 0.3002491233867738 0.02257292896753623 0.685689067719361
2.179657771434209e-05 22.239913707071675 0.29998308407280444 0.022563240436299103 0.6858203364132085
2.1742910011997272e-05 22.239909174185655 0.3012006664013255 0.0225090020120965 0.6845294991187939
2.1689466588627346e-05 22.23979856212198 0.30146860052062874 0.02254205765931175 0.6844934556118547
2.1637132357609457e-05 22.2397037435625 0.30157264258173827 0.0225674111011416 0.6847348760654098
2.158399895853891e-05 22.239678987489192 0.301786709568803 0.022519501609621215 0.6841206078116412
2.1531694356695216e-05 22.23951941643823 0.30063976966072714 0.022561737449640143 0.685261493455277
2.1479277739336594e-05 22.239516984671486 0.30126488642938715 0.02254779000608387 0.6848911203741226
2.1426848416385867e-05 22.23937062664768 0.30221269977105847 0.022522224638680536 0.6838753516546423
2.1379080566152884e-05 22.238944174346486 0.3010171630850708 0.022513308433495225 0.6847405676841174
2.1329992903715354e-05 22.238931561363753 0.3016223395984917 0.022516944793212597 0.6842221668640447
2.1277048681616125e-05 22.23887832949073 0.30028471572111576 0.022571715713112193 0.6856453342633406
2.1226400804207247e-05 22.238661833162237 0.30146884777989 0.022551240403046933 0.684758146760745
2.1175371859222237e-05 22.23865605867185 0.3014506123909198 0.022552797540751027 0.6847818004437181
2.1123164892953608e-05 22.238562830403588 0.3020589416534376 0.02252135768930831 0.6840606857590532
2.107145752175451e-05 22.238521952880312 0.3022771313910869 0.02252641236934483 0.6838992632517347
2.1019860864875414e-05 22.238430340300585 0.3018882553556268 0.0225302459331905 0.684279017646236
2.096867137571626e-05 22.238362777097848 0.30031379925122353 0.022568181775063544 0.6856906250728124
2.09174488705843e-05 22.238286344335158 0.30207628672679576 0.02251678284391164 0.6839283269897053
2.086612379795888e-05 22.238240706718948 0.30156972653481334 0.022507963883791948 0.6842672406281103
2.0814304809142168e-05 22.23822393742466 0.3000696033842033 0.022549722134427044 0.6856281904165666
2.0762297063903325e-05 22.238208982903075 0.30103880589677445 0.022570829726914127 0.6851845530042124
2.071154287301003e-05 22.238083815685695 0.3005098391655562 0.022528270630825898 0.6851291934266381
2.066172840786682e-05 22.2379900004115 0.30071808965487323 0.022577338606461432 0.6854221459456177
2.0612935894801085e-05 22.237777408182325 0.3006751443414688 0.022558084609478155 0.6853862535396896
2.0564035610639405e-05 22.237705359283314 0.30204011206213 0.022513261077332182 0.683969466394321
2.051575802950047e-05 22.23744349302614 0.3001447304078957 0.022570374675143133 0.6857905464554451
2.0467887362040393e-05 22.237342822924365 0.30092366341101917 0.022576409010814737 0.6852442672681899
2.041954254815025e-05 22.23713845596404 0.3021701938382996 0.02252171522729899 0.6839016334333746
2.0370376055201996e-05 22.237129749022596 0.30121967701663294 0.022568336927753993 0.6850338956757496
2.0319474484034945e-05 22.237107918157214 0.3014379179147578 0.02255972522861771 0.684827331620408
2.0269144523860173e-05 22.23705546019173 0.30178934695519716 0.022510704225839513 0.6840963758523386
2.0218794397307913e-05 22.237048055036066 0.301576379872601 0.022509807159166943 0.6842409744896877
2.0169207127160583e-05 22.236932456029997 0.301990115719418 0.02254506391911532 0.68429574389808
2.0120104960027578e-05 22.236889010681743 0.3002548810960526 0.02253668697947318 0.6853904823906879
2.0070721412467882e-05 22.236813464622724 0.3017493720968366 0.02254235269116315 0.6843096817796577
2.0021342688592452e-05 22.236781741979836 0.30152051601512253 0.022521126916698428 0.6844772814501432
1.9971352731123832e-05 22.23677967227749 0.3007273342417142 0.022548432908805663 0.6852811530298342
1.99218269217009e-05 22.23671398342794 0.3021589454112872 0.022521997736212815 0.6839099043813011
1.987262698257445e-05 22.236691574436307 0.3018897768301967 0.022538485674671267 0.6841869250410918
1.982323665087058e-05 22.23665745328089 0.30103191107110555 0.022552921270787507 0.684896675454034
1.9774288651013418e-05 22.236602819451026 0.3016532369836492 0.02252683540829471 0.6842593954027073
1.972740383279949e-05 22.236371878771173 0.30219884284983045 0.022541082798562793 0.6840505722005001
1.968028263462879e-05 22.23635263203171 0.30065518020549054 0.022536376781129783 0.6852309090666481
1.9631014802416843e-05 22.236351955023146 0.3003150309730403 0.022536111666855586 0.6854440630850791
1.9582102230537024e-05 22.236309119309034 0.3000886109748884 0.02254271827101411 0.6855783765808585
1.9535340242501953e-05 22.2361008382085 0.30063584320763226 0.02257004976137202 0.685354798596974
1.9489126822662875e-05 22.236013239774557 0.3008578607993437 0.022536482828752778 0.6850929109844148
1.944237126923006e-05 22.23587207725916 0.30196161580628816 0.02252235628815702 0.6840285426962758
1.9396308630559737e-05 22.235724685381776 0.30149530396413127 0.022556796865034694 0.6846119177856236
1.935142022657098e-05 22.23547353935392 0.300675815071506 0.022543450012603786 0.6852763386841411
1.930528555992292e-05 22.235466082043697 0.3002721554117573 0.022538899223909625 0.685495905266026
1.9257526148226406e-05 22.235395201897944 0.3001697094227215 0.022553586687074963 0.6855728946338667
1.9209937893581628e-05 22.235382318816498 0.30034863791304545 0.022528717270408758 0.6853270919188497
1.916345342379974e-05 22.23520861397444 0.30125200882808767 0.022565946130048444 0.6848732985542174
1.9117561181722514e-05 22.235145619173025 0.30194090609751456 0.022555162964899393 0.6843516100522175
1.9071413459016686e-05 22.235010333683867 0.30097440719282714 0.022561105787934344 0.6851853877822607
1.9025276392161015e-05 22.234958013752056 0.30182584808028334 0.022521209087198887 0.6841116411052229
1.897910285624212e-05 22.234838432143373 0.30089167410949835 0.022514698419477425 0.6847963715541755
1.893296100762992e-05 22.23479468885945 0.30044206022409875 0.022567641371798376 0.6854796393599776
1.8886086442574495e-05 22.234764674710753 0.30042609968626843 0.022529308276839955 0.6852988389709473
1.8839272361948828e-05 22.234726924647457 0.30035445295447244 0.02253880589371262 0.6854447893338558
1.8792441971984075e-05 22.234711089160584 0.30214440805063714 0.022543501796724118 0.6841295587157963
1.8746360475091034e-05 22.234605955191302 0.3015205200612085 0.022530560783823386 0.6845610358877605
1.8701503913636895e-05 22.23447129070411 0.3009593161903022 0.022575280691443267 0.6852159233260652
1.8655992825236374e-05 22.2344479145234 0.30008129863757843 0.022548017245002678 0.6856176096433096
1.8609584693856504e-05 22.234421653767114 0.3021312578973624 0.022544680579372433 0.6841274354643356
1.8564517409916592e-05 22.23426635348929 0.3005066316596887 0.022523385401800683 0.6851488799360348
1.851996377689701e-05 22.23419648698647 0.3000231768494614 0.02255874633540786 0.6857925828876155
1.847414762023825e-05 22.234189532215375 0.30056316242020575 0.022573109818608952 0.6855298056298793
1.842798397195684e-05 22.234169773434182 0.30082842210793603 0.02251599276204443 0.6848686467782894
1.8382535509447303e-05 22.234097648657546 0.30193378443775815 0.0225460284838189 0.6842321559142934
1.8337896441150644e-05 22.23400192669826 0.30141951516810983 0.02256056122591945 0.6848407135154528
1.829330614114314e-05 22.233936408275646 0.3003170047949802 0.022533615860347772 0.6854084429478127
1.825154552439681e-05 22.233542591744072 0.30012911769384565 0.022543526815448314 0.6856142099341174
1.820939633476743e-05 22.233530229471707 0.30028666671746995 0.02254389667683248 0.685408336427558
1.816412875478069e-05 22.233490585743848 0.30120276702534515 0.022532462411511602 0.6848103795435436
1.8119056930500665e-05 22.233469126730412 0.30146335900230076 0.022513788676350715 0.6844314030599661
1.8074639869672256e-05 22.233369497824178 0.30160175961150165 0.022525093932186387 0.6844494625771653
1.8030948572605377e-05 22.23327969764302 0.30072901427861604 0.02255443281576032 0.6851373132616106
1.7986581275655868e-05 22.23326706481731 0.3017039178649517 0.02256207350186986 0.6845887430768913
1.7941712556665785e-05 22.233245419348265 0.3006960058221041 0.022568820749998806 0.6853012603399029
1.7897966268256945e-05 22.23311995642335 0.3014079491995725 0.022513520108300912 0.6843758118053247
1.785430991127319e-05 22.233100264975295 0.3002790898823973 0.02256780599280025 0.6856185736976426
1.7809769041505372e-05 22.23308617889626 0.3000959441558055 0.022547273660414195 0.6856035434312057
1.776532053885777e-05 22.233068687082177 0.30218583073046884 0.022529420125875867 0.6840029058073014
1.7720902913723297e-05 22.233063724732297 0.3013443003148684 0.02253990423439742 0.6847667600590187
1.7677017038096063e-05 22.232998723324222 0.3017232516615422 0.02252022633218684 0.6841786627604833
1.7635506684091998e-05 22.232736765915618 0.30020058164577335 0.0225693290783909 0.6857385434449219
1.759366670082337e-05 22.232720366730906 0.30025753279063855 0.022545060281468843 0.6854423406677282
1.7550599637068257e-05 22.232609655122516 0.30048343552542883 0.022544794074938024 0.6854128153596333
1.7508324486338795e-05 22.232514916400987 0.3007394296562594 0.022529429993157733 0.6849553273576634
1.7465562834157928e-05 22.23247165875193 0.3002511990813759 0.02254489024773216 0.6854472850841106
1.7422109343660896e-05 22.232468416184776 0.3012793133786811 0.02252877759158931 0.6845418962024561
1.737865340258434e-05 22.232437969850487 0.30085910788857134 0.022519372204236596 0.684909695051583
1.733558486243694e-05 22.232402623867788 0.30060959670581694 0.022551204822357986 0.6853775995890509
1.7292638045197578e-05 22.232370529772652 0.3004702536596958 0.022541267756181843 0.6853908053924074
1.7249994215210153e-05 22.232312476340798 0.30099513181041204 0.02256952795280969 0.6850966416511751
1.720727609020778e-05 22.23230132423304 0.30161884786731774 0.022515334397111637 0.6842310802306112
1.716442781039041e-05 22.232270849363342 0.3015841808542994 0.022557671134219293 0.6846915363234903
1.7122475284689555e-05 22.23216761509573 0.3014662146797622 0.02256184767099143 0.6846920989484078
1.7081647838956764e-05 22.232017494850258 0.30132938704018253 0.022520167105055014 0.6844586367318268
1.7040753862800624e-05 22.231933569427618 0.3001723110136111 0.022540802559155384 0.6855011669010943
1.6998920153725837e-05 22.23190561381356 0.3001465890281275 0.022563952371928705 0.6857541108524681
1.6957573753996225e-05 22.23177641456766 0.3002334632213752 0.022536201935235416 0.6854721331946506
1.6916273530934155e-05 22.23175496400369 0.3013198429757664 0.022510913417285422 0.6844662250223327
1.6874105173734713e-05 22.231740667255632 0.3006628444294985 0.022555043407421347 0.6853668816243099
1.683382542125172e-05 22.231507406182665 0.30079011576128656 0.022566627056568582 0.6853425974290437
1.6793622832189276e-05 22.2314954239804 0.30053000604586894 0.02257250166958811 0.6855429507034143
1.675249835910862e-05 22.231383779802776 0.30096167827779935 0.02254421725337611 0.6850772156186083
1.6712018393246502e-05 22.231306793755408 0.30048227344634115 0.0225394873207846 0.685221544919241
1.6670731893423618e-05 22.231303724647425 0.30153984325296335 0.022563557713738785 0.6846732641223402
1.6628936024330904e-05 22.231300352729917 0.30184812993127785 0.022535238214623526 0.6843395810760262
1.6588067259739446e-05 22.231198219975315 0.3018573553820839 0.022523865790335898 0.6841128014219442
1.6547856126283113e-05 22.231127580714002 0.30155788897342767 0.022564839079867505 0.6846901994184394
1.6507167113027802e-05 22.231095238291907 0.3021921026709165 0.02253154650630372 0.6839840826093982
1.6466479771398182e-05 22.23103663075386 0.3002711506563053 0.022539522679068245 0.6854924163258458
1.6426527709429514e-05 22.230927055257037 0.3014991148988698 0.02256619691854616 0.6847694127868295
1.638641337546618e-05 22.230900159472366 0.30081160441410504 0.022543276269565603 0.6849896384117022
1.6345759025983057e-05 22.230868726843617 0.3007084901949616 0.02257029545129148 0.6853146443710122
1.6305072125270943e-05 22.23085827678302 0.3019484957156814 0.022530831958789972 0.6842221135330816
1.6264636101249082e-05 22.230808529861065 0.30037582363318127 0.02255489919004762 0.6854197316002296
1.6225826196546183e-05 22.230610081815772 0.3000632194236605 0.022559648345454514 0.6857570740224458
1.618823321193569e-05 22.230421490018923 0.3007226739395198 0.02254466446176217 0.6850682725516528
1.6149429728750574e-05 22.230383804257396 0.30184003901935313 0.022550444192644264 0.6843403875024388
1.611192660665181e-05 22.230045448503006 0.3012980090481163 0.022516207331411877 0.6844709594529241
1.6074318427324865e-05 22.23003168856614 0.3010338130690535 0.022522098724165312 0.6848240672709069
1.603420102034588e-05 22.230017349466912 0.30063027606056136 0.022526763677961748 0.685138284017141
1.5994587053327956e-05 22.229953237393346 0.30214615119902255 0.022535194068709023 0.6840311337357208
1.59559117178041e-05 22.229833588859155 0.3016030109665094 0.022531159983375588 0.6844971451303891
1.5917650463455868e-05 22.229729271792223 0.30093740620658493 0.022553787488806237 0.6851609203287932
1.587950110834077e-05 22.229607163408165 0.30010328671849706 0.022549642813054195 0.6856716268245281
1.584102292162632e-05 22.229555978600544 0.30187441160136663 0.02253159155425201 0.6841551260245583
1.5801928424794875e-05 22.2295237543077 0.30038499052910306 0.0225356210522655 0.6852864620134063
1.5765363402152756e-05 22.22916400103799 0.30012767022855336 0.022543604753128832 0.6855842111349076
1.5729118000694846e-05 22.22910190321474 0.3016693120796984 0.02254690101135589 0.6845601761866166
1.5690148785436303e-05 22.229100048776704 0.3008223518652575 0.022569851038411606 0.6852299877694471
1.565106408450911e-05 22.229065125196918 0.3017072470560081 0.02255205350942103 0.6845577140585897
1.5612105924334227e-05 22.22905961002155 0.30077574772194954 0.022557375986707706 0.685298964389658
1.5573014012664603e-05 22.229054396088024 0.30054090342970136 0.022571875864436403 0.6855265642945144
1.5535131277530773e-05 22.22890588877148 0.30186952306053433 0.02253556273569223 0.684189127508076
1.549738523873503e-05 22.228894990848747 0.3009430049257364 0.022536448268885786 0.6848450233469475
1.5459430874004142e-05 22.228785383737037 0.3016201896746043 0.022543739988715932 0.6844181030774564
1.5422179633252655e-05 22.228695425823393 0.301999024650005 0.022520267177026113 0.684015603445211
1.5384695239044758e-05 22.22862787200872 0.30012338129917826 0.022546641255374224 0.6855914751183979
1.5347253512015434e-05 22.22854430305924 0.3003184021887777 0.022563749870241925 0.6856445062880259
1.5309533517964713e-05 22.22852507791205 0.30011855178867203 0.02254564352484561 0.6855973628810534
1.5271709793503067e-05 22.228467312502637 0.30018287682164346 0.022540490251201178 0.6855299748648493
1.5234675814479731e-05 22.228356751168775 0.3018767610048747 0.022554004255291006 0.6843976078822909
1.5197364537531067e-05 22.228347366278996 0.30192624501315984 0.02251746352981367 0.6841003016754514
1.5160266347029564e-05 22.22822083000048 0.30055193774902317 0.022570691241247623 0.6854464358793098
1.512331806909711e-05 22.228203661957455 0.3002587401759631 0.022551207065727597 0.6854931262114832
1.5086596907500047e-05 22.22805903745529 0.3011963660340896 0.02252662611608706 0.684596123496193
1.5050410592560719e-05 22.227982706561836 0.30015704474407956 0.0225505902413558 0.6856499659117251
1.5013311048495222e-05 22.227971372575524 0.3019742458644663 0.022523002190274196 0.6840429703764302
1.4975854999651033e-05 22.2279549409034 0.30056208525126804 0.02256355531066767 0.6853563338137122
1.4938460774369818e-05 22.227947915499577 0.30180760094372217 0.022513886045180755 0.6841288232005881
1.4901292362065342e-05 22.227913782672807 0.30016476143493015 0.02255287056084177 0.685664306097884
1.4864344734187938e-05 22.227889567123803 0.3016087868585376 0.02252032114844517 0.684388024637341
1.4827350116874722e-05 22.22787420354169 0.3012227136688919 0.022568421679668983 0.6850070683233204
1.4791051473533982e-05 22.227768404110567 0.3002475812526184 0.02256184212530886 0.6855957766215885
1.4754931133143635e-05 22.22774098388245 0.3006886783027271 0.022521421878103437 0.6849980257020482
1.471820779986833e-05 22.227729182657654 0.3014593188063262 0.02256310917689761 0.6848024339477474
1.468152359774172e-05 22.22770895638794 0.3007200052918841 0.022555544663488095 0.6851612666986217
1.4645365609012963e-05 22.22763785323212 0.30200739229490076 0.02253355874458601 0.6840928497171389
1.4609213029387472e-05 22.22762914735839 0.3001899220225974 0.022541529980577235 0.6855397661977719
1.4573023550120293e-05 22.2275754303746 0.3009789481307093 0.02252093505045746 0.6848422386980508
1.4537386325983964e-05 22.227503150784553 0.30210517181339575 0.022532386098004415 0.6840854913422999
1.4501717198841246e-05 22.227465922430248 0.30156678029293327 0.022513140662079073 0.684325702095755
1.4465786664511214e-05 22.227441956351615 0.30110865128191866 0.022546172693927412 0.6847961350597851
1.4430121597666954e-05 22.227380345324928 0.30124908366961806 0.022531325986201844 0.6845867257117498
1.4394790181206288e-05 22.227322308719387 0.3002900168072056 0.022540946552243434 0.6854024920773939
1.4359325099239712e-05 22.227291434051384 0.3013828152447373 0.02256069996104841 0.6848583320728732
1.4324316868124879e-05 22.227181883206796 0.30067776469859775 0.022567460430749715 0.6853117395794022
1.4290151776491695e-05 22.227045015471766 0.3009854577454471 0.02256969944390438 0.6851965525601955
1.4255330410966636e-05 22.227039031982873 0.30107117886536977 0.02252463040751754 0.6846813354846197
1.4219938275124102e-05 22.226994449564923 0.3016151310117338 0.02253517294735874 0.6845166032413355
1.4184955290735778e-05 22.226943236173554 0.3018699523721629 0.022519412275326754 0.6841692335649113
1.4149940879035517e-05 22.226915329557144 0.3002810088957968 0.0225457820038388 0.6855376854770552
1.4114801211072106e-05 22.226894181566358 0.3007717582294832 0.022537522555611197 0.6851492949616271
1.4080054348863755e-05 22.22682294472237 0.3003781071020233 0.022558993449487794 0.6854606922044922
1.4045438372887963e-05 22.22679540628224 0.301570877396773 0.02256290755400597 0.6846711154403424
1.40108296705928e-05 22.226735350407893 0.3005140654812575 0.022570973347414876 0.6855346845933261
1.3976314955612709e-05 22.226706633246767 0.3002763042413778 0.0225587438808332 0.6856381396772588
1.3941822038219722e-05 22.226655717601727 0.30106315740141076 0.022517212809148576 0.6847346364835042
1.3907679834399112e-05 22.226588875590416 0.30147605454102333 0.02256493659356437 0.6847760608245633
1.387328853488574e-05 22.226585990211923 0.3014858696023566 0.022544588227457606 0.6846854696782811
1.3839586204317351e-05 22.226431945713188 0.30088335129035276 0.022544518031597145 0.6851289507872772
1.3806048950904737e-05 22.22641706226947 0.3009536844588053 0.022518183784173695 0.6847584568182189
1.377203598224365e-05 22.226343977769233 0.30117353842754585 0.02251993452552004 0.6845847225982322
1.373857449548105e-05 22.22626107547823 0.30150507538765153 0.022551353377929444 0.684713092618601
1.3705488816336316e-05 22.226145081405008 0.3016485762713135 0.02255076212741031 0.6844681620017966
1.3671957794093272e-05 22.2261390423239 0.30142855451402756 0.022512868151220514 0.6843914449144343
1.3638084540435515e-05 22.22608533698233 0.3020528599307024 0.02252331157724747 0.6840443479504269
1.360473674914941e-05 22.22601445377457 0.30024759786565086 0.022543322902573427 0.6855300032550589
1.3571330936003447e-05 22.225981381059444 0.30172242104187025 0.02255429769233574 0.6845467130903586
1.3537782334718444e-05 22.22594377865007 0.3001258096418902 0.02254997919085561 0.6856454003435456
1.350529275176317e-05 22.225766224548344 0.30022019886914664 0.022564199007516147 0.6856897132253302
1.3472707336289813e-05 22.22575447280354 0.3010792220453724 0.022568913033730615 0.6851181145312714
1.3439359294305426e-05 22.225702181692885 0.3008448023604591 0.022552603482391763 0.6850451045766618
1.3406496113421396e-05 22.225630476503344 0.300469546819181 0.022570864023407362 0.6855317334980758
1.3373417394592555e-05 22.225622500867313 0.30026661638909685 0.022542305380102035 0.685436049428979
1.3340291957655315e-05 22.225570104042554 0.3008684890383523 0.022518724380850463 0.68484231189413
1.3307684183089449e-05 22.22549672480929 0.30090113450443257 0.022520071194743602 0.68480572693417
1.3274917429374093e-05 22.22548035119037 0.3009621039989894 0.022539695433397493 0.684857490475999
1.3241922056126153e-05 22.225453753950966 0.3004410579827165 0.02255598386584862 0.6853855955000847
1.3208988289277439e-05 22.22544053551911 0.30040375333363944 0.022539962200414366 0.685407674974398
1.3175999992554246e-05 22.225434714464235 0.3009338435078059 0.02253784344074603 0.684865933260907
1.3143342477508885e-05 22.2253837636283 0.300227913390353 0.022541026291268255 0.6854728059133017
1.3111132726750313e-05 22.225322050272712 0.3011312259483277 0.02256924003227742 0.6850727541752417
1.3078930378353939e-05 22.22528210154309 0.30180078683529354 0.022548687219116043 0.6844536700797687
1.3046406674195875e-05 22.225281840720292 0.3007154568041407 0.02252687281163435 0.6849772861403942
1.3013738680830087e-05 22.225276561896905 0.302064069232293 0.022524711138094344 0.6840438586186741
1.2981308695346517e-05 22.225252299359127 0.301830625775919 0.022527086637758476 0.684275622490067
1.2949093479964743e-05 22.22522639522964 0.30079024927030473 0.02254819296617455 0.6852206201340966
1.2916967607221997e-05 22.225200742186097 0.3016411671450712 0.022550340727467994 0.6845962846603425
1.2885057676455152e-05 22.225153755220894 0.30122919757684274 0.02252999092716119 0.6847582290458814
1.2854535288570313e-05 22.224924546185793 0.30202866376187076 0.022539165550038265 0.6841385333328631
1.2824168599780912e-05 22.2248645888653 0.30057559744854323 0.02257145413177974 0.6854821762839634
1.2792714286824757e-05 22.224816699666377 0.30195639243130157 0.0225481189746622 0.6842862267081167
1.2760980618998912e-05 22.224812678869828 0.3010981918580689 0.02255252224925547 0.6848606033341197
1.2729577723728114e-05 22.224725253268605 0.3020558637666885 0.022537981694814822 0.6841166607834667
1.2698610029119988e-05 22.224664918747724 0.3004843183042912 0.022545108062292613 0.6854021879505258
1.2667781617037673e-05 22.224567461345366 0.3018375902881256 0.02254704471704867 0.684411780126141
1.2636710295996883e-05 22.224557474680843 0.30016492641914627 0.022552379441590113 0.6856474035506993
1.2606456520251036e-05 22.224342476399443 0.3015062935771506 0.022556811226046993 0.68462507020619
1.2577045242877627e-05 22.224210070114918 0.30206389367524 0.022532096504291086 0.6841107823701918
1.2546835397489888e-05 22.224133363485972 0.3005248050234912 0.02256949350242168 0.6855175969815357
1.2516445956846384e-05 22.22404131352787 0.3019369057702839 0.022548355936392338 0.6843124437513513
1.2486037967923177e-05 22.22397942697106 0.30086057137231004 0.022548765417808907 0.6850039524033504
1.2455388948693811e-05 22.22393800353019 0.30045701960440035 0.022551864233583182 0.6853413504181358
1.242446100557905e-05 22.223933187744144 0.3003134047163821 0.022566977588619253 0.6856209066802182
1.2393457461051903e-05 22.223916420027777 0.3018423640880256 0.022531721686850505 0.684186952550289
1.2363643389126101e-05 22.22373176452952 0.3005716358037517 0.02256782214293646 0.6854063496209036
1.2334096783218334e-05 22.223683298894354 0.3003597163074041 0.022542526046116715 0.6853578281536036
1.2304266206401867e-05 22.223556349114787 0.3013950285374539 0.02255669700195337 0.6846972487056021
1.2275670959434026e-05 22.22331842804115 0.3016623714646754 0.022518306757783997 0.6842331415288192
1.2246455611623445e-05 22.223303632630106 0.3020451765388743 0.022539907037233145 0.6841535728584476
1.2215858347060548e-05 22.223303405999182 0.30088101623173574 0.022547090800060666 0.6849762695739225
1.2185575656401585e-05 22.223249587981183 0.30064072176382406 0.022550439062274337 0.6853376094619977
1.2155413901668405e-05 22.22324187360079 0.3001675200290115 0.02255687230530186 0.6856434729960877
1.2125358970879479e-05 22.22318281142642 0.3004632956421496 0.02253800653070249 0.6853476311259065
1.2095458445330716e-05 22.22316191173918 0.30166604769578204 0.022533678479746924 0.6844590933315362
1.2065330352900882e-05 22.22315285464212 0.30022774557847803 0.022560821366383252 0.6856636402623802
1.2035473447595968e-05 22.223099421159738 0.30161823557034095 0.022546633381911475 0.6845896179144901
1.2006346344414531e-05 22.22298115951853 0.3017934125834672 0.02252748594471374 0.6843046967695882
1.1976985317006283e-05 22.222978611138036 0.3003108976191281 0.022538496498895323 0.6854329692690107
1.1947063330948785e-05 22.222966337326582 0.3005247232856898 0.02252818053652064 0.6851825271614602
1.1917384626847683e-05 22.222935565526605 0.3016791081043375 0.02251491474737322 0.6842353779405529
1.1887911391857982e-05 22.222901186413612 0.3011294742014832 0.022566585921944028 0.684990852684658
1.1858341310838713e-05 22.222899100666528 0.30087198189292197 0.02255715024549343 0.6850694525470649
1.1828738416757252e-05 22.222882765358786 0.30206669934994745 0.02253376669359722 0.6841112348911491
1.1799921173409138e-05 22.22276010071313 0.3017922526550578 0.02251657160659636 0.684158195408413
1.1771136050411947e-05 22.222750286342908 0.3020091644972668 0.02254169208232192 0.6842151887402073
1.1742155480503068e-05 22.22267293436284 0.30090571018168794 0.022544370048026327 0.6849376765316775
1.1713546823836977e-05 22.222611855646367 0.30081013803534457 0.02252538657748901 0.6849935933492439
1.168483657852808e-05 22.222563879578797 0.30025795544419914 0.022560037524016276 0.6855854671026866
1.1656619746515501e-05 22.222430275948767 0.3007457583667179 0.022560093914612063 0.685325945415417
1.162898230194729e-05 22.22229442283612 0.300772885069275 0.0225712075924722 0.6853271245100174
1.1600931554101286e-05 22.222243419878794 0.30100161307300777 0.02251940879196183 0.6847316496502939
1.1572813077613054e-05 22.2221310274537 0.30047623332548834 0.02255899225399159 0.6855032340952086
1.1544522121026317e-05 22.22212176299652 0.30134810817978047 0.022514801609388214 0.6844646594831436
1.1515838110275893e-05 22.222089704254014 0.30106115231909036 0.02251798785113751 0.6846842994041765
1.1487606766669017e-05 22.22201409451281 0.30116253673970883 0.022516889101198822 0.6846483514868534
1.1459310278338985e-05 22.222005538613985 0.3003677757307317 0.02255605192184548 0.6854533584229588
1.1431018026665485e-05 22.221941441555057 0.301925712248099 0.02252813740901264 0.6841169091395891
1.140340206247154e-05 22.221826578809523 0.3010650019926886 0.022530494597062273 0.6848748967682006
1.1375678764499576e-05 22.22179313215545 0.3009522865669227 0.022528316499421545 0.684931295868006
1.1347509641474355e-05 22.221768782446297 0.3016414003912118 0.022537140869505375 0.6845033619360085
1.1319847606216683e-05 22.221658124184614 0.3012473793115439 0.022555400888341744 0.6847871027528907
1.1292870629158182e-05 22.221524440594358 0.30138085551527716 0.02252159972529155 0.684446732908281
1.1265469474535808e-05 22.221500549024434 0.3005639789410807 0.022529651662627586 0.6851289961119809
1.1237942826442475e-05 22.22140109323929 0.30200696669561716 0.022524654331713138 0.6840724451702496
1.1210789889822371e-05 22.2213225811721 0.3014438252199792 0.022557493467442413 0.6846787794896925
1.118317206448902e-05 22.221318051602363 0.30105064933751935 0.022523958785070845 0.6847047998680144
1.1155400091977514e-05 22.221279430890913 0.30031287906752235 0.022548527747847043 0.6854432714098866
1.112800469153711e-05 22.221219670847155 0.3017163592214085 0.022526225246935726 0.6842382365516156
1.1100498990273369e-05 22.221213098154518 0.30193908804157205 0.022544365459189905 0.6842504751026725
1.1072834525205159e-05 22.221194350278736 0.30156383377762686 0.022521452023850294 0.684317054254371
1.1045722971615141e-05 22.221100202259514 0.301282620376912 0.02254807889713282 0.6848563731938375
1.1018715911760897e-05 22.22107458656072 0.30124551796336596 0.022533180807020124 0.6846102431621415
1.0991355528644819e-05 22.221056800318085 0.30018840506393935 0.022555680923713257 0.685625826805049
1.0964283021468681e-05 22.220991120481475 0.3011341425470053 0.02252589220307442 0.6847794973889441
1.0937362432598834e-05 22.220957799874203 0.30058423310001064 0.022569836630528885 0.6854459909167532
1.0910397254883698e-05 22.220912465076847 0.3006622150436928 0.02255479440704677 0.6852092543344805
1.0883326521789998e-05 22.220910812180083 0.30068290902451406 0.02254152426165453 0.6852349958248258
1.0856645482688281e-05 22.220806117626925 0.3018500914052883 0.022519373823081293 0.6841585907214754
1.0830039924687527e-05 22.22080265260946 0.3003856984430807 0.022549040874347875 0.6853849081592732
1.0803293255714649e-05 22.220736209153916 0.30034784015277954 0.022553361815784274 0.6854506210971211
1.0776804481419676e-05 22.220697192746353 0.3003294152812795 0.022557971714497718 0.6855857039547545
1.0750105372152744e-05 22.22068201741809 0.3018684999290243 0.022534315081400774 0.684196832267255
1.072335419852842e-05 22.22066510200038 0.3019619262061732 0.022540918472949992 0.6842038411522049
1.0697171502773084e-05 22.22055614019781 0.300681088688781 0.022558502731653704 0.6852290088952865
1.067142572022722e-05 22.220469367721314 0.30063473988376455 0.02253745103907096 0.6852295178626271
1.0645569984665949e-05 22.22039275646277 0.3015495777420347 0.022553582932309607 0.6846781607352201
1.0619392453097785e-05 22.220378437742795 0.30191553540384847 0.02254530600508658 0.6843159768506591
1.0593665133728079e-05 22.220229039747807 0.3010218191305093 0.02254512934475959 0.6848607822861968
1.05683557172707e-05 22.220147470749627 0.30082183464146195 0.022524622874943792 0.684969702140573
1.0542735810650877e-05 22.22006849864609 0.3011571995100867 0.02251743148361865 0.6846517130187723
1.0516972200117408e-05 22.22002611879497 0.30095416012122406 0.02253116487529617 0.6849553680171536
1.0490871372265755e-05 22.22002348855214 0.301293623380512 0.022555098671277446 0.6848890086858104
1.0464636703157233e-05 22.22001912107102 0.3005900527033297 0.022566767108095773 0.68545688183195
1.043897150065106e-05 22.219920007633622 0.30121875283951144 0.02255738301438234 0.6848295458860741
1.0413581060735789e-05 22.219875005202844 0.30044259325856815 0.022562377660181494 0.6854576283358123
1.0387750299233608e-05 22.219872609876354 0.30192623375099376 0.022538080864619052 0.6842691753750929
1.03617575226058e-05 22.219871298391478 0.30060019253662773 0.022531672782473772 0.685189355715629
1.0336069103854177e-05 22.21982264726566 0.300336434403697 0.022564412116698834 0.6855989286825702
1.0310892457250321e-05 22.2197344698268 0.30145928878479705 0.022561350977072007 0.6847257864674836
1.0285541949567782e-05 22.219731597055517 0.3012652099570189 0.02252820101504461 0.6847070603548912
1.0259815005018884e-05 22.219729001768155 0.3004332594550396 0.02255812237435204 0.6855204568508357
1.0234146919389925e-05 22.219727253442656 0.30046472771138044 0.022535343428469586 0.6852408627560316
1.0208599258672634e-05 22.219713697316614 0.30108950076980096 0.022565267954391233 0.6850084330113957
1.0183178466738082e-05 22.219699607992045 0.301338473021178 0.02251909152255547 0.6844738932239631
1.015775351586885e-05 22.219699385111507 0.3018773894128672 0.02254820758910728 0.6843540397919599
1.013232561712876e-05 22.2196984587172 0.30129073370146964 0.02255646159955341 0.6848977499045346
1.0107152414174223e-05 22.219660482830342 0.30154801316769464 0.022534324876528025 0.6845502853826613
1.0082189192066296e-05 22.219630358154937 0.30115949302127754 0.02254581630312948 0.6847671195556928
1.0057162408048388e-05 22.219617333275558 0.30160501118701644 0.022517192116010082 0.6842836713034375
1.0032674889513962e-05 22.219492141754046 0.3016340133550622 0.022527562876589025 0.6844246323030739
1.0008889741282048e-05 22.219350722249665 0.3008253314758605 0.022536655699205033 0.6849500785844732
9.984772807356006e-06 22.219303325282016 0.3016433886747978 0.022527353671048137 0.684415005236722
9.960019391976597e-06 22.219301430422195 0.301347283552848 0.02252629022206751 0.684497954789616
9.935136960336565e-06 22.21929240859394 0.3020138359566632 0.022535993553955455 0.684160426862536
9.910726606042302e-06 22.219207841053876 0.3018650738216603 0.022526972141583203 0.6842312874985684
9.886440264607462e-06 22.219185909749832 0.30173877477214917 0.022518188696775784 0.6842031690034267
9.86180219119311e-06 22.21918479307323 0.30052123842087863 0.022536103497387897 0.6852837443161959
9.837694996230055e-06 22.219067466608998 0.30121499110806116 0.02252149974222601 0.6846702328192611
9.814043274993697e-06 22.21898557892574 0.3019947490840985 0.02253259275833455 0.6841227168145664
9.790094451661208e-06 22.218940610574624 0.30109637374206494 0.022547538482323215 0.6848276392132335
9.765815665603914e-06 22.218938314140008 0.30110206156328284 0.022567209097442077 0.6850734409481384
9.74138394344596e-06 22.218937155581056 0.30025727712807165 0.022553960162494616 0.6855926542983386
9.71701469433977e-06 22.21893462986836 0.30162518939686217 0.02255456529310954 0.6846134447207883
9.692786663946677e-06 22.218916959810144 0.3004174424728028 0.022558180316798435 0.6854386491684551
9.668678664275881e-06 22.218902149263705 0.3015876252114342 0.022537611832176705 0.6844056347897451
9.644549882361375e-06 22.21890127130794 0.3005002241061355 0.022561723624464985 0.6854060130582242
9.620575915905876e-06 22.218866842656812 0.30152313938919856 0.022560397215889743 0.6847051764387067
9.596694612512475e-06 22.218859119979022 0.30066245619521836 0.022527025463752064 0.6850464151885454
9.572825327505866e-06 22.218834613772763 0.3005818908056965 0.022551922339482267 0.685251181855681
9.549306079356121e-06 22.218766060749743 0.30036959799311347 0.022560988337716664 0.685508533244871
9.52591614476276e-06 22.21872658154825 0.3018081456332554 0.022540119561324186 0.6842849774175201
9.502608380917782e-06 22.218652840479724 0.3002894677391514 0.02254909720241279 0.6854771042638363
9.479359671201888e-06 22.21861297853698 0.3019712300522757 0.02253808803580512 0.6842194222874991
9.45591888498125e-06 22.218591940429263 0.3004893945673915 0.022537000367100445 0.6852282142796393
9.432416369186361e-06 22.21857750495357 0.30174929925772415 0.022553389769759055 0.6844756738278404
9.409554559883789e-06 22.218432747996292 0.3019698886398534 0.022540555850606256 0.6842145830136754
9.386870245581202e-06 22.218392336112856 0.30159458028961833 0.022524687618812923 0.6844249595421258
9.363661559317151e-06 22.218371308395835 0.30130237617299926 0.02252053955656519 0.6845953413718872
9.34106257421395e-06 22.218212688648418 0.30200093465111433 0.022530690244279585 0.6841176547016697
9.318735388584102e-06 22.218145065643796 0.3006750833524019 0.022527132515459056 0.685037257481069
9.295792182706194e-06 22.218130510034403 0.30049227795009076 0.022564445948525084 0.6855078124079348
9.272760163390117e-06 22.21809427348946 0.3014218400859471 0.02253875672123591 0.6846794315377619
9.250018261990327e-06 22.21802937368042 0.3010878960688287 0.022562720547717175 0.6849816812386722
9.227548356932822e-06 22.217946317301177 0.3016294450677498 0.022554753282583644 0.6846065331965675
9.204866651455544e-06 22.217939338524396 0.3006512779893028 0.022556762674950888 0.6853641600108626
9.181943640469479e-06 22.21792103357035 0.30141195710471713 0.022558630104777964 0.6848056514000728
9.159057863490078e-06 22.21791843524062 0.3018083350531996 0.022524325675620474 0.684178173335034
9.136421678926049e-06 22.217858026092237 0.30059737482579296 0.022534000583950574 0.6851228562122242
9.113893595796218e-06 22.217844025375317 0.3012481515606812 0.022543261067406832 0.6848435150793408
9.091160502450575e-06 22.217840983021222 0.30122411506211444 0.02256465113682902 0.6849709389135696
9.068640732675084e-06 22.21779248674757 0.3019660558348428 0.02253952407692437 0.6842243466230414
9.046521000610089e-06 22.21771338011997 0.30067733423491416 0.02256826951644193 0.6853555273306172
9.024339186852913e-06 22.217690641628582 0.30195525250727007 0.022539659209682216 0.6842383806212358
9.001859698068189e-06 22.21768980006464 0.3013890932160953 0.02255773602047533 0.6848209839738005
8.979514304760031e-06 22.21764971169865 0.30195889600982967 0.02252661778527909 0.6841276251862198
8.958124223310862e-06 22.217448012164937 0.30151212510587544 0.022537664503349597 0.6846009158939498
8.937150576822503e-06 22.2173261585356 0.3003624011460245 0.02255291840799863 0.6855236308982129
8.915381423235956e-06 22.217313969493734 0.30041553828577366 0.022557837374822393 0.6855235396325335
8.893155149285664e-06 22.21730688841156 0.3006743779094093 0.02253321328768403 0.685155362604345
8.870946846154013e-06 22.21730318478884 0.3013484764743482 0.022542980973334088 0.6846139624604655
8.84939964388095e-06 22.217159269881204 0.3016967352623591 0.022554449894917148 0.684520941108079
8.828574437624068e-06 22.217003895281735 0.300466538027516 0.022563627380470793 0.6855169362795661
8.807192149186725e-06 22.216997646745305 0.30154684325118153 0.022535699928397535 0.6844221020520613
8.785398086273052e-06 22.216947849493252 0.30066360640766504 0.022527109147764766 0.6850709044554067
8.763668088802978e-06 22.216939330385333 0.30196355152572707 0.022531608222736952 0.6841398972049507
8.741783935500824e-06 22.216937142335496 0.30193071772369395 0.022539154557666686 0.6842165526754809
8.720352839597744e-06 22.21683729188572 0.30138254973415823 0.022554083344219357 0.6846913045705455
8.699370414070477e-06 22.216744069833304 0.3017375617264267 0.022520115109269125 0.6842148489013457
8.678181289252907e-06 22.216703531315073 0.3004920762090403 0.022534623481276665 0.685225012795804
8.656669441264648e-06 22.216696836238377 0.301749000574166 0.022539886051547393 0.684323627281907
8.635401980157185e-06 22.216612090995437 0.3006885533674745 0.022557484735438636 0.6853403165606585
8.614544490535237e-06 22.216522383592544 0.30129803316842096 0.02256297837665487 0.6848552071787063
8.59341835118519e-06 22.216511926357576 0.30083964314629213 0.022567693925886072 0.6852294354273807
8.572749754968544e-06 22.216327611871325 0.3014874602023277 0.022549253057308438 0.6845756801472523
8.552447859248678e-06 22.216243050422708 0.3018657454670206 0.022525055869817484 0.6841557377234879
8.531605256080417e-06 22.21619680302503 0.30075569771392663 0.022526766309106678 0.68496969009587
8.510530601175215e-06 22.216178753039962 0.3005577617531489 0.022565893010048545 0.6854204788308937
8.489771353519968e-06 22.21607051039089 0.3009723063217425 0.02252405986868297 0.6848566928801392
8.469164412852876e-06 22.21602848665288 0.30091883881692033 0.022563558051756562 0.6851150257293774
8.448292561933776e-06 22.215994841112206 0.30192151813349155 0.0225262916623254 0.6841402705145793
8.4277724046794e-06 22.215881606288686 0.3016400795722242 0.022523640760803577 0.6842879468595802
8.40722047873244e-06 22.215867410026437 0.30110361329014673 0.022533780606800998 0.6847263111758223
8.386257491124118e-06 22.215864201789408 0.30151108678711164 0.022550676851046475 0.6846856125625591
8.365436143742345e-06 22.215828680914303 0.3005707883482187 0.022543032444489533 0.6853122628846424
8.34483282693412e-06 22.215785647822404 0.3007836316698023 0.02256682795538822 0.685258606836751
8.324263489342085e-06 22.215754195679033 0.3008215500234518 0.022524295197327078 0.6849447214110351
8.303597566466124e-06 22.21574667906276 0.30146279049667357 0.02253439839640914 0.6846095430231527
8.283035395898025e-06 22.2157026050362 0.3017769349449654 0.022533971938270794 0.6843576518804095
8.262552561990795e-06 22.215688249570654 0.30178561400343384 0.02254903293782215 0.684402600425281
8.241947779844607e-06 22.215686099890032 0.30090795289377464 0.022567878880000013 0.685201518894728
8.22160479539476e-06 22.215620599848705 0.3015241676912461 0.022536689203520227 0.6845808883031894
8.201385962071873e-06 22.215600457369604 0.30072898219288946 0.022537719153038878 0.6850389575179802
8.181155341524608e-06 22.215550036240856 0.3014015707048407 0.022517769212483996 0.6844476450891486
8.160908232794228e-06 22.215546203688735 0.30153927555142535 0.022537928910176298 0.6844463313942274
8.141124240814004e-06 22.21539436373104 0.3017243438171655 0.02254193323757741 0.6843595398212668
8.12158093230538e-06 22.215343099517586 0.30141383406483513 0.022546502842089155 0.6846016397634276
8.101637767319171e-06 22.215301592932864 0.3010260806689471 0.02252444138064866 0.6848245814230425
8.081785865134107e-06 22.215239903429204 0.30181574621663415 0.022547970142589514 0.6843841733331336
8.061853205812204e-06 22.21523053714422 0.30039631551082446 0.022538767404906956 0.6853426997705461
8.04182088385039e-06 22.215205900914473 0.30113121952838506 0.022557020244848094 0.684895200003695
8.021817885654585e-06 22.21520167372429 0.3007693497947684 0.022563470123527066 0.685225569354124
8.001830422605074e-06 22.215185630638324 0.30076670548042783 0.022525917045490788 0.684966464043515
7.982273046911503e-06 22.21508616004869 0.3013087900335952 0.022525047764305972 0.6846349183700077
7.962705322422827e-06 22.215084756557303 0.30186458734454935 0.02253482280509816 0.6842868500659125
7.942947396339879e-06 22.215045297594717 0.30121525632612145 0.022545181519377802 0.6847290150966141
7.923495877559707e-06 22.214978965545995 0.3009341317615585 0.022565188166447106 0.6851287144015216
7.904130778408743e-06 22.214929730300316 0.301105100174268 0.022528169493049945 0.6846949274339671
7.884879703058363e-06 22.214846521032637 0.30138466990386803 0.02252097303784967 0.6844587020912611
7.865498158084467e-06 22.21484241865 0.3018821282341659 0.02252942156012529 0.6841736521910369
7.846226106933314e-06 22.21474348579709 0.3004826586219699 0.022535323687324953 0.6852468300969203
7.827011735085671e-06 22.2147367444479 0.3010976491550705 0.02255203488352222 0.6848720205494758
7.808161131375245e-06 22.21455673416462 0.3017226080377192 0.022531597887978795 0.6843799858263153
7.789451416893882e-06 22.21452549652833 0.30049010807485493 0.022536795568417638 0.6852932852341295
7.770415462615244e-06 22.214441040234302 0.300916946987633 0.022566963472298408 0.6851981371381369
7.751324563116816e-06 22.21443601746634 0.30084460492559645 0.022541786412371454 0.6849774859016698
7.732310136633051e-06 22.214343954868028 0.301255762881395 0.022525181310908485 0.6845692353604944
7.713552136727e-06 22.214284572132552 0.3003435765092392 0.022552187415232388 0.6854655927980366
7.694933786174582e-06 22.21416808131875 0.30174716265957024 0.02252172636284398 0.6842253255506308
7.676465239323871e-06 22.21408141034131 0.30173722714517304 0.022550452401201685 0.6844755678992692
7.65775670415614e-06 22.21403921095156 0.300563114103774 0.02254485074354376 0.6852221312351543
7.63889502613199e-06 22.214004611479357 0.3018569497777599 0.02254276095536848 0.6843014194552137
7.620377297260979e-06 22.213884373220825 0.3003731235306797 0.02255947408385297 0.685512308781533
7.601779749261761e-06 22.213882614126508 0.3009270722071793 0.022523815370261404 0.6848272504353654
7.5827807461315475e-06 22.213880271164534 0.30119898556798236 0.02253274806058077 0.6847874249080541
7.563924132622298e-06 22.213853455495066 0.3012164193266033 0.02254113784479582 0.6846983005464347
7.545823749586237e-06 22.213663140370485 0.3013088467499462 0.022524088450180217 0.6845271864364539
7.527706277329228e-06 22.213652391213188 0.30077401529363734 0.02254295954279467 0.6850415755065744
7.508968530349538e-06 22.213638909954884 0.3011663803942019 0.02253720507974516 0.6847063392864703
7.4903826096757055e-06 22.213600112778547 0.3016954948758956 0.02254557284493937 0.6844994239336453
7.471831339836906e-06 22.21358970664604 0.3008603456413736 0.022524733437461357 0.6848886658405464
7.4533826634389485e-06 22.213535746769097 0.30081266949747293 0.02254883377955609 0.685056625823809
7.434992304864892e-06 22.21352194193388 0.30037329898051146 0.02255994814286466 0.6855258313034358
7.4164476288731e-06 22.21352187057662 0.3006129694483019 0.02255597851491082 0.6853761974601467
7.397928186708762e-06 22.213513785805112 0.3017302144138038 0.022540287903671144 0.6843461702061713
7.379679449729033e-06 22.213452918811548 0.3015403718470269 0.022530027715704767 0.6843948452223524
7.361501731438964e-06 22.213437803776717 0.3015015106185371 0.022558144504958723 0.6847020850817355
7.343151468780772e-06 22.213436163252542 0.3019031577120336 0.022532440298212913 0.6842229037503479
7.324920128896127e-06 22.213401103713785 0.30033741281650284 0.022547570040192498 0.6854770854673935
7.3067541209137475e-06 22.213394005989993 0.30084994416513133 0.022525014924054503 0.6849308816415617
7.288538186873006e-06 22.21338504538019 0.3003131757270763 0.022549361243172892 0.6854860576392097
7.270381439671575e-06 22.213374194888807 0.3014831322637887 0.02251890133153913 0.6844159927803461
7.252367322930684e-06 22.21333841034711 0.301470342930755 0.0225451892430823 0.6845557388503829
7.2345588081851485e-06 22.213283095474935 0.30104827828394576 0.022531462286356472 0.6847586106004712
7.216698306909246e-06 22.213273871586974 0.30095040200768713 0.022545735259066033 0.6850715748853083
7.198733649871355e-06 22.213259780605703 0.3018431977548387 0.022544248710603242 0.6843333466412483
7.1810169423362545e-06 22.213193990410787 0.30167936436850584 0.022522183477310716 0.6843129490960435
7.163315391213097e-06 22.213187874827945 0.300509623454961 0.022562094783359302 0.685470854673867
7.145482951263111e-06 22.213170969598806 0.30131858361442465 0.022547054143358655 0.6846753969512339
7.127748581830183e-06 22.21314982764191 0.30076032569359634 0.02255021896525384 0.6851085624453476
7.110226288720808e-06 22.213085684623536 0.30048334837054846 0.022540980871874394 0.6852692000485041
7.092763765216566e-06 22.213059868422206 0.3015182854709064 0.022552278623256965 0.6845939513955003
7.075173857293565e-06 22.21304389298161 0.3003990456775002 0.022550199863347886 0.6854032348339196
7.057611089397944e-06 22.213022782918106 0.3007306077815536 0.022545493300153603 0.6852219633137702
7.04015737630452e-06 22.212988246664697 0.3014177299555239 0.02253216188916564 0.6846194786680302
7.022695511584156e-06 22.212981785116565 0.30118971196226213 0.022523207322287048 0.6846924455023159
7.005176342409814e-06 22.212976010030197 0.3015937467199104 0.02254651743404033 0.6845887862371215
6.987706747398322e-06 22.2129679033482 0.3009820448872799 0.02253300305987313 0.6849412940527146
6.97070889280235e-06 22.212839312958153 0.3005695283227486 0.022534042509326925 0.6851658033715617
6.9539139254628536e-06 22.212784771839985 0.30086569576939604 0.022539944543954363 0.6850837803538702
6.9368207209273884e-06 22.212753869625132 0.30082742741521906 0.022530190839496818 0.6850145429988845
6.919613016086872e-06 22.21274460123771 0.30111098518403967 0.022554199148603786 0.68500990039007
6.902345564381511e-06 22.21274341412887 0.3011997840926452 0.022559058093257034 0.6849652452971914
6.885228352444553e-06 22.212703055574114 0.3004772025971487 0.022540063455401257 0.6852720355689438
6.868181976784874e-06 22.212693635488392 0.30043042398581327 0.02255444036122531 0.6854113561139284
6.851140694529705e-06 22.21266414475089 0.3018202454013486 0.02254499667904985 0.6843540125864106
6.834217103648388e-06 22.212632690249233 0.30124907854212085 0.022526643665071663 0.684689466251892
6.817269528461193e-06 22.212622533669734 0.30109656571169685 0.022562281390930396 0.6850550906555128
6.800388541354668e-06 22.212583889994274 0.3011893511649678 0.022529217969123917 0.6846418636567385
6.783544773428741e-06 22.212575117221874 0.30114723780591385 0.022520419713854555 0.6846681656570174
6.766663081067644e-06 22.212560047816126 0.3011864699957793 0.0225432583494705 0.6848809584216107
6.749929924196493e-06 22.212519745784544 0.3014249945348797 0.022539046487442576 0.6846700488084969
6.733473367991209e-06 22.21243484278459 0.3003862817312276 0.022542625082130497 0.6853966483079682
6.717115401160818e-06 22.212377162441925 0.3007624094666431 0.02253694653665745 0.6850141271659244
6.700649415277236e-06 22.212336395118857 0.3011638245668146 0.022546845192265606 0.684783737948965
6.684232726052642e-06 22.212276075720645 0.3016294020975918 0.02255202029783337 0.6845306751301409
6.667816770849168e-06 22.212247184088664 0.30068912907791534 0.02253643215196631 0.6850711260953475
6.651387500418409e-06 22.212203024884285 0.30101456589498604 0.022529165101863407 0.6847748751782349
6.6349234383776025e-06 22.212196855162198 0.3016613770481841 0.02254480447128929 0.6844322404553187
6.618558522086265e-06 22.21213508493727 0.3014720379241807 0.022520370778300935 0.68444687969939
6.602271813539706e-06 22.21211748200829 0.3006289473142952 0.022556300872037964 0.6852659842680732
6.585966948426783e-06 22.212073429959936 0.30178156623275865 0.02254207384649743 0.6843992328091185
6.569799143227377e-06 22.212026392557927 0.3009143752258211 0.022565830432021653 0.6851891847260823
6.553653958883878e-06 22.211987581636894 0.30116305086305356 0.02252349070442531 0.6847111820053086
6.537417126367806e-06 22.211980752450142 0.30061102197053485 0.022540377546405588 0.6851585899361629
6.521297433118207e-06 22.211918386971057 0.3014945810863067 0.022555760479785268 0.6846545726489579
6.505240999175985e-06 22.211904359357177 0.3017666231858914 0.022539791240121947 0.6843249519254077
6.489148189895699e-06 22.211865422774533 0.30165217984677967 0.022523626508869736 0.6843490643331456
6.473155354544167e-06 22.21183283809929 0.30058660320794217 0.022542422070791854 0.6851917729802504
6.457112609115151e-06 22.21182160052773 0.30069569537344004 0.02255120246863422 0.6851692081453338
6.441086214251864e-06 22.211796316896276 0.30162285600864297 0.022522357393555306 0.6843097636802935
6.4251067805743046e-06 22.211782874791247 0.30136026972407626 0.02252645729220407 0.6845047046043631
6.409117592879679e-06 22.21177303769905 0.30056472250564664 0.02254162502312067 0.6852054566886454
6.393240290073067e-06 22.211737074025578 0.3013926510085455 0.022543387788213496 0.6847254260377706
6.377493285957055e-06 22.211698740817443 0.30112652076061375 0.022562058472707463 0.6849659244894636
6.361711202370884e-06 22.21168603008591 0.30158113978326384 0.0225435896606889 0.6844724265526463
6.345870703225692e-06 22.211678448046353 0.3006434755723617 0.022540858790795024 0.6851353717919977
6.3300714341227945e-06 22.211665204172174 0.30050814548329513 0.022557807029112715 0.6853801402873685
6.31436800346376e-06 22.211639756866784 0.3003553401125753 0.022548882824319577 0.6854709198554318
6.298809905097607e-06 22.211592767637725 0.30087162946314966 0.022559776379044855 0.6852124783718567
6.283668340963268e-06 22.21144697571793 0.3017937600426499 0.02252726944996102 0.6842252557442717
6.268446366078522e-06 22.211437275483895 0.3014840021019425 0.022555093805975753 0.684653140250018
6.253012395010554e-06 22.211371119532604 0.3004913127632738 0.02256190549544752 0.6854679196206825
6.237855894746281e-06 22.211284668329366 0.30121765742597423 0.022533385469294186 0.6847750542490618
6.2225321949762095e-06 22.211284087196017 0.3013196236560811 0.02254261530788151 0.6847747009439904
6.207290770185293e-06 22.211183290545392 0.30082958238282853 0.02253172099008761 0.6849358075587804
6.192108844195253e-06 22.211175575080354 0.3016565920233221 0.022539204637648833 0.6843883533807703
6.176779311727238e-06 22.211134628304173 0.300516874264301 0.022552975842797984 0.6853294125349153
6.161797684840679e-06 22.211026337022822 0.30183027004797114 0.022542577418010763 0.6843343594589962
6.1467305801789886e-06 22.211025050361307 0.30128094706931297 0.02252916367717365 0.6845774963734685
6.131384703540234e-06 22.21101974061839 0.3007074064521531 0.022557606260006014 0.6852199294913506
6.116193403156377e-06 22.21098046597548 0.30132813815282844 0.02252024718095072 0.6845209837217962
6.101031235255518e-06 22.210977974151575 0.3010063043158961 0.022535255680877313 0.6848170597157723
6.085853497006111e-06 22.2109561995467 0.3010134187187058 0.02252373538105032 0.6848060396096807
6.0707532630262e-06 22.2109406434144 0.30035336123018286 0.02255166352192634 0.6854751115468716
6.05567248733762e-06 22.210924846650684 0.3009916272170429 0.022551131794126572 0.684947194728778
6.0408353721547815e-06 22.21084105290441 0.3017180371998369 0.02254243093213757 0.6843801592869553
6.026047985355506e-06 22.210820843072568 0.30173373251073 0.022546761217381264 0.6844189558511242
6.0110970949331505e-06 22.21080352410432 0.30121280619187385 0.02252622291593944 0.6847063244871029
5.996179662925096e-06 22.21078455672238 0.30075588788744057 0.02254160029251133 0.6851686772295937
5.981320653010515e-06 22.21076011113603 0.30104990160313194 0.02255266281934599 0.6849190524971033
5.9664704317540435e-06 22.21075057014208 0.3008371795824937 0.02255994871342957 0.6852358257580975
5.9516511048075415e-06 22.21072816237625 0.3012063753481577 0.022523055485714354 0.6846098687079265
5.937242959039498e-06 22.210592540405052 0.3009513455120065 0.0225373767854424 0.6849983542644895
5.92301805467753e-06 22.21052005620795 0.30040290057580066 0.02254841459429824 0.6854416234718124
5.9087356907745375e-06 22.21041545212489 0.30118160119804016 0.02252276092991077 0.684682444547288
5.8942885930515674e-06 22.210410573337928 0.30130653752221637 0.022557060166184167 0.6847889683133256
5.879576778023716e-06 22.210408060922397 0.3004605388862658 0.022547070510720413 0.6853999522572262
5.865011061098737e-06 22.21036591280583 0.3018064785915188 0.022539588847997293 0.6843080910002688
5.850508652425634e-06 22.210354121979336 0.30050531744125264 0.022537191809949744 0.6852557597755498
5.835933947317294e-06 22.210349068764383 0.3017904608167662 0.02253338967208797 0.6843251410772739
5.8214508270149515e-06 22.210318316444056 0.30050618722446953 0.022541919435163316 0.6853263241446466
5.807021568886825e-06 22.21030712007712 0.3011340388564839 0.02252490666244456 0.6846710126713614
5.792662612635673e-06 22.210264472673277 0.3013497735128348 0.02252929756633171 0.6845302474763096
5.778361994532936e-06 22.210245401200886 0.30151747525297756 0.022544614809073587 0.6845258041376825
5.764007795664129e-06 22.210233624092673 0.30143060630330964 0.022520518002211994 0.6844655839688473
5.749680683493263e-06 22.21021756273779 0.30129385988490154 0.022548146668288617 0.6848302830935242
5.735568231600794e-06 22.210143379694223 0.30088362108767275 0.022527186345445767 0.684880964959067
5.721635597427268e-06 22.210076596594934 0.3009288221887586 0.022562357792787535 0.6851749776899088
5.707542814700742e-06 22.210070417572332 0.3017650933774995 0.02254182028278163 0.6843514882084298
5.693317435137514e-06 22.210062436754967 0.3008609681132941 0.022551431691133373 0.6851695456193272
5.679291678579394e-06 22.209998473134284 0.30118122119754304 0.022537391167217962 0.6847030242242399
5.665365303021108e-06 22.209967632560897 0.3013409129518082 0.02252988027463652 0.6846496646798805
5.651406878485125e-06 22.209927124868976 0.3011831023712005 0.02255436042597123 0.6848431129436705
5.637503274092063e-06 22.20988906428634 0.30071888334979147 0.022549975048924115 0.6852574890405496
5.623521896032175e-06 22.209888409190796 0.30098010745041714 0.022563147943347555 0.6850873124713757
5.609483017413625e-06 22.209883240880504 0.30066013409837966 0.022562715092622573 0.6853198060763056
5.595576744271927e-06 22.20984774390125 0.3004508394064115 0.022541402668384745 0.6853198258886455
5.581727639419594e-06 22.20983447125622 0.30168877112513887 0.02254938552025363 0.6844833593557762
5.567916737696668e-06 22.209797592076043 0.30047710543253126 0.022545912922076004 0.6853784488244267
5.554124006512814e-06 22.209790108539572 0.3011144305566154 0.02254716503132995 0.6849574187931944
5.540345960941116e-06 22.209760290017783 0.30123706971503833 0.02255904018658833 0.6848603549581416
5.526674632406465e-06 22.209726583357632 0.30163457288585666 0.022523154841643335 0.6843151512809669
5.512972235144827e-06 22.20972030141723 0.30165540585180395 0.022532338518575033 0.684342022401311
5.499213035420467e-06 22.209719636117153 0.30039468097854044 0.022546041779111375 0.6854123084123798
5.485476021440114e-06 22.209717813095452 0.3007244764103329 0.02253765789189955 0.6851510739279123
5.471772440429427e-06 22.209717497597886 0.3010046343473149 0.022561585463107974 0.6850486561549521
5.458127419192809e-06 22.20970678816852 0.3007641824290405 0.02254257361232454 0.6850540368506035
5.444545013037273e-06 22.209695998136304 0.30110351511674616 0.022561151695444856 0.6850373998622683
5.431004243921422e-06 22.209682429566975 0.3011629010338006 0.022526997951446495 0.6846576671630726
5.417534578008647e-06 22.209657849584417 0.3014261351926103 0.022527126836704176 0.6844663062961727
5.404165005174394e-06 22.209619628085846 0.30150352108075185 0.02252115327437884 0.6844039668325267
5.390936858179097e-06 22.209554847123364 0.3008997149159485 0.022530004513544716 0.6849574948422235
5.377833666234382e-06 22.20948222253472 0.3006334329953278 0.02256135558811503 0.6853247007641379
5.364761490615522e-06 22.20941777743085 0.30096212585699617 0.022548489016845353 0.6849490166301189
5.351537038009799e-06 22.209413962150684 0.3008087298908279 0.0225349028200442 0.6849723156857315
5.338178444961636e-06 22.209412014379563 0.30169666310129506 0.022539547437747703 0.6843712416297936
5.324920699567914e-06 22.209382872532494 0.3013484507710632 0.02255866235645116 0.6848283133701136
5.3118297444305104e-06 22.209330548462766 0.30142948020266097 0.02252162245927984 0.6844511723418144
5.298774648515721e-06 22.209300044310844 0.3017499650690655 0.022526332097110028 0.6842832866728925
5.285748570325858e-06 22.209248908138814 0.30063477522590315 0.022532861677399492 0.6851237919211446
5.272718774293542e-06 22.209231985608003 0.3012991698172415 0.022560400401593888 0.6848569710009914
5.25970157300379e-06 22.209188300726527 0.3009371591726489 0.022541225989965028 0.6849122653449888
5.246795671082746e-06 22.209141227808384 0.3005353064269839 0.022561109140073924 0.6854108421427504
5.233941434273207e-06 22.20908992718786 0.3005207935151292 0.022558658701968066 0.68538900740553
5.221026422355814e-06 22.209078223442315 0.3014989648447954 0.022553083062995805 0.6846875262193712
5.20804382080348e-06 22.20906514307737 0.3004020284906938 0.02255456145884061 0.6854710390867514
5.195103773175767e-06 22.209049510958334 0.30128029767741504 0.022554133575008496 0.68477681355061
5.182346857318116e-06 22.208978189191203 0.30056928221708756 0.022545520583318535 0.6852339855786453
5.1696833620389095e-06 22.208938557363215 0.3005401898114954 0.022557049810639485 0.6853549430092822
5.156882197394622e-06 22.208932654272083 0.30099717211339083 0.022529147813535787 0.6848822547448067
5.144041411444871e-06 22.20892077733402 0.3013926520136061 0.02254034057696509 0.6845768483037931
5.131358819937411e-06 22.208865703953197 0.3005560164944745 0.02256084802667658 0.6854179574828219
5.118713301938897e-06 22.208851582848695 0.3006483063061977 0.022533259200269672 0.6851404585039027
5.106180795472083e-06 22.2087644782656 0.3015518917492607 0.02254794335435645 0.6845391593720466
5.093835657559383e-06 22.208688859395785 0.3015760101160425 0.022545073360144247 0.6844963740704928
5.081334113725548e-06 22.208675086092086 0.30084313441307886 0.022534988329735262 0.6850453357423647
5.068706576464557e-06 22.208661313541462 0.3010202845006595 0.022555042362917818 0.6849672631816577
5.056118701024792e-06 22.208644289665415 0.3007991900229439 0.022533973088825685 0.6850632278521822
5.04358588640888e-06 22.208621104674027 0.30122055061999786 0.022560782463539673 0.6849342670273725
5.0311118557697856e-06 22.208593086934368 0.3006458829061159 0.022546508066985604 0.6851787479618501
5.018636276790058e-06 22.208582838372127 0.3009240824981237 0.022536010850464135 0.6848893308236279
5.006196078684671e-06 22.208553069937263 0.30165352209451035 0.02252503567525211 0.684311923625108
4.9937680199652166e-06 22.20855033408901 0.30068702620228505 0.022533328528412295 0.6851217947337708
4.981444797301709e-06 22.208490887766477 0.3004669866639359 0.022555145785021474 0.6854461931529013
4.969164628917514e-06 22.208483085733086 0.30158795472806604 0.02252956824505856 0.684372142242355
4.956774561507336e-06 22.208480221943223 0.3016501260537594 0.022549338774051034 0.684534190878915
4.94444715040171e-06 22.208459596681074 0.30175008073615495 0.022544132866512998 0.6844200493772328
4.932199316042505e-06 22.208436920744628 0.30171596345301727 0.022531531883585955 0.6843035535744446
4.919965231330506e-06 22.208423063512488 0.3014509307993966 0.022522389246421675 0.6844403015423136
4.907949857449235e-06 22.208323653593556 0.30080395370601487 0.022562559064357716 0.6852584157141131
4.8960157881877375e-06 22.20828858966948 0.3015147991912441 0.022554580438622775 0.6846491281118083
4.883911507182271e-06 22.20827079063057 0.300406912988131 0.022552166908355736 0.6854403502042883
4.871833263881842e-06 22.20823734714439 0.30047357477333925 0.022546990002575543 0.6853836402168955
4.85975765857323e-06 22.20823077903118 0.30181730311710153 0.022535895452025317 0.6842845261551878
4.847703231982589e-06 22.20820097114806 0.30052411342263985 0.02255349384785399 0.6854031281172477
4.835909630733708e-06 22.20809892231267 0.30107094077341223 0.02253017145575601 0.684841335306084
4.824090327034559e-06 22.208091684034716 0.3012132915958005 0.022524182194339343 0.6846162690375166
4.812214526910928e-06 22.20802514853336 0.3012588958144422 0.022538989962876663 0.6846620494887521
4.8003930050776566e-06 22.208007498101605 0.3011259132948462 0.022523205146664282 0.6847094128132647
4.7885191434943704e-06 22.207974976946304 0.300549846822715 0.022558506909307496 0.6853670718385054
4.776778363109992e-06 22.20791392702346 0.3011704652091176 0.022561310165281193 0.6849714772578144
4.765198466827627e-06 22.2078259860562 0.3011272749486799 0.022525322747208774 0.6846859606831207
4.753535336865788e-06 22.207811786745143 0.30125691020955014 0.022522858662065857 0.6846199919248377
4.741747377181353e-06 22.20778856203185 0.30138039458983673 0.022540259136492713 0.684586870767941
4.729957717473765e-06 22.20778746529263 0.3004275624267305 0.022549553789973007 0.6854234205173857
4.718142752010797e-06 22.20778741697067 0.30120380686554443 0.022527131369237008 0.6846324973346687
4.706376716474748e-06 22.207778092276822 0.3010077566845277 0.022529582429640604 0.6847930321131661
4.694672754661024e-06 22.2077641231082 0.30156582603572696 0.022525730908013453 0.6843713519135319
4.683015661082217e-06 22.207747235801275 0.3007469538713902 0.02253408698753871 0.685024415534391
4.67141755735977e-06 22.20772042665001 0.3005651796639645 0.022554962005984606 0.6853852922315223
4.659920663889912e-06 22.207672451970936 0.3016998614054025 0.022527091405966752 0.684330761496905
4.648471481075005e-06 22.207637311546694 0.30114158504505933 0.022535761185354608 0.684844242807686
4.6369880914681965e-06 22.207616246502482 0.30122975386533724 0.022529881505311926 0.6846262658140791
4.625495527954191e-06 22.207597361809658 0.30072190014433237 0.022556916625255434 0.685293408327809
4.614082766133579e-06 22.207554075837933 0.301752952568601 0.02252788799735188 0.6842829220337618
4.602688797535035e-06 22.207539283004046 0.30125247737008426 0.022559670331019174 0.6848717564775758
4.591244132184331e-06 22.20753036054577 0.30071649101870956 0.022561427304873122 0.6852677463332731
4.579929387520449e-06 22.207471282924693 0.30079736653493294 0.022552980337394377 0.6851153868096571
4.568676508689913e-06 22.20744750543946 0.3012881587494382 0.022541121342240997 0.6847802533654624
4.557587680155999e-06 22.207328596124487 0.30158898326777983 0.022551000579519666 0.6845899160201694
4.546618158642679e-06 22.20726419182232 0.3012553326028916 0.022523780405912196 0.6846335860891899
4.535490071832343e-06 22.207226869418598 0.3016947245698935 0.022546246049685904 0.6844512880652224
4.5242882302872965e-06 22.20720713152611 0.3010948139404088 0.02253072023229886 0.6848283941082126
4.513092745545988e-06 22.207179275350406 0.30085440853625445 0.022562057667455497 0.6851729545483463
4.501984504076138e-06 22.20713310931135 0.3016779843387316 0.022525566674673314 0.6843203712687641
4.490852996583263e-06 22.207127812284494 0.3014471402634257 0.02252256132722126 0.6844533878267627
4.4796583087514415e-06 22.20712216463438 0.30126238748625217 0.022543011149944885 0.6848130615071611
4.468551496871724e-06 22.20709004892837 0.3015477578507375 0.02254472271980071 0.684515001412263
4.457478323825098e-06 22.207081685629312 0.30054997473360706 0.022549110133970297 0.6852820599044185
4.446381474920705e-06 22.207072584153412 0.3010302134889927 0.022561938449275173 0.6850827962946603
4.435374380627009e-06 22.207036227705366 0.3013715583123863 0.022556796449216123 0.6847606487890949
4.42449786894965e-06 22.206980437477338 0.30066148545662885 0.02255929217455584 0.685341749639949
4.413701349104383e-06 22.206919940930625 0.3017571115018535 0.022530330382805903 0.6843091810875755
4.4029952029862184e-06 22.206835088631564 0.30178619087320285 0.022538343505682998 0.6843292387385237
4.392215321030407e-06 22.206820011429215 0.30075666826641095 0.022530540144893293 0.685023801498344
4.381308460905473e-06 22.206805192793635 0.3012195445891602 0.022542935347372388 0.6848438973930615
4.370458878508849e-06 22.20677632029651 0.30162333742946656 0.022537729689759593 0.6844910723642008
4.359607034643459e-06 22.206774885932234 0.30085919660506427 0.022547625839870907 0.6850242426551789
4.348722393883668e-06 22.20677351088362 0.30113900475278743 0.022525457095304225 0.6846811912591413
4.337896647154872e-06 22.206757474354934 0.30063310323192083 0.022556799734710826 0.6852828364967462
4.327167482343137e-06 22.206723936921684 0.30075401515115496 0.022535258689274005 0.6850265116595864
4.316561135893406e-06 22.206663311336047 0.3014832749866599 0.0225486293359853 0.6845945548576235
4.3060163665219275e-06 22.206613268372244 0.3011603048258126 0.022523738477432508 0.6846897405709388
4.295458605786444e-06 22.206570706621854 0.30044847662153723 0.022553341114240993 0.6854273110550575
4.2848492252516715e-06 22.206556861076827 0.30057144043288436 0.022538796177395903 0.6852059621096638
4.274191222370942e-06 22.206549333891502 0.30078530798327485 0.02256072911956587 0.6852089348120992
4.263584208791997e-06 22.206524026921837 0.3006546948749196 0.022561430101639787 0.6853423803267796
4.253008990839741e-06 22.206513946985197 0.3010825388208764 0.02255863742321788 0.6849683040835483
4.242427281693134e-06 22.206504087105134 0.3005676692577272 0.022537756934056883 0.6852148882149742
4.23186591191429e-06 22.206496858462835 0.3009349664871666 0.02256259468185079 0.6851306934511858
4.221326641385196e-06 22.206489006205704 0.30105914912724385 0.022545597349676212 0.6848595335115977
4.210830654075255e-06 22.206473707234323 0.3010601217953186 0.022557451830666656 0.6849698527072916
4.200358362745037e-06 22.20646701927825 0.30151895296140685 0.022552678879883045 0.6846546849339192
4.189930431714002e-06 22.20644299854347 0.30129286846508757 0.022528665154165458 0.6845770877527405
4.179576650053217e-06 22.206413237528935 0.30114853883074433 0.022560727380545844 0.6849585612472933
4.169251160153559e-06 22.20638793902936 0.3007875654020185 0.022536351598851746 0.6850892087223028
4.158895242820334e-06 22.206385097984903 0.3009615511830569 0.022559908769059493 0.6850690268588349
4.1486259304553465e-06 22.206330470213032 0.30140926362057796 0.022555934334007963 0.684756337764166
4.138470859314793e-06 22.206284693140674 0.30156010601280053 0.022541413787248492 0.6844799887848618
4.1282296759722124e-06 22.206283846343357 0.3007221321465652 0.0225567442679331 0.6852126595675663
4.1179561412469764e-06 22.206266111173353 0.3013772304582266 0.02254586513454469 0.6847432046069193
4.107792361860848e-06 22.206224294875057 0.30157721276180455 0.022546013431719192 0.6845813197879939
4.097672449913548e-06 22.206197412352058 0.30082230106876273 0.02253418055532841 0.6850438191040314
4.087500920237443e-06 22.206193071302256 0.300943040100087 0.02254517819267466 0.6849427830040923
4.077310122498653e-06 22.206188045452002 0.3006889452531572 0.022536266372281188 0.6851475829077616
4.067136765247317e-06 22.206187642388514 0.3010228577926682 0.0225362474991645 0.6849297224251395
4.057325836095058e-06 22.206016495431435 0.3017612415670455 0.022536495023085124 0.6843550555739706
4.047544681589379e-06 22.20601307901871 0.30112056814594507 0.02253966180912814 0.6848893932122566
4.037446359086433e-06 22.206010746181644 0.3008987913681273 0.022541121155284474 0.6850579724468431
4.027380300182796e-06 22.206003839421307 0.3017526412692948 0.02253948471588052 0.6843568460805427
4.017345205513101e-06 22.205998605408514 0.3013429242050804 0.02252906921509981 0.6845442033688923
4.007327291736052e-06 22.205995623393022 0.30064763120434934 0.02255658449862242 0.6852714477029439
3.997329420724972e-06 22.20599288030681 0.3011977808972217 0.022525982073082627 0.6846991299061247
3.987481677292513e-06 22.20592712962158 0.30115711879155377 0.022534893633948505 0.684821821500898
3.977659000014499e-06 22.205923999039452 0.30062111811759956 0.02255686509883354 0.685296598113883
3.967767627532623e-06 22.205905092150214 0.3017209329186181 0.022532981037162853 0.6843205333659177
3.957988126489771e-06 22.2058578807152 0.3012467993012025 0.02255818152220298 0.6848589569213828
3.948222154749673e-06 22.205844349004636 0.30147749276774083 0.02253474975993543 0.6844847329597654
3.938388527379575e-06 22.20584375097193 0.3012522866792243 0.022533362570611552 0.684738706505871
3.928611055662173e-06 22.20581411954912 0.3011746782597618 0.022552528500277273 0.6849379483608273
3.918861400919007e-06 22.20581173221931 0.3013763566219955 0.022554325324796013 0.6847845967401547
3.909108502765454e-06 22.205796159117394 0.3012852247917711 0.022523491127022163 0.6845755767423494
3.899385894676333e-06 22.205790704499933 0.30103620591398206 0.022531906520333277 0.6847865939369259
3.889659669536687e-06 22.205789444541672 0.300919557234244 0.022534581063254913 0.68498357969142
3.880096901693041e-06 22.205712259913977 0.3010054082096896 0.022525950021299868 0.6848048109289826
3.870583541377854e-06 22.20569763437872 0.3013072534979137 0.02252458077698835 0.6845564767077422
3.860956425708587e-06 22.205691477734508 0.3005270705328576 0.022541802135126895 0.685290532422169
3.8513432719313905e-06 22.205682055728236 0.30149164366601977 0.022523655196322375 0.6844353360842855
3.841783508184752e-06 22.20566058428433 0.30079336302060694 0.02253928973774131 0.6851119786409853
3.832232940103707e-06 22.205658766019578 0.3013838986279343 0.022543530122428428 0.6847211024755855
3.822680016017874e-06 22.205650968296275 0.301423278267205 0.02253095637704734 0.684498640689371
3.813165135261717e-06 22.205641705441483 0.30157781142949164 0.022549224826610235 0.684590299306312
3.8037113575096967e-06 22.20561425122573 0.3010016229648861 0.022548408430524646 0.6849265938917142
3.7942852214341115e-06 22.20560279123713 0.30134880322628055 0.022547139835291278 0.6847719337764542
3.7849558023744556e-06 22.205536593737836 0.3008300674888827 0.022550787010367265 0.6850754428317092
3.775661789955415e-06 22.205518546167717 0.30147130095575153 0.0225368258379867 0.6846026992342698
3.7663880491816926e-06 22.205453723245792 0.3013968024878568 0.02254425585224499 0.6846131154118189
3.7571099284279007e-06 22.205450149043813 0.3016075803639019 0.022530103282729565 0.6843722806372454
3.7477391645010703e-06 22.205446981532045 0.3008237915893458 0.022560832227263152 0.6851864531583065
3.7383874838127146e-06 22.20544572048153 0.3007640768128877 0.022542455185505662 0.6851588355470456
3.7290668575838276e-06 22.20543843152841 0.3011041692132481 0.02255103347646046 0.6848760436235867
3.7198353219849113e-06 22.20540178293505 0.30153672625563355 0.022524522952566697 0.6844197127295807
3.710630440308628e-06 22.20539246321524 0.30165165437193026 0.022545843530772054 0.6844746875161644
3.7014985689990283e-06 22.20532869229109 0.3017533586397161 0.02253213192747519 0.6843121368345078
3.6924117067507426e-06 22.20530718242551 0.3008608696363694 0.022540175491752155 0.684971594419844
3.6833153942077815e-06 22.205260675064494 0.3014002496162847 0.02254135755227442 0.6846921268654322
3.674270073542321e-06 22.205223624156904 0.30108439124984765 0.022556079359882887 0.6850223530923822
3.6652052715826577e-06 22.205199886252057 0.30073490476196046 0.022551897079337836 0.6851595378271245
3.656167499945e-06 22.205160301185643 0.3013797865943772 0.022527656780695706 0.6845854778606103
3.6471441938248164e-06 22.205140869109265 0.30170977872917276 0.02254297543128739 0.6844198321735119
3.638110256850338e-06 22.20511938870919 0.3004690309668077 0.022550586280805644 0.6853876905162335
3.6291712447751565e-06 22.205059994415308 0.3004906346729002 0.02254514787515561 0.6853331238883239
3.620262264471999e-06 22.205034073107726 0.30115262390236125 0.022524903547134458 0.6846813415249982
3.6113213739759725e-06 22.20500448145068 0.300913711230818 0.022534798731381606 0.6848989820038692
3.602367676814474e-06 22.20499794707349 0.30068259558875426 0.02255367091691527 0.6852941099081175
3.5934080411578137e-06 22.20498403428777 0.3011937958858672 0.022546878028139608 0.6847764788511412
3.5844897475385663e-06 22.204966884079983 0.30138135169907326 0.022527385991916924 0.6845126611979204
3.575611257074501e-06 22.204943105834435 0.30073149442366043 0.0225336421818754 0.6850842608971524
3.566806278185089e-06 22.204897084606063 0.3009155501882727 0.022561375216941917 0.6851317316463751
3.5579840136947724e-06 22.204895227479668 0.3005560007455035 0.022551467109854725 0.6853585512549748
3.5491036481998953e-06 22.204894262055397 0.30067233914899516 0.022560136402641463 0.6853027226867601
3.540309437865597e-06 22.20485627278911 0.3011750941123874 0.02254758585804193 0.6847960683566046
3.5315485571282965e-06 22.204848789525535 0.30158830703950984 0.022536956133810203 0.6845084505660501
3.522765000168707e-06 22.20483600051869 0.3009807895272298 0.022543171642096894 0.6849019933186005
3.5140808206736854e-06 22.204784408670832 0.30050047696715354 0.02254537381020763 0.6853167039333573
3.505486742133742e-06 22.20473244411312 0.30079143012822196 0.022559606185007516 0.685246417448641
3.4968453574196555e-06 22.2047199460031 0.30163684960832987 0.02253097560855689 0.6844151608579039
3.4881830727203968e-06 22.204692196472035 0.30080108226801605 0.022537142164745116 0.685002664715088
3.479563899431795e-06 22.204667269300895 0.3016914900647989 0.02253548523414223 0.6843591040045598
3.470937291708098e-06 22.204656092682896 0.3013885872714344 0.022541829487177745 0.684703225738059
3.4622935947851184e-06 22.20465340876874 0.30104903620023626 0.022558647022419043 0.6849982145471433
3.453657113580719e-06 22.204650536150154 0.3010986327378857 0.0225535934263314 0.6849065646410875
3.445051763238451e-06 22.20464230339269 0.30173782555177475 0.022536105259813047 0.6843426431123099
3.4365107043138167e-06 22.204614509902353 0.300536672118651 0.022554865962927814 0.6853860051141543
3.4280013870486376e-06 22.20460012904812 0.30095570064521054 0.022545620397432374 0.6849400063557665
3.419480980620271e-06 22.20459116220693 0.3009381645320005 0.022530779275919732 0.6849261460468996
3.4109629213295264e-06 22.204587839597 0.30078185993853707 0.022557023134316217 0.6852437680793861
3.402454394704463e-06 22.204585759023455 0.3015727938261009 0.02254968896526807 0.6845697109494393
3.3940009276156254e-06 22.204562515049417 0.30062670810992803 0.022556827293086522 0.6853438796024508
3.385636820958092e-06 22.204520070024923 0.30066947957149875 0.022543551296394005 0.6851496049503645
3.3772729802012958e-06 22.204508891038657 0.3005538382809513 0.022548215439068625 0.6853344280856034
3.368868410512579e-06 22.204502908879267 0.3008307876523528 0.02253035066099208 0.6849620186930675
3.360487059390905e-06 22.20449037593443 0.3004856110983969 0.022550331789506724 0.6853687216384011
3.3521402179712225e-06 22.20447626168057 0.3012856834930505 0.022533961903009478 0.6847165634324075
3.3439065103240523e-06 22.204408479790413 0.3016904836662007 0.022540248552256836 0.6844005872162635
3.3357350440575666e-06 22.204369187628526 0.30120077126847616 0.022552082115362308 0.6848211484747346
3.3275508519137565e-06 22.20432107369249 0.30079651483036496 0.022558142292224248 0.6851770072210585
3.3193727925881885e-06 22.204290200739294 0.3009936495196689 0.02254267926519683 0.6848898553213345
3.3111828586299164e-06 22.204261415951343 0.30143549284350557 0.0225464333161453 0.684695611069031
3.3030167313316077e-06 22.204228379889045 0.3015438286283405 0.022527638600147136 0.6844540549132345
3.294878950989052e-06 22.2041946293824 0.30148043336726915 0.022531170391915475 0.6845422710112584
3.28672833309286e-06 22.204181621230017 0.3012367351090777 0.022526130539852227 0.6846177405774884
3.278579997397874e-06 22.20415879458545 0.30135560754231805 0.02252912454651462 0.6845407501340913
3.2704387650653545e-06 22.204153812232924 0.301540906750173 0.02254945387258378 0.6845808762082808
3.2623343197612782e-06 22.204120843139897 0.30089087277886517 0.02253338721242714 0.684913205875247
3.254272350784289e-06 22.20410211433759 0.3008046550329001 0.022560413659959377 0.6852030206991129
3.246294896271434e-06 22.204029368236302 0.3011757691049869 0.022558287266049724 0.684913431331001
3.2383834391532934e-06 22.203981971070494 0.3013036276605279 0.022555518577427162 0.6848410641955759
3.230376970981365e-06 22.20398000062075 0.30171951615601783 0.02254010046363739 0.6844000089095288
3.222400157385234e-06 22.203926501224437 0.30155374220286174 0.02252928711544859 0.6844082749248271
3.2144400736228992e-06 22.203926391569958 0.30095238525120377 0.02256112814510635 0.6851140157212189
3.2064142372070417e-06 22.203926186391897 0.3014541001948895 0.022541935880142416 0.6846508893295145
3.1984621613395702e-06 22.203892500509667 0.30155489556224824 0.022542395353046907 0.6844987037103408
3.1905487248581887e-06 22.203880451930036 0.30119252538546337 0.022557789764079995 0.6848960822499903
3.182694986455744e-06 22.20382157187274 0.300932483513437 0.02256023522387518 0.6851066557364
3.174882624384711e-06 22.203795650934033 0.3005427974603951 0.022553609228398892 0.6853428087362694
3.1670491488197406e-06 22.203762230440788 0.30126115351524263 0.022524559275094766 0.6846129321468584
3.159209247485721e-06 22.203752628523816 0.3006907787645219 0.02253805101742404 0.6851569617971747
3.151340524942783e-06 22.203749832054772 0.30057821675109075 0.022541878686128045 0.6852257345171414
3.14351159172078e-06 22.203727400077987 0.30060339851412887 0.022550515586026807 0.6853195876313839
3.135759159645997e-06 22.203688231183165 0.3007231598501794 0.022535997270568407 0.6851142950084685
3.1280849687635247e-06 22.203628013455358 0.30055332302578297 0.022551110574190104 0.6853515194409043
3.1204628440280727e-06 22.20356752581311 0.3014345819838593 0.022534688523101695 0.6846084423074538
3.112796419371933e-06 22.203547718375173 0.3012083007476315 0.022557637809381338 0.6848863138256828
3.1050768123809068e-06 22.20353363326307 0.3015274944649852 0.022534698565843655 0.6844573758208206
3.097350679013139e-06 22.203530417108148 0.3005365008214684 0.022554407067258166 0.6853715209320685
3.0896400018335763e-06 22.20351878672917 0.3006731136926887 0.022542186525951555 0.6851412524437933
3.081968530709442e-06 22.2035026001712 0.3017202196880291 0.022535496188560718 0.6843693700788955
3.0743065434360187e-06 22.203497207006073 0.30137707949183873 0.02252519177964291 0.684546463188834
3.066659013545879e-06 22.203484029874023 0.30109857994959593 0.02255830822784971 0.6849654917147735
3.059044830570199e-06 22.203469287394938 0.30075590693340726 0.022535651181989157 0.685090900852638
3.0514333866480707e-06 22.203466721162123 0.30057039361444887 0.022541429221555928 0.685250561218714
3.043821633431936e-06 22.203464641119087 0.30146189642145144 0.022544427879173864 0.6846599272324225
3.0362672669785955e-06 22.20343679623236 0.30125683011654447 0.02253573372938209 0.684751301164334
3.0287488460809127e-06 22.203423375267068 0.3011638592830938 0.022545743160165277 0.6848985639331326
3.0212442406184187e-06 22.203398724278863 0.30169313309407086 0.022531238011365876 0.6843490225874755
3.0137548986601317e-06 22.203387528818556 0.30054610967351303 0.022547574044956244 0.6852901303200128
3.0062944290450833e-06 22.20335603608771 0.30148407030218427 0.022542364191607985 0.684544651474775
2.9988453299216747e-06 22.203349588688635 0.3006177479974929 0.022545499639332292 0.6852707921685156
2.991371012512661e-06 22.203347312192957 0.30070162692026114 0.022534980710492557 0.6850982512641391
2.9839544241827118e-06 22.20331467282656 0.30170131202742356 0.022535426530313887 0.6843623448618568
2.9766869117693374e-06 22.20322460290331 0.30082976958328217 0.022531802042692183 0.6849671008001549
2.9694136422468483e-06 22.20320777362198 0.30116808403596856 0.02255643011484336 0.6849517364210961
2.9621216261867253e-06 22.203142377821738 0.30154518515218914 0.02254969446057646 0.6845957496282364
2.9548680999795753e-06 22.20311162972847 0.30083293836905656 0.02255194809499697 0.6851768834263556
2.9475459314615512e-06 22.20310487638721 0.30117690385245705 0.02253641357930733 0.6848149271949513
2.9402818512663617e-06 22.203046973521303 0.3012564553760365 0.02252735737017356 0.6846100968023248
2.933047269964539e-06 22.203032325253822 0.3008907701054119 0.022532439363382485 0.6849700303014125
2.9258263962299784e-06 22.202977236271327 0.3005555150198361 0.022543098888965617 0.6852660604202506
2.9186429059957524e-06 22.20294916576016 0.3005738706521644 0.022554730876773142 0.6853317979490537
2.911439559884591e-06 22.20291984709438 0.30151820739317653 0.02252853104742506 0.6844325058661961
2.904238483023788e-06 22.202902471012074 0.30168045434855106 0.02253727604139104 0.684421891163396
2.8970151033810236e-06 22.202900859813358 0.30166246495802335 0.022532197160538704 0.6843944566870097
2.889787785756764e-06 22.20289865770171 0.3012538616753495 0.022556762944289085 0.6848501766772598
2.882592246634741e-06 22.202887522140077 0.3011500950619517 0.02253152104145692 0.6847058612383078
2.875412578880714e-06 22.20288675703974 0.3009833756521184 0.022555341778900104 0.6850875770319148
2.8682541698897228e-06 22.20287328156203 0.3011064782706798 0.022555902846129093 0.68499730878887
2.861151524004599e-06 22.202846008346285 0.30063832235012106 0.022538520308379394 0.6851812523096223
2.854074827339342e-06 22.202826687811637 0.30150598968673126 0.02254952640932124 0.6846068950466556
2.8469768596113935e-06 22.202826667588923 0.3015522425184258 0.02253774531720602 0.6845379891039588
2.839895233751301e-06 22.202808284308407 0.3008253517378627 0.022538480047600805 0.6850758327756734
2.832837327534327e-06 22.202803968100262 0.30131371920610106 0.022528441443135018 0.6846352334879487
2.8257896692937716e-06 22.202790760646785 0.30086734354912353 0.022541213909254062 0.6850728198408454
2.818756102030135e-06 22.20278890098911 0.30113185081299093 0.022548276677988546 0.6848373748342697
2.811764021620073e-06 22.202758650906098 0.3015203715147417 0.02252634634734948 0.6844373001867208
2.8048070168363386e-06 22.202744161150306 0.30135334279605575 0.022550668443770867 0.6847798594219883
2.797882409728151e-06 22.20270307128684 0.30152327693478487 0.022545613671602856 0.6846131795359587
2.7909581354085514e-06 22.20270060686341 0.30101281779244926 0.02253848536988345 0.6849489654622603
2.784004143398598e-06 22.20269319054042 0.30105154062285333 0.022558354505399607 0.6850015215844938
2.7771214308822455e-06 22.202651884690205 0.30165784394665196 0.02253294549640131 0.6843717838818413
2.770250728266326e-06 22.202648095225847 0.3008865177230094 0.022532206870336743 0.6849186606665019
2.7633528519251953e-06 22.20263877328892 0.30166501046245886 0.02254263193167198 0.6844570205854759
2.7564795571606534e-06 22.20262962403598 0.301396687108476 0.022549690583106328 0.6846724246220233
2.749646943823392e-06 22.202603160579027 0.30083655236304907 0.022536464280815485 0.6850478555767279
2.7428893351332535e-06 22.20255168373087 0.30141616045083836 0.02254019358630424 0.6846646947872023
2.736165231357616e-06 22.202512881881837 0.30113161632841695 0.022531929636407187 0.6848028745939944
2.7294517665778506e-06 22.202465701778856 0.3006357260386069 0.022538700297934908 0.6851746182080426
2.7227083326057306e-06 22.20246102649564 0.3006836210389309 0.02255020796400051 0.6852633086662151
2.7159365553475824e-06 22.20244700074973 0.300823671137932 0.022556714893571007 0.6851468504578615
2.70919576266757e-06 22.202431898761503 0.3005417229015768 0.02254865885488564 0.6853101535864272
2.702466723636632e-06 22.202421569435224 0.3008375058340517 0.02253285178946391 0.684964385645193
2.6957980786736657e-06 22.2023740746316 0.30063041402211665 0.022550721718007493 0.6852993749732174
2.689187240195245e-06 22.202333004198554 0.30089100815464137 0.022543813215101828 0.6849804059333391
2.6825390566529344e-06 22.202325451853184 0.30131730224224185 0.02252576629924932 0.684570233348446
2.6759303331842325e-06 22.202267187213632 0.3008557515443187 0.022542298731072316 0.6849971448865582
2.6694256618603585e-06 22.20219388636071 0.3007217412574003 0.022535295560201514 0.6850875609446718
2.662882318725391e-06 22.20217655325912 0.3013110676244114 0.02254384823836072 0.6846755154450427
2.656305761112379e-06 22.202140351048236 0.30058514036270434 0.02255487370985841 0.6853337827472271
2.6497334852222712e-06 22.202132058203084 0.30080612699416265 0.022532994072659164 0.6849975072689003
2.643137064675476e-06 22.202126443445255 0.3008045453975855 0.022534286023765556 0.6850397211133998
2.6365577907762763e-06 22.202117613755483 0.3014416392980367 0.022538361705615066 0.6845438837076202
2.6300233182506226e-06 22.202090396856846 0.30056390045283243 0.02254575148187824 0.6852932059189848
2.6234971298063555e-06 22.202087610761094 0.3011755396006336 0.022526213163419316 0.6846881707863687
2.616951619014844e-06 22.202087550403764 0.30097411449543016 0.022543629098327782 0.6850172933053802
2.6104438625917797e-06 22.202068363586136 0.3006098554807635 0.02255383258506929 0.6853273158882719
2.6039668998260467e-06 22.20205709437799 0.3009677427744077 0.022551211232914363 0.6849843907111004
2.597489068018782e-06 22.20205096349726 0.3005965764717062 0.022541897563165405 0.6852356278474186
2.5910345298226855e-06 22.202034165973984 0.3013476268631818 0.022550344695093517 0.6847806807398553
2.5845892656993525e-06 22.202033282644475 0.30116010525449877 0.022545439033969203 0.6848961156862885
2.5781923598664097e-06 22.201991422144623 0.3014261348246109 0.0225519248019154 0.684686821071368
2.5718230263891536e-06 22.201981421051926 0.30141815822955803 0.022544266506062626 0.6846078481050456
2.565429918935291e-06 22.2019703747437 0.300651701741134 0.022541096774358126 0.6851611288043633
2.5590456754192705e-06 22.2019658792272 0.30084662634523524 0.022531657592757527 0.6849672162055196
2.552680510775891e-06 22.20195234539582 0.30108105580972033 0.022539455556912544 0.6849073990108977
2.5463641784867676e-06 22.201921943057805 0.3010657298732202 0.022545223532060794 0.6849634959619522
2.5400649957810404e-06 22.201907224247893 0.30066474476184857 0.02254060465185598 0.6851471299534391
2.53383456908604e-06 22.20183486488356 0.3015993612533468 0.02252924591642492 0.6844067158490779
2.5276190854451123e-06 22.201820424480733 0.3006335266710381 0.022552264994359243 0.6853046503374068
2.5213427025720746e-06 22.201808478975618 0.3013467336929653 0.022539691082822385 0.6847127138361231
2.51507758664845e-06 22.201797484854755 0.30140861757045984 0.022526102528087597 0.6845128251759365
2.5088588183404722e-06 22.201761015013375 0.30154605926832967 0.022546905138939973 0.6845929101107155
2.5026430473166895e-06 22.201759925575224 0.3013008401453122 0.022526860192242048 0.6846186499061626
2.4964399091992706e-06 22.201725685398856 0.3012603713313867 0.022528639165816794 0.6846720969874005
2.4902528392412602e-06 22.201724051303696 0.3011504696058571 0.022558025067948892 0.6849447868212194
2.4840421624725886e-06 22.201721176188908 0.30167018230987075 0.022533739013978312 0.6843893118144702
2.4778548633821905e-06 22.20171318744337 0.3013495824674156 0.02253165845645986 0.6846397249173737
2.4717235297139566e-06 22.20167751027636 0.3014290703318001 0.022536058296984313 0.6845371139765464
2.4656816852669334e-06 22.20160925172343 0.3007397195307408 0.022546475349435994 0.685197311218018
2.465764029618122e-06 22.2016057863314 0.30141952919263526 0.022527393817869053 0.6845016133398005
2.4657709526793774e-06 22.20159870484784 0.30086538159317594 0.02255951370580121 0.685165882561255
2.465786843702777e-06 22.201587965515632 0.30149197214251705 0.022528119638955405 0.6844558702761045
2.465859376982471e-06 22.20153494290758 0.30082897390549224 0.02255634968127933 0.6851971974042235
2.465992348670304e-06 22.201475186445794 0.3005735964836327 0.02254873370585149 0.6852845220909706
2.466135865942176e-06 22.201413616895117 0.30111177547960705 0.022540061720675922 0.6847897330281452
2.466225892537394e-06 22.201397244194343 0.3010651756358944 0.022549797225882594 0.6849933659911751
2.466274876102757e-06 22.2013689613628 0.30161465803612053 0.022532408558821573 0.6844313671083443
2.466316225104146e-06 22.20135878011903 0.3013251758180231 0.02252613910879753 0.6845775838786979
2.4663400285816316e-06 22.201344725932163 0.3008139772242526 0.022559020105519783 0.6852048481411827
2.4663560599610124e-06 22.201340847264827 0.30088737950901034 0.022531166517313395 0.6849372178659936
2.466386183474292e-06 22.201315365911725 0.30145292149135444 0.022529385834116823 0.6844854247649031
2.4664585021638836e-06 22.201277271960777 0.3009386947968272 0.022531822159951125 0.684879799071038
2.466510003581163e-06 22.20126867154436 0.3015644387804317 0.022537932111820716 0.6844648339117324
2.466515674129463e-06 22.201267740878404 0.30082738547164334 0.022533326285746842 0.68500761367616
2.466515829852894e-06 22.201263612239742 0.3014926381183297 0.022549541548082783 0.6846257748540928
2.466557308888679e-06 22.201229174626796 0.3008334463094959 0.02254778618350819 0.6851437310387011
2.4666253424446585e-06 22.201203514821483 0.3006234486221051 0.02254177176621082 0.6851981566101539
2.4666668356224766e-06 22.201190597767923 0.3015526659148604 0.022530150788560955 0.6844602211088185
2.4667057362487707e-06 22.201167040701673 0.30162248989717044 0.022538077978081248 0.6844727826174409
2.4667332652613096e-06 22.201163343818415 0.3015256769326792 0.022528221409489055 0.6844547979349163
2.4667812405685425e-06 22.201123210063447 0.30109787125393594 0.022545867897247072 0.6849428318682723
2.466825122553469e-06 22.201122831740342 0.3013560999798668 0.02253592936230715 0.6845876087026493
2.4668370379283246e-06 22.201108615963555 0.30092255101794635 0.02255889679392095 0.6851115222111667
2.466901822765569e-06 22.20106537441817 0.3014647113074384 0.022548235187105786 0.6846688702223466
2.466961890040258e-06 22.201054983632407 0.30102906864675183 0.022540110042479987 0.6849476288836234
2.4669893128532837e-06 22.201038208548265 0.3008596773480176 0.02255867113527383 0.6851755317997646
2.4670142889145406e-06 22.20102980143493 0.3011780520087193 0.02254908986627757 0.6848165906342527
2.4670202392795133e-06 22.201028450550478 0.3009305710895931 0.022541151809015 0.6850248356332431
2.4670189930109716e-06 22.201025877737102 0.3006949537043222 0.022551511123744226 0.6852014258481586
2.467059864338551e-06 22.20099038282863 0.3014914667517604 0.022527702361883523 0.6844641689710382
2.4671012058779654e-06 22.200987428672462 0.30058937433660166 0.022546080328220378 0.685254345122688
2.4671182899077104e-06 22.200971599217777 0.30130587133106945 0.022526865848061503 0.684586221130001
2.4671578246279447e-06 22.200950445348617 0.3008749091800543 0.02254247300168793 0.6850736301443731
2.467181046349035e-06 22.20094784015047 0.3007745289663004 0.022538919299485028 0.6851059539627045
2.467188206491233e-06 22.20093970668004 0.3010662608905774 0.02255707544262703 0.6850227416790099
2.467198616181559e-06 22.200934467250732 0.30109257543598233 0.022546697347762486 0.6848562652730559
2.4672041249083187e-06 22.200930306697206 0.3014601647612446 0.022541592362964283 0.6845606520631667
2.467205581963219e-06 22.200928351690525 0.3016181177128893 0.022533188296827197 0.6844050965542771
2.4673156101213508e-06 22.200836183637765 0.3014899532336294 0.02253934253075462 0.6845946280171136
2.4674257678939385e-06 22.2008341230837 0.30075937708624617 0.022555030396541543 0.6852356626860328
2.4674374871976996e-06 22.200821749598557 0.3015500451537996 0.022545315253401817 0.6845438398812635
2.4674493303099593e-06 22.2008195886455 0.3011839458008516 0.02253318963647048 0.6846950966211047
2.467466606854986e-06 22.200802811206966 0.30149250958078944 0.022541187927229867 0.6845371153460392
2.467486473079541e-06 22.2007985511399 0.30089736683282303 0.02255559760560324 0.6851435792888192
2.46748974006529e-06 22.20079522819643 0.30142847504040793 0.022541178876123173 0.6846573658073531
2.467518739839614e-06 22.200770110899334 0.30073239327258194 0.02255753198812293 0.6852447738923902
2.467552052669286e-06 22.200763292047103 0.30114258852758746 0.022531131087905592 0.6847808713210964
2.4675842136061183e-06 22.200739108951804 0.30081591987483103 0.022535699386999352 0.6850444072879789
2.467621356446322e-06 22.200728252289927 0.30145127636198776 0.0225393129320668 0.6846252501171599
2.467655732433963e-06 22.200706312278907 0.30101632790046345 0.022530215740846682 0.6848519452707593
2.4677670322624504e-06 22.200633113068825 0.30059881431620294 0.022544393184606656 0.6852415457073697
2.467858568248189e-06 22.200627191330902 0.30118097038269803 0.022527980713253376 0.6846814695625323
2.4678846854927465e-06 22.200607011579443 0.3006716358012944 0.02254033890112751 0.6851759154638146
2.46791131355742e-06 22.20060067585967 0.3007809887927587 0.022557738143144573 0.6852056877966747
2.467957897062507e-06 22.200564324973257 0.3011327404564262 0.022530433986741413 0.6847225307822915
2.468044637722798e-06 22.200525447581423 0.3011743023663699 0.022537625013256256 0.6847295258501271
2.468098637940678e-06 22.200515629378014 0.3014539430687121 0.022544246937464017 0.6846561275273226
2.4681078137699517e-06 22.200513075804572 0.30082683390804604 0.022546558320869336 0.6851372086748514
2.4681354650974096e-06 22.200488286477682 0.3014561759179801 0.022529930737115216 0.6845341844687796
2.4682034965777115e-06 22.200453012471765 0.3012144338229379 0.02253548507906935 0.6846869460365845
2.46824151077742e-06 22.20045254678447 0.3008477219492005 0.022558507801849575 0.6851736846950689
2.4682450033101824e-06 22.200445246013633 0.3010356602951836 0.02252942866029614 0.6848019377727422
2.46828282034946e-06 22.200416967778693 0.30082150301917354 0.022552943030780752 0.6851823419000799
2.4683125606929813e-06 22.200416211322477 0.30128305174180803 0.022554399940853377 0.6848118658026268
2.4683408587976894e-06 22.200389102298704 0.30111403747568605 0.02255590421203913 0.6849808238059921
2.4683682332220237e-06 22.20038909409269 0.3010980311803729 0.02254615185762454 0.6848490810931179
2.4683756924384025e-06 22.200378121737668 0.3013777939700145 0.022552685031289953 0.6847401928642114
2.4683969293357085e-06 22.200366950182207 0.3007309553946297 0.02253913980724005 0.6851308374053895
2.468431210102123e-06 22.20034540941466 0.30115301160924257 0.022527664533935534 0.6847130745306704
2.4685122709214e-06 22.200296336711997 0.3007871370085935 0.022534814648543806 0.6850363169093164
2.4685709111873552e-06 22.20029296161728 0.3011943792288222 0.022532676092937187 0.6847594678100888
2.4685799384804983e-06 22.20028408579601 0.30060962869977037 0.022544984941146037 0.685233484505414
2.4686164659609706e-06 22.200258430820337 0.3012462019845451 0.022553807063285195 0.684868793572307
2.4686805212629387e-06 22.20022725346917 0.301512062363541 0.0225325528218542 0.6844662870733331
2.468716165622722e-06 22.200224616094687 0.3014178315652025 0.022534164253454593 0.6845369176499545
2.468720326183294e-06 22.200218945404995 0.30065090720966775 0.02255479216996075 0.6852886087427577
2.4687241094854654e-06 22.20021661364549 0.30093943491654795 0.022549661365277775 0.6850801433085741
2.4687400393010315e-06 22.200201102715532 0.3015054955199463 0.02254385847029695 0.6846090681300783
2.4687718627713474e-06 22.200185895118423 0.3016210731758814 0.022533209145181508 0.6844157545071008
2.468825091330596e-06 22.20015304424649 0.30144701777063543 0.022544027246984333 0.6846592511257652
2.468863841474854e-06 22.200149565794703 0.3012149295177313 0.02254398648099909 0.6847484378294683
2.468865045861593e-06 22.200147130851597 0.30063281210729 0.022552669747487833 0.6852731527635012
2.4689568180104535e-06 22.20007028713633 0.3012924509898235 0.02254326066643066 0.6847762980325947
2.469045866550157e-06 22.200070058033763 0.3015814029367684 0.02253946114745063 0.6845142495525225
2.4690619285938965e-06 22.200052338396283 0.3006015379829132 0.022550296339111753 0.6852955165037459
2.469080527778463e-06 22.200050054057403 0.3008816913675387 0.022542414443682567 0.6850660773453543
2.469089483957689e-06 22.200040145580346 0.30151331829677264 0.022532491212377357 0.6845135085787334
2.4691598967148355e-06 22.199988081793997 0.3013779850484768 0.022552336375958628 0.6847372175644434
2.4692311610410238e-06 22.19997748375334 0.30068963875900745 0.022540823056285537 0.6851691539782607
2.4692407146790275e-06 22.199975405146724 0.301509054404181 0.0225359297496387 0.6845487975826334
2.469250055486218e-06 22.19996497955635 0.30100497073115245 0.022553492430738706 0.6850537317933589
2.4692643441998486e-06 22.199958893304956 0.3013678804605928 0.022537149182201663 0.684591019580711
2.469271031711515e-06 22.199954624407724 0.30128623896129225 0.02254445599120494 0.6847890095486732
2.469291685217875e-06 22.199937226433597 0.3009375638125771 0.02255825186277342 0.6851069644235707
2.4693264363159725e-06 22.19992153931933 0.3015043312163644 0.02253143202960577 0.68446742804506
2.469350604852743e-06 22.199912712775237 0.3008303514614143 0.022542786826373996 0.6850271339364011
2.4693657823728506e-06 22.199904307897874 0.30061616027651317 0.022547812909885584 0.6852723176949274
2.4693797377429793e-06 22.199896471240034 0.30137503841812524 0.02253849473620741 0.6845958549136577
2.469401156675981e-06 22.199882021581995 0.30077541774383365 0.022540389323042715 0.6850574270807083
2.4694152901853734e-06 22.199880085471648 0.30074842595821216 0.022545318864995785 0.6851113112722362
2.4694168991765666e-06 22.199875779609823 0.30095984571585804 0.022557040478212616 0.6850619267211917
2.4694731305143713e-06 22.199829605369686 0.30100151948072373 0.02255038879647106 0.6850391361590844
2.469540720810969e-06 22.19981610011994 0.3015620489184404 0.022532636655634597 0.6844714776705243
2.469552970703463e-06 22.19981474545258 0.3006963579158942 0.022543435491193815 0.6851434376564508
2.469607678047786e-06 22.19976685649739 0.3006618712455499 0.022546546781498596 0.6852383245216185
2.4696787836845606e-06 22.199752221838164 0.30060132545810625 0.02254778159215643 0.6852683584434001
2.469732864102403e-06 22.199718122233207 0.3015260674616614 0.02254403151251498 0.6845892219535199
2.469785978709497e-06 22.199704270050635 0.3012070166384466 0.022530028846179394 0.6847184536566213
2.4697996679596725e-06 22.199702097237488 0.3013925818403267 0.022532120366375637 0.6845445416859801
2.4698266130354406e-06 22.19967751101553 0.30082957674332766 0.022534162362676535 0.6849949567549117
2.4698585550201488e-06 22.19967129176982 0.3013863781168756 0.022528077189066197 0.6845574708080527
2.4699021607242776e-06 22.199637261512624 0.300952803188106 0.0225433091876382 0.685023587304889
2.469960269998466e-06 22.19961929827894 0.3008607349729778 0.022553025819240475 0.6850894005386989
2.4699876177886194e-06 22.199610177279116 0.30066767923321414 0.02254702322110469 0.6851937690764889
2.4700318381578193e-06 22.199578552611236 0.3013647226538246 0.02252783239053896 0.6845563283038582
2.470076002170837e-06 22.19956947733681 0.30158898054424255 0.022542226325896288 0.684501812390381
2.470091362977294e-06 22.199561174942808 0.30064543642197794 0.02254277854565042 0.6852058699463325
2.470122995888907e-06 22.199538924607488 0.30077233060879893 0.022548361830056395 0.6851164813287605
2.470188595668355e-06 22.19950312087771 0.30079871750906934 0.022540017880259708 0.6850372620702602
2.4702274400931746e-06 22.19950253349717 0.301342809146315 0.022530794776433317 0.6845737175580153
2.4702336920743758e-06 22.199493118567865 0.30093456717634925 0.022550523887854716 0.6850868498249896
2.47024054944552e-06 22.19949204099226 0.30140424706259494 0.02255100655287248 0.6847045009751602
2.4702392212743853e-06 22.19948925342318 0.3013461467668639 0.022535902892657608 0.6845990310502759
2.470295245141757e-06 22.199441742410865 0.30134170372048286 0.02255273262813093 0.6847642208794201
2.47035554340487e-06 22.199435494077118 0.30109434109309907 0.022554372126180378 0.6849348323512173
2.4704713082320582e-06 22.199343082573638 0.3012588763468091 0.02252996708387283 0.6846316436362575
2.4705869661578777e-06 22.19933692068581 0.3015879005297409 0.022539245539887825 0.6844727898202081
2.4706042930581445e-06 22.199324114893084 0.30118751388889176 0.022553362794162306 0.6848606815686742
2.4706501752327775e-06 22.199294837427818 0.30126067301382764 0.022552599212238535 0.6848047421374065
2.470681528914491e-06 22.199293792555192 0.3007589907730113 0.022550060797963994 0.685142652585051
2.470701646960121e-06 22.19927361076516 0.30096685294153097 0.022556861714570636 0.6850584113863206
2.4707737274337188e-06 22.19923050403319 0.3009941847793363 0.022555462816937964 0.6850661274444516
2.470837368264054e-06 22.199217154426854 0.30153622206656455 0.022538926294207295 0.6844982424422217
2.4708845726033135e-06 22.199187353618353 0.301205127358589 0.022554838618587394 0.6848968498357091
2.470933777795944e-06 22.199172384785847 0.3009562160309332 0.022557223967027105 0.6850940269033559
2.470953240152943e-06 22.19916665868309 0.30150204111483797 0.022542230092251352 0.6845980002354374
2.471025312152507e-06 22.199109109017012 0.3006829415414682 0.02254862354236871 0.685238851928643
2.4711099465471e-06 22.199093215426913 0.3014790484391445 0.022547327956628838 0.684615828430584
2.471176624189835e-06 22.199050202041732 0.30095823623248585 0.022557151597564166 0.6850720120333914
2.4712354650563065e-06 22.19904065133558 0.30134963875123555 0.02253444204982634 0.6845890393407241
2.4712939227691336e-06 22.198997949924774 0.3008237485674762 0.022534924625971238 0.6850118810771515
2.4713834361485952e-06 22.19896326719917 0.30108889604704403 0.022551927010441425 0.684980479146966
2.4714475229209226e-06 22.198941144442095 0.30145622961852925 0.0225301725133119 0.6845272775196616
2.471492937225992e-06 22.198921573340584 0.3011256688875046 0.02253739999981702 0.6847680653516177
2.4715652640967324e-06 22.198877673655847 0.30094730603747694 0.02255624882837841 0.6850998410766718
2.4716657509815685e-06 22.198835317252943 0.3012442408184221 0.022554347872197067 0.6848480760698052
2.4717130981953744e-06 22.198834418156043 0.3010401354441208 0.022552165723410792 0.6849505781593312
2.4717366728689135e-06 22.19881129842278 0.3010879000261675 0.02255513284163427 0.6849522298276202
2.471782344153452e-06 22.198792520068263 0.30132853443281876 0.022548887259920204 0.6847209414678531
2.4718179649918147e-06 22.198777532969164 0.301192716245252 0.02255460615031216 0.6849049554249009
2.47187566431962e-06 22.1987408913927 0.3013700535215867 0.022545064164177335 0.6847233593633724
2.471921708167532e-06 22.198735334961423 0.300804152486554 0.022551234385137172 0.6851781363034207
2.4719819931609973e-06 22.198687172778488 0.3006958157316585 0.02255172402504468 0.6852480169406555
2.4720395026716486e-06 22.198683861771315 0.30090517188794175 0.022544558391099725 0.6849847414723974
2.4720380423326467e-06 22.198683410178724 0.30075668135766964 0.022550076041701114 0.6852017175968548
2.4720687704203045e-06 22.198654057467927 0.30101039900684756 0.02254007909943576 0.6849540883002417
2.4721096052252333e-06 22.198645429080393 0.3013135574294298 0.022552768455286906 0.6847872500171857
2.472121790186843e-06 22.198639255285734 0.3008630931791475 0.022556155614696375 0.685157044564819
2.4721753587922274e-06 22.198597147468224 0.3013053126370679 0.02255123983458871 0.6847638531402176
2.472283185151138e-06 22.19854708083325 0.30149565037169296 0.022535911411283145 0.6845536562437156
2.4724360761886353e-06 22.198468523247417 0.30122520366057576 0.022530405115573745 0.6847042121517446
2.472614596684547e-06 22.19839773193839 0.3007473481480112 0.02255373187691518 0.6851939591596616
2.4727937061247287e-06 22.19831870867707 0.30112571813136313 0.02255201759083338 0.6848907669282163
2.472899175764621e-06 22.198307482389126 0.3014980325197751 0.022545770591735546 0.6846110440297053
2.472932187304105e-06 22.19828706440376 0.3014609676386748 0.022547658716600437 0.68463727766518
2.472960669736756e-06 22.198279501151685 0.30148063851491647 0.022532128555199715 0.6844946765057303
2.472981772289952e-06 22.198265051914916 0.30137234890416226 0.02254502277343553 0.6847195446675948
2.4730731996485354e-06 22.198200616361273 0.300709284606744 0.022550663439599997 0.6852316168608918
2.4731603765250585e-06 22.198189604978182 0.3014923256115712 0.022541461413421685 0.6845969976371009
2.4731693242670708e-06 22.1981884341225 0.30132555676140943 0.02253392452290596 0.6846684433012561
2.4731795376393825e-06 22.198176399327476 0.30119685592561657 0.022554361268927903 0.6848959206697243
2.473189243792582e-06 22.19817563858612 0.30128771411741495 0.022544483396269972 0.6847077697621802
2.473198170656875e-06 22.198164234063196 0.3012671160340719 0.022531196879260036 0.6846824410487556
2.473225009166326e-06 22.198148988786315 0.3010019764319375 0.02255330925243397 0.6850482271556555
2.4732396811765845e-06 22.19814742287771 0.3014125719279619 0.022529947140567972 0.6845532005686643
2.4733410463566192e-06 22.198062076040934 0.3007245898712366 0.022543466473754083 0.6851275803865671
2.4734631846753677e-06 22.19804371281691 0.30088325885526357 0.02253491451054034 0.6849798246468297
2.4734867644649313e-06 22.19803806286192 0.30149309631332677 0.022536734885321853 0.6845604712461543
2.47349217082279e-06 22.19803439437783 0.30073001703522717 0.0225444316224332 0.6851287387055749
2.4734906496771795e-06 22.198034345831474 0.3007170728927765 0.022553633796774178 0.685234800317778
2.4734959339111945e-06 22.198025174710484 0.30119134011801807 0.022553847756262325 0.6849011750354932
2.473528705044928e-06 22.198002901219155 0.3015009403133201 0.022533113682989183 0.684488582486898
2.4735544883661325e-06 22.19799938018472 0.3008402403863749 0.02254242968583544 0.685023207115547
2.473628828854011e-06 22.197937847573456 0.30157479589495134 0.02253741970366595 0.6844860732318382
2.4736998846438447e-06 22.197936982009445 0.3009312166719679 0.022541828098328373 0.6849472754185819
2.4737147272747003e-06 22.197920899888825 0.3006756536131526 0.022548680439340052 0.6852348618181854
2.473784645160094e-06 22.197875507027817 0.3010150192481896 0.022549172014324107 0.6850161153981227
2.473860095047726e-06 22.197854953121606 0.30071067460682943 0.022541892093112012 0.6851546886186143
2.473907048553021e-06 22.19783259987866 0.301014023593508 0.022544296875056376 0.6849832933818429
2.4739841248502927e-06 22.197787695104157 0.30104152506927495 0.022531160727888026 0.6848173021296059
2.4740403255205267e-06 22.19778221847967 0.3008125062509934 0.02254104906209639 0.6850385394148285
2.4740431479307777e-06 22.19778046538652 0.3009405556719919 0.022533235000842505 0.6849036709381472
2.4740472830575445e-06 22.197773927582492 0.3008030953117835 0.02253730341292483 0.6850345531095133
2.4740512107661455e-06 22.197772342141306 0.30149515580096764 0.02253172705814204 0.6844930064980993
2.474088503363247e-06 22.197738832918475 0.3009398926518456 0.022556034618989907 0.685077936327911
2.4741452540490968e-06 22.197721518130493 0.30136912904180957 0.022529544578940276 0.6845700430038617
2.4741886489909e-06 22.19769880616096 0.3008150604714297 0.022552335032605286 0.6851722126184502
2.474213551415313e-06 22.197696439902245 0.3007173248875312 0.022552347076664935 0.6852305306202686
2.474227751617304e-06 22.197682379221483 0.30101151730459397 0.022550248159720527 0.6849561163362887
2.4742486938799274e-06 22.197674563113534 0.3013502557281791 0.02255062753238222 0.6847549969947544
2.474253107844059e-06 22.197673862775883 0.3009140502155648 0.022538139028002967 0.6849393732410172
2.4743393767703547e-06 22.197599883703937 0.30101574547686083 0.022534255345109874 0.6848403462016815
2.474486767596367e-06 22.197549781105987 0.3013975179532882 0.022546332372100616 0.6846567879972126
2.47455020711734e-06 22.19754365974512 0.3011747729022474 0.02254475318287478 0.684868761861482
2.4745641935115956e-06 22.19753352782765 0.3007362042208778 0.02254044079041372 0.6851210361077361
2.474614607199277e-06 22.197497965707974 0.3015016904761885 0.022544723484168323 0.6845942255574566
2.474654514409804e-06 22.197496325183913 0.30077245911407036 0.022548434585115018 0.6851251190817715
2.4746743824264686e-06 22.19747695930614 0.30136720391614535 0.022543373194282557 0.6846476336979153
2.474736302537766e-06 22.197441333518455 0.30081022955358794 0.0225405964383243 0.6850862879334811
2.474787711256235e-06 22.197430463042267 0.3008705039606637 0.022548738873214735 0.6851132380913368
2.4748392262888723e-06 22.197394752675127 0.30121609110680825 0.022542194097360028 0.6848189297644652
2.4749006395710515e-06 22.1973758835031 0.30143168694792516 0.022547886609758188 0.6846686100702807
2.4749205836859256e-06 22.197373685702473 0.3012031150666921 0.022543165594082846 0.684835768395895
2.4749492127547716e-06 22.197347798553658 0.3009221724672574 0.02255470448610829 0.6851058286328602
2.4750264991085533e-06 22.197306281982453 0.3007868935589299 0.02255430270894884 0.685178207447233
2.475087848349522e-06 22.197293273982737 0.30104565061971217 0.02255398956961931 0.6850136444309539
2.475098958617841e-06 22.197292354081515 0.30102832134182783 0.022554745649138827 0.684997043638751
2.47511203930565e-06 22.197277754002588 0.3009380843667986 0.022544034935895657 0.6850325874639303
2.4751848516877025e-06 22.197228569497767 0.30072024822137033 0.022547630572665813 0.6851650321603839
2.4752587566950864e-06 22.197213087068487 0.30150460452061323 0.022536595852213657 0.6845104717110894
2.47537084012428e-06 22.197133059341 0.3014812725141465 0.022537756984755308 0.6845322688958504
2.475469113235099e-06 22.19712873538566 0.3009583925908834 0.0225368471926857 0.6848993902670564
2.475478073867287e-06 22.197120868860804 0.3015484645844813 0.02253731411367657 0.6845038024089714
2.4754982904408076e-06 22.197107451007856 0.30079726322163475 0.02255334929919461 0.6851562975608319
2.475546229584216e-06 22.197077187417822 0.30154556493158113 0.022537140379000356 0.6845056300737122
2.4756163340698046e-06 22.197045862997314 0.3011276894817052 0.022539005421486145 0.6848570737161292
2.4756796957773907e-06 22.19702104798425 0.3013875572620122 0.02254494115851901 0.6846511119084663
2.475709759929835e-06 22.197016623974665 0.3010060313524364 0.02253258440723558 0.6848517790330058
2.475756678313528e-06 22.19697819421265 0.3011369979558336 0.022554050305473382 0.6849180153024759
2.475810396957614e-06 22.19696827673626 0.3014135982001901 0.02254750637059282 0.6846869965180034
2.475822163656501e-06 22.196963737232892 0.30085926632981635 0.02255512339016099 0.6851411557664634
2.475843221718787e-06 22.19694631422261 0.30139869574889877 0.022542720879979734 0.6846785624957417
2.475894555320726e-06 22.19691731843124 0.30144619067222417 0.022534789647915644 0.6845761607720752
2.4759322397078155e-06 22.196910921356505 0.30092791513424066 0.022535733798084195 0.6849585410405856
2.4759845463963044e-06 22.196870115190706 0.30104045720930217 0.02255412217728236 0.6849825167474908
2.4760452518834156e-06 22.196856934056093 0.3013226923570507 0.022549600178148495 0.6847748463557596
2.47608356867419e-06 22.19683421335051 0.30077574165074694 0.02254936476893587 0.6851338313485791
2.4761658448377896e-06 22.196785526591086 0.301298359501739 0.02255083788119007 0.6847968395345946
2.4762286835584273e-06 22.196778506095487 0.30089017958497755 0.022535875561864233 0.6849573316092901
2.4762351942971685e-06 22.19677531551954 0.301242137002023 0.022536309403861123 0.6846833995504471
2.4762467476008966e-06 22.19676422229962 0.30077322218075053 0.02254327718215815 0.6851304318805032
2.4762601475907537e-06 22.196759540173957 0.3014315986954628 0.02254309881886005 0.6846523213764684
2.476317185604762e-06 22.19671320285171 0.30095191843752733 0.02254761515082842 0.6849797716420831
2.4764310488730907e-06 22.196662627743624 0.3011374190583839 0.022534362851517616 0.684750204118836
2.476542065899719e-06 22.19661859272782 0.30079298263229887 0.022550287766482668 0.6851699892614189
2.4766222635369796e-06 22.196592909402153 0.30138282367781405 0.02254609976865924 0.684709044267942
2.4766763993465394e-06 22.19656992236157 0.30070071491521155 0.022546211417554283 0.6851834905470489
2.4766994559523642e-06 22.196569336961637 0.30074071772267236 0.022549709839573287 0.6851695134835534
2.476780805730219e-06 22.19649927901281 0.30070545813693283 0.02254673337281605 0.6851916736419433
2.4769091432491312e-06 22.19646075244645 0.3009163827165475 0.022535463101346014 0.6849573801042129
2.4769696399249124e-06 22.196445476827492 0.3007049120608758 0.022546112621557077 0.6851802173639643
2.476984990211772e-06 22.19644340404356 0.30144924356983105 0.022535458389659074 0.6845772856162269
2.4770115715315897e-06 22.19641906041991 0.300749644054113 0.02254830995705975 0.685149670897619
2.477097987714395e-06 22.196368676995455 0.3011896311911846 0.02255266359350673 0.6848688060199029
2.4771561164750837e-06 22.196367173066108 0.3009843643725245 0.022549684110490333 0.6849754673150759
2.477152911404374e-06 22.196366310385812 0.30131201282454895 0.02254805177720165 0.6847764769030453
2.4771527580084616e-06 22.196362342607546 0.3013902488739258 0.022543268928699615 0.6846366743603749
2.4772072017896278e-06 22.1963174002079 0.3010251753542727 0.02254253466715511 0.6848855816364376
2.4773011744456022e-06 22.19628151941624 0.30123565376530537 0.022547723327902947 0.6847794173307389
2.4773836167620066e-06 22.196245888367294 0.3015028748700145 0.022536328264268244 0.684518806771478
2.477435451861374e-06 22.19623471804395 0.3008005335240187 0.0225520065091234 0.6851439593874297
2.4775113230650006e-06 22.196179685209394 0.3012570073135666 0.022537263635435605 0.6847440336402052
2.477579882900778e-06 22.19617441716345 0.3010397587204282 0.02253981535635369 0.6848563360390284
2.4775882431952216e-06 22.196167981283942 0.30113870266301956 0.0225440919538697 0.6848147095814072
2.4776160823245084e-06 22.196146989385227 0.30144988521784977 0.022544669940298412 0.6846374616510288
2.4776390358673817e-06 22.196144497244944 0.3011245370964396 0.022553455096944536 0.6849415356688708
2.4776427717806684e-06 22.19613901839739 0.30080936910199363 0.022549151525543893 0.6851075976182579
2.4776920963026404e-06 22.196099726943945 0.3009988013803781 0.022534792228768138 0.6848984511397401
2.4777510578560446e-06 22.196086469182998 0.3010751256128242 0.02254088152647069 0.684907523391131
2.477783294362083e-06 22.196068750796055 0.30101994186837433 0.022542060273203074 0.6848869382137367
2.477805710931093e-06 22.196063419525117 0.30108765189861486 0.022552888857181836 0.6849386004437201
2.4778471629982694e-06 22.19603033695027 0.3012400456810518 0.0225463044530582 0.6848240172266433
2.4778941552847933e-06 22.196020533910662 0.3014080162410257 0.022544450390849367 0.6846759089652433
2.477955912691627e-06 22.195975535447765 0.3013315487574994 0.0225383440180725 0.6846373902939283
2.478083693816547e-06 22.195912446585517 0.30084640603680335 0.02254624938975629 0.6851058102649756
2.4781573933955315e-06 22.195911097910784 0.3009819753996877 0.022552642514912808 0.6850108422854447
2.478225647903664e-06 22.195852406861107 0.30137155129806986 0.02254814539871415 0.6847124802210767
2.478347628890922e-06 22.195807701075477 0.30096239632600014 0.02255197288182644 0.6850179916867856
2.478494739193134e-06 22.195728738009272 0.3009944487893363 0.022535014957104204 0.6848709843658726
2.478593370546797e-06 22.195723154192333 0.301209208527112 0.02255194351845254 0.6848530036762859
2.4786617809291595e-06 22.195668581205993 0.30077106699287504 0.02254385410238772 0.6851034798381542
2.4787664662196827e-06 22.1956337287946 0.300886200375135 0.02255286202189142 0.6851141294968554
2.478886300068836e-06 22.195566938283367 0.30083554019675596 0.02254240167014319 0.6850789191644747
2.4789802176133226e-06 22.195552997213575 0.30085238157218963 0.022548570520565425 0.6851162144285926
2.479035995187456e-06 22.19551698056752 0.30087041465439096 0.022550458666064935 0.6851149907853094
2.479128587223915e-06 22.195473340463742 0.3008772665070338 0.02254038988126499 0.6849916272895158
2.4791816850001684e-06 22.19546918634627 0.30127079287825037 0.022532830755093436 0.6846841893840003
2.479225121121089e-06 22.19543334193884 0.30144573506424194 0.022543848052727446 0.6846208308259788
2.4792662208353617e-06 22.195431072472225 0.30092424034598503 0.022540018312865173 0.6850002197722274
2.4793039539820982e-06 22.195397944865874 0.30092299837475 0.0225391768012095 0.6849476304936761
2.4793643885622612e-06 22.1953773629164 0.30096713376943307 0.022553503829399843 0.6850563091216241
2.479399358781491e-06 22.195364777173758 0.3010828505993626 0.0225450277787753 0.6848654296355762
2.479474980464724e-06 22.19531140556082 0.301243040432994 0.02253234483759316 0.6846963039097579
2.4796900198836418e-06 22.195186372898434 0.30103780800224483 0.02254054162136738 0.6849276936642826
2.47984413136896e-06 22.1951821468317 0.30115800283602234 0.022543356949914828 0.684798357087183
2.4798501182848304e-06 22.19517658474063 0.3014794939130544 0.022538027645120765 0.6845576071715627
2.479936460298718e-06 22.195107554483545 0.3011004148866356 0.022552133653842305 0.6849531818210486
2.4800245525546936e-06 22.195100580805516 0.301305511503834 0.022544444168607732 0.6847571224041777
2.4801126096798927e-06 22.195031583583518 0.3008357662146262 0.022546448513419283 0.685109593086547
2.480230207687019e-06 22.195000788837117 0.30113753458115555 0.022550946198389883 0.6849210170740201
2.4802825289329178e-06 22.194984432651214 0.30133901601257007 0.022535054024857584 0.6846174466958299
2.4803199644497806e-06 22.194965641945526 0.3008153947861776 0.02255016164903835 0.6851438088116231
2.48036271410786e-06 22.194945001151893 0.30078825660244934 0.022547838703070464 0.6851223413745415
2.4805831381664513e-06 22.194782959784945 0.3014321254719964 0.02253694371796869 0.684593729047435
2.480796153817082e-06 22.194768293985966 0.30127515946730643 0.022545274089754548 0.6847848552196869
2.480895336520354e-06 22.19469804038465 0.3012037511846226 0.022546360484167794 0.6847943542907191
2.4809770369572118e-06 22.194697468205906 0.3009084660516183 0.02255220713196878 0.6850709282616533
2.4809863497592087e-06 22.194685571088367 0.3013846343512251 0.022545818202831202 0.6846852006627093
2.481032193635121e-06 22.19465555049782 0.30112176833334425 0.02254545403091187 0.6848435704032723
2.4810740077046443e-06 22.194646902016355 0.30137700832892317 0.022534369778790385 0.6846122796594761
2.4811100240986804e-06 22.194621555718886 0.301379413601344 0.022545691673195832 0.6846934747778998
2.4811453402763203e-06 22.194613471731024 0.30109915757700323 0.022538564422763238 0.684864679726211
2.481173851617688e-06 22.194593611176405 0.3012308863240756 0.022549408944812752 0.6848377281306783
2.4812457082344717e-06 22.194550588968013 0.30099512994020283 0.022547926445284947 0.6849584809712247
2.481305066651357e-06 22.194540803034812 0.30132174215723584 0.022544047475465036 0.6847387131393305
2.481333719893053e-06 22.194522531188316 0.30109791025893484 0.022534423650454643 0.6847935252825333
2.481352375606183e-06 22.19452080345411 0.3014020257937301 0.02253641294275224 0.6845880954436028
2.48136634583366e-06 22.19450630836062 0.3008530786645026 0.022542163081956355 0.6850279572325776
2.481410037785701e-06 22.194480625007788 0.3014233508358857 0.022536205756723778 0.6845768121425049
2.481467429119956e-06 22.19445508891816 0.3013513346783199 0.022535253754754892 0.6846430422108356
2.481582473343193e-06 22.194382942389893 0.30083589804743577 0.022549271274623327 0.6850985266825885
2.4816861680925643e-06 22.194366554579627 0.30134023864442344 0.022543579322319946 0.6846809234042842
2.481747107636152e-06 22.194328868378854 0.3013041851306517 0.02254215435838433 0.6846915103345604
2.481823997535874e-06 22.19429962741242 0.30117502138683566 0.02254335150228159 0.684847602615624
2.4818725687245223e-06 22.1942847633268 0.3011309884854805 0.02255143108062669 0.6849195809642957
2.4819408250929336e-06 22.19423966080728 0.3013284384846673 0.02253774900868986 0.6846436673970988
2.4820160058883297e-06 22.194219217539896 0.30080913637860623 0.022544467980333112 0.6851021569941854
2.482043080733286e-06 22.194212879922283 0.30141760259278344 0.02253857733797492 0.684616321003522
2.482075349513974e-06 22.194188251903988 0.3008028379810803 0.022547876056170382 0.6851179732336828
2.4823474237275074e-06 22.193988705810728 0.3013102793449394 0.022546921756999776 0.6847385173222944
2.4826004941055154e-06 22.193979391138637 0.30114815290197966 0.02254863063668657 0.6848982668076576
2.482612966521294e-06 22.193973692726377 0.30094019007448103 0.022551643641978616 0.6850458843927829
2.482637116305142e-06 22.193954970898027 0.3012596061384334 0.02254530441265647 0.6847507027432576
2.482667491175135e-06 22.193944257633866 0.3008642193822486 0.022541143060360064 0.6850373232117359
2.482760825731478e-06 22.19387481902949 0.30101231475482093 0.02254735629707687 0.6849435671512418
2.482852273962429e-06 22.193865625530655 0.30107107700907787 0.02255063285748454 0.6849636735124052
2.482925407880936e-06 22.19381094355439 0.30136626725427196 0.02254261486076425 0.684660375733621
2.4830016851576344e-06 22.193799218295457 0.3009413897430673 0.022547314158919744 0.6850400830507204
2.4831057401882265e-06 22.19372216663986 0.3008381175981262 0.02254241107750432 0.685054049297269
2.483208660165201e-06 22.193711355965824 0.3010961293050888 0.02255126034838046 0.684932176181467
2.4832457314136055e-06 22.19368734294199 0.3008279419649255 0.022548510348199886 0.685111411180441
2.4832806648014784e-06 22.193678254208 0.30132229485668116 0.022546192224272663 0.6847264899622773
2.48330050307382e-06 22.193666398942074 0.3009171497629727 0.02254033440538151 0.6849690903396565
2.48335438560813e-06 22.193629892358587 0.3010726971562158 0.022539188104247997 0.6848845106501864
2.483501032859387e-06 22.19354333279323 0.30102809940392383 0.02254009637388521 0.6848779700267258
2.4836412963727073e-06 22.193511970357267 0.30133484178336845 0.02254573798200109 0.6847211902679113
2.483691020427344e-06 22.193498324353147 0.3013663716060073 0.022536931901329323 0.6846395482505008
2.4837176298753865e-06 22.19348557568307 0.3009536214173875 0.022541212390818223 0.6849825062732742
2.4837456993351365e-06 22.19347075421915 0.30089186727344214 0.022550149984392268 0.685081954359587
2.4837928799914317e-06 22.19344261705959 0.3009392527742355 0.02254581077723849 0.6850294686822024
2.4838708816297654e-06 22.193402979163636 0.3010958138948448 0.022549534831919585 0.6849382265625437
2.4839511921660547e-06 22.193372984399883 0.3008556138367474 0.02254273844971282 0.6850403363083556
2.483984957357046e-06 22.193370824470417 0.3009774330959903 0.022547546865968483 0.684974319545137
2.4840095250116865e-06 22.19334823575823 0.3008729082815024 0.02254121690881642 0.6850211637509955
2.4840384215872896e-06 22.19334259032869 0.300921818471133 0.022546198477808484 0.6850060735994165
2.4840434335051355e-06 22.193339232366206 0.30121774797938505 0.02253427489242453 0.684717007363858
2.484107229054442e-06 22.193286259187506 0.3008607407121387 0.022544840382105392 0.6850695320488688
2.4842230634496044e-06 22.193241005516345 0.30123336179395926 0.02254175135584215 0.6847410617349023
2.4843368728614376e-06 22.19318966699425 0.3010695803127334 0.02254128299048836 0.6848555913165388
2.484502462003882e-06 22.19310273566542 0.3013778582628197 0.022541046813313287 0.6846482646469855
2.4846118103861096e-06 22.193096673451233 0.30098263705706524 0.02253784783557874 0.68492233557654
2.484646680355287e-06 22.19306969798918 0.30123327618955825 0.022540948716960472 0.6847359232053531
2.484759965185536e-06 22.193000519139794 0.3013316590711438 0.022540868232512182 0.6846717288603485
2.484841998319395e-06 22.19299869917212 0.3013213191161783 0.02253770716029117 0.6846567985419703
2.485150813678496e-06 22.192747020758482 0.30125750381227007 0.022545917636141895 0.6847892859898754
2.4854734140891605e-06 22.19273410687379 0.3011100877818472 0.022541600858432032 0.6848749275489447
2.485528997937986e-06 22.192697323519575 0.30104586526016985 0.0225472115726786 0.68496019676942
2.485618799740058e-06 22.192656877296603 0.30093183840290716 0.022540233860879385 0.6849752024644319
2.4856821287663846e-06 22.192641396102612 0.3012807892368199 0.022542580994164063 0.6847515089463013
2.4858172671075783e-06 22.192543177557877 0.3009651080835429 0.022548915059729436 0.6850226736098408
2.485943929489627e-06 22.192534516372596 0.3009100903786537 0.02254633928676657 0.6850448633968929
2.486047981998025e-06 22.192454496114273 0.30102648113877906 0.02254717221880131 0.6849394898393506
2.486200979109664e-06 22.19240646212704 0.3009864263227768 0.022546794871930467 0.6849975174749545
2.486520253904394e-06 22.19219271292507 0.30109920150603886 0.022537021765538907 0.6848300639510745
2.486803498297425e-06 22.192173666239253 0.3010558088308578 0.02254290655532881 0.6848829320171264
2.486923620804057e-06 22.192091135056906 0.30128884756373137 0.022542060516096845 0.6847155855688145
2.487137714131972e-06 22.191996524669435 0.3011519938176264 0.022542925496697862 0.6848503702044951
2.487279944600565e-06 22.191971788863007 0.300994139176556 0.02254806559780353 0.6849786648382739
2.4873075783280445e-06 22.191969329982008 0.30125086951552044 0.02254407907650078 0.6847586332682009
2.4873089487649984e-06 22.19196571229679 0.30091215895944395 0.0225457730286157 0.6850277545528662
2.487330251371897e-06 22.19194722643122 0.301111934492154 0.02254147004400311 0.6848322343205562
2.4873945374282735e-06 22.19190904763957 0.30119194365652835 0.0225403236510922 0.6847672508134189
2.487515558676795e-06 22.191844946781817 0.3010626408678553 0.02253813443099096 0.6848626287388571
2.4877904014852685e-06 22.191683112019568 0.3012878725140656 0.022539450108206616 0.684709835416188
2.4880408535602996e-06 22.191638629778602 0.3009382808083724 0.022544253338503798 0.6849946618199477
2.4882005680766875e-06 22.191549755446008 0.3012471722021518 0.02254335461248561 0.6847586083546121
2.4883241004183645e-06 22.19153435915259 0.30118713504521333 0.022542535358114534 0.6847895952575718
2.488348648260071e-06 22.191525048380843 0.300953257011762 0.022544635748030527 0.6849948379094252
2.488391552737498e-06 22.19149489856861 0.3010036486246935 0.02254405828456029 0.6849371932352228
2.4885018489410374e-06 22.191431425523696 0.30127488237534805 0.022540175855584897 0.6847218472452907
2.4885854321575497e-06 22.191422746000423 0.3011612924189474 0.02253858014174712 0.6847847638651857
2.4887561464525436e-06 22.19128925928883 0.30103922626345514 0.022541066222001593 0.6848915426600193
2.4889578150794265e-06 22.191255706681194 0.30108891074543687 0.02254646718093144 0.6848982132124248
2.4890333891509837e-06 22.19122355463178 0.30125082947698933 0.02254172325083706 0.6847548963718146
2.4896258382963707e-06 22.190774786591717 0.3011776850949058 0.022540629330844292 0.6847928759777422
2.490293175464402e-06 22.19068250331042 0.3011098946861433 0.022541465494329765 0.6848468120958646
2.490429195216182e-06 22.190660566750907 0.30109537125718966 0.022541710736188016 0.6848598815842803
2.490504522124989e-06 22.19061703044948 0.30117170217703326 0.02254219556555803 0.6848120965035756
